"asset_id","status","file","width","height","template","full_generation_records","postprocess","sha256","qa"
"wk_reskin_P1_merchant_m-v1","candidate","assets/workers/wk_reskin_P1_merchant_m-v1.png","296","148","templates/masters/P1.png","[{""id"":""P1"",""tool"":""image_gen"",""mode"":""edit"",""model"":null,""seed"":null,""prompt"":""EDIT THE FIRST IMAGE, an approved game walk-cycle template sheet. Do not invent new poses or a new sheet layout. Precisely preserve its 4 columns x 2 rows, transparent gutters, every head center, hand position, foot contact, leg shape, body lean and opposite stride in each cell. This is a pixel-registered clothing-only reskin. The second image is clothing/color reference only, NOT a pose source. Keep original small painterly sprite detail and contact shadow. No labels, gridlines, ground, background, props, bags, purse, cane or baskets. Remove the old pouch from belt. Output transparent PNG sheet at exactly same 2:1 aspect ratio. Four directions left-to-right NE, SE, SW, NW and two original gait frames top/bottom MUST STAY EXACT. Do not redraw or reposition feet or hands. South England 1300-1450. Only change brown/yellow coat to deep woad blue merchant gown, broad light brown fur collar, and a brown brimmed wool felt hat matching portrait. Keep original hem length so original legs stay visible."",""referenceInputs"":[""/Users/rexxa/github/feudal-lord-simulator/output/astra-walker-pilot2-v1/templates/masters/P1.png"",""/Users/rexxa/github/feudal-lord-simulator/output/astra-walker-pilot2-v1/references/pt_pilot_P1-v1_128.png""],""nativePath"":""/Users/rexxa/Library/Application Support/orca/codex-accounts/54be5844-95fd-4c46-925c-75327ccd186a/home/generated_images/01a0d6ef-53b8-7ec0-a1fd-06703e0c62d8/exec-3573d1d6-1fd9-456c-9d7b-fb18487a640b.png""}]","records/reskin-P1.json","a2da7289cd03557a573f65c713405ab14eef5ccee86ffa0d874c6e3827449378","head estimates within2px but uncertainty; exact arm/hand pixels not certified; see SELF_QA.md"
"wk_reskin_P4_labour_m-v1","candidate","assets/workers/wk_reskin_P4_labour_m-v1.png","296","148","templates/masters/P4.png","[{""id"":""P4"",""tool"":""image_gen"",""mode"":""edit"",""model"":null,""seed"":null,""prompt"":""EDIT THE FIRST IMAGE, an approved game walk-cycle template sheet. Do not invent new poses or a new sheet layout. Precisely preserve its 4 columns x 2 rows, transparent gutters, every head center, hand position, foot contact, leg shape, body lean and opposite stride in each cell. This is a pixel-registered clothing-only reskin. The second image is clothing/color reference only, NOT a pose source. Keep original small painterly sprite detail and contact shadow. No labels, gridlines, ground, background, props, bags, purse, cane or baskets. Remove the old pouch from belt. Output transparent PNG sheet at exactly same 2:1 aspect ratio. Four directions left-to-right NE, SE, SW, NW and two original gait frames top/bottom MUST STAY EXACT. Do not redraw or reposition feet or hands. South England 1300-1450. Only recolor existing hood and short tunic to muted madder red matching portrait; retain hood construction, all folds/pose positions and grey-brown hose. No separate hat."",""referenceInputs"":[""/Users/rexxa/github/feudal-lord-simulator/output/astra-walker-pilot2-v1/templates/masters/P4.png"",""/Users/rexxa/github/feudal-lord-simulator/output/astra-walker-pilot2-v1/references/pt_pilot_P4-v1_128.png""],""nativePath"":""/Users/rexxa/Library/Application Support/orca/codex-accounts/54be5844-95fd-4c46-925c-75327ccd186a/home/generated_images/01a0d6ef-53b8-7ec0-a1fd-06703e0c62d8/exec-c569af04-9834-4d48-9a2f-3f00a288a606.png""}]","records/reskin-P4.json","ab0ddd1a4702bc58d6aeb075f29ca61640d3fb90ace5c38f24c7197481e760cb","head estimates within2px but uncertainty; exact arm/hand pixels not certified; see SELF_QA.md"
"wk_reskin_P5_labour_f-v1","candidate","assets/workers/wk_reskin_P5_labour_f-v1.png","296","148","templates/masters/P5.png","[{""id"":""P5"",""dir"":""NE"",""prompt"":""PRECISE INPUT IMAGE EDIT, not free generation. Image 1 is an approved two-cell walking sprite template, direction NE, top frame0 and bottom frame1. Image2 is clothing/head identity reference only. Edit ONLY clothes and head covering on Image1: Working woman P5: white close linen COIF (compact fitted hair cover), saturated muted WOAD BLUE kirtle, offwhite stained front apron. Match portrait blue/white identity. Preserve EXACT all original pixel positions, silhouette, body tilt, arm angles, bare hands, both visible brown shoes, gait phases, transparent margins and shadow. Do NOT change figure orientation or invent a walk cycle. Keep exact two vertically stacked 148x148 cells layout, total canvas148x296, or exact proportional upscale. Feet and head centers must stay at identical positions. Remove handheld and belt props; empty hands kept exactly original. Coat/dress fabric follows original folds/silhouette, same hem and shoe exposure. Transparent RGBA background. Medieval handpainted small game sprite, retain original soft-painted style and lighting. No extra persons, no text, no border. This is local wardrobe editing of both provided template cells, not drawing new figures."",""referenceInputs"":[""/Users/rexxa/github/feudal-lord-simulator/output/astra-walker-pilot2-v1/templates/P5_NE_pair.png"",""/Users/rexxa/github/feudal-lord-simulator/output/astra-walker-pilot2-v1/references/pt_pilot_P5-v1_128.png""],""sourcePath"":""sources/P5_NE.png"",""tool"":""image_gen"",""model"":null,""seed"":null,""method"":""edit referenced template pair""},{""id"":""P5"",""dir"":""NW"",""prompt"":""PRECISE INPUT IMAGE EDIT, not free generation. Image 1 is an approved two-cell walking sprite template, direction NW, top frame0 and bottom frame1. Image2 is clothing/head identity reference only. Edit ONLY clothes and head covering on Image1: Working woman P5: white close linen COIF (compact fitted hair cover), saturated muted WOAD BLUE kirtle, offwhite stained front apron. Match portrait blue/white identity. Preserve EXACT all original pixel positions, silhouette, body tilt, arm angles, bare hands, both visible brown shoes, gait phases, transparent margins and shadow. Do NOT change figure orientation or invent a walk cycle. Keep exact two vertically stacked 148x148 cells layout, total canvas148x296, or exact proportional upscale. Feet and head centers must stay at identical positions. Remove handheld and belt props; empty hands kept exactly original. Coat/dress fabric follows original folds/silhouette, same hem and shoe exposure. Transparent RGBA background. Medieval handpainted small game sprite, retain original soft-painted style and lighting. No extra persons, no text, no border. This is local wardrobe editing of both provided template cells, not drawing new figures."",""referenceInputs"":[""/Users/rexxa/github/feudal-lord-simulator/output/astra-walker-pilot2-v1/templates/P5_NW_pair.png"",""/Users/rexxa/github/feudal-lord-simulator/output/astra-walker-pilot2-v1/references/pt_pilot_P5-v1_128.png""],""sourcePath"":""sources/P5_NW.png"",""tool"":""image_gen"",""model"":null,""seed"":null,""method"":""edit referenced template pair""},{""prompt"":""LOCAL CLOTHING EDIT ONLY of input two-cell sprite pair. Add the missing narrow natural-linen apron shoulder straps, one over EACH shoulder, to both existing figures. The straps connect apron waist to shoulders and are the same offwhite color as apron. Keep everything else EXACTLY unchanged: fitted white coif, blue dress, apron, face, arms, hands, shoes, both walking poses, orientations, pixel silhouette and positions, transparent canvas. No new characters or free generation. Only add the two apron straps to this existing wardrobe."",""referenceInputs"":[""/Users/rexxa/github/feudal-lord-simulator/output/astra-walker-pilot2-v1/sources/P5_NW.png""],""sourcePath"":""sources/P5_NW_straps.png"",""tool"":""image_gen"",""model"":null,""seed"":null},{""id"":""P5"",""dir"":""SE"",""prompt"":""PRECISE INPUT IMAGE EDIT, not free generation. Image 1 is an approved two-cell walking sprite template, direction SE, top frame0 and bottom frame1. Image2 is clothing/head identity reference only. Edit ONLY clothes and head covering on Image1: Working woman P5: white close linen COIF (compact fitted hair cover), saturated muted WOAD BLUE kirtle, offwhite stained front apron. Match portrait blue/white identity. Preserve EXACT all original pixel positions, silhouette, body tilt, arm angles, bare hands, both visible brown shoes, gait phases, transparent margins and shadow. Do NOT change figure orientation or invent a walk cycle. Keep exact two vertically stacked 148x148 cells layout, total canvas148x296, or exact proportional upscale. Feet and head centers must stay at identical positions. Remove handheld and belt props; empty hands kept exactly original. Coat/dress fabric follows original folds/silhouette, same hem and shoe exposure. Transparent RGBA background. Medieval handpainted small game sprite, retain original soft-painted style and lighting. No extra persons, no text, no border. This is local wardrobe editing of both provided template cells, not drawing new figures."",""referenceInputs"":[""/Users/rexxa/github/feudal-lord-simulator/output/astra-walker-pilot2-v1/templates/P5_SE_pair.png"",""/Users/rexxa/github/feudal-lord-simulator/output/astra-walker-pilot2-v1/references/pt_pilot_P5-v1_128.png""],""sourcePath"":""sources/P5_SE.png"",""tool"":""image_gen"",""model"":null,""seed"":null,""method"":""edit referenced template pair""},{""id"":""P5"",""dir"":""SW"",""prompt"":""PRECISE INPUT IMAGE EDIT, not free generation. Image 1 is an approved two-cell walking sprite template, direction SW, top frame0 and bottom frame1. Image2 is clothing/head identity reference only. Edit ONLY clothes and head covering on Image1: Working woman P5: white close linen COIF (compact fitted hair cover), saturated muted WOAD BLUE kirtle, offwhite stained front apron. Match portrait blue/white identity. Preserve EXACT all original pixel positions, silhouette, body tilt, arm angles, bare hands, both visible brown shoes, gait phases, transparent margins and shadow. Do NOT change figure orientation or invent a walk cycle. Keep exact two vertically stacked 148x148 cells layout, total canvas148x296, or exact proportional upscale. Feet and head centers must stay at identical positions. Remove handheld and belt props; empty hands kept exactly original. Coat/dress fabric follows original folds/silhouette, same hem and shoe exposure. Transparent RGBA background. Medieval handpainted small game sprite, retain original soft-painted style and lighting. No extra persons, no text, no border. This is local wardrobe editing of both provided template cells, not drawing new figures."",""referenceInputs"":[""/Users/rexxa/github/feudal-lord-simulator/output/astra-walker-pilot2-v1/templates/P5_SW_pair.png"",""/Users/rexxa/github/feudal-lord-simulator/output/astra-walker-pilot2-v1/references/pt_pilot_P5-v1_128.png""],""sourcePath"":""sources/P5_SW.png"",""tool"":""image_gen"",""model"":null,""seed"":null,""method"":""edit referenced template pair""},{""prompt"":""LOCAL CLOTHING EDIT ONLY of input two-cell sprite pair. Add the missing narrow natural-linen apron shoulder straps, one over EACH shoulder, to both existing figures. The straps connect apron waist to shoulders and are the same offwhite color as apron. Keep everything else EXACTLY unchanged: fitted white coif, blue dress, apron, face, arms, hands, shoes, both walking poses, orientations, pixel silhouette and positions, transparent canvas. No new characters or free generation. Only add the two apron straps to this existing wardrobe."",""referenceInputs"":[""/Users/rexxa/github/feudal-lord-simulator/output/astra-walker-pilot2-v1/sources/P5_SW.png""],""sourcePath"":""sources/P5_SW_straps.png"",""tool"":""image_gen"",""model"":null,""seed"":null}]","records/reskin-P5.json","13d1db89dcedcdda9265e1c262de214f9adaf2cd85754e86af39dd9eca4a7da8","head estimates within2px but uncertainty; exact arm/hand pixels not certified; see SELF_QA.md"
"wk_reskin_P6_widow_f-v1","candidate","assets/workers/wk_reskin_P6_widow_f-v1.png","296","148","templates/masters/P6.png","[{""id"":""P6"",""dir"":""NE"",""prompt"":""PRECISE INPUT IMAGE EDIT, not free generation. Image 1 is an approved two-cell walking sprite template, direction NE, top frame0 and bottom frame1. Image2 is clothing/head identity reference only. Edit ONLY clothes and head covering on Image1: Older widow P6: linen WIMPLE covering neck and chin with draping pale VEIL, grey-blue gown. Old face. NO APRON, NO BELT POUCH. Match portrait grey-blue and old widow identity. Preserve EXACT all original pixel positions, silhouette, body tilt, arm angles, bare hands, both visible brown shoes, gait phases, transparent margins and shadow. Do NOT change figure orientation or invent a walk cycle. Keep exact two vertically stacked 148x148 cells layout, total canvas148x296, or exact proportional upscale. Feet and head centers must stay at identical positions. Remove handheld and belt props; empty hands kept exactly original. Coat/dress fabric follows original folds/silhouette, same hem and shoe exposure. Transparent RGBA background. Medieval handpainted small game sprite, retain original soft-painted style and lighting. No extra persons, no text, no border. This is local wardrobe editing of both provided template cells, not drawing new figures."",""referenceInputs"":[""/Users/rexxa/github/feudal-lord-simulator/output/astra-walker-pilot2-v1/templates/P6_NE_pair.png"",""/Users/rexxa/github/feudal-lord-simulator/output/astra-walker-pilot2-v1/references/pt_pilot_P6-v1_128.png""],""sourcePath"":""sources/P6_NE.png"",""tool"":""image_gen"",""model"":null,""seed"":null,""method"":""edit referenced template pair""},{""id"":""P6"",""dir"":""NW"",""prompt"":""PRECISE INPUT IMAGE EDIT, not free generation. Image 1 is an approved two-cell walking sprite template, direction NW, top frame0 and bottom frame1. Image2 is clothing/head identity reference only. Edit ONLY clothes and head covering on Image1: Older widow P6: linen WIMPLE covering neck and chin with draping pale VEIL, grey-blue gown. Old face. NO APRON, NO BELT POUCH. Match portrait grey-blue and old widow identity. Preserve EXACT all original pixel positions, silhouette, body tilt, arm angles, bare hands, both visible brown shoes, gait phases, transparent margins and shadow. Do NOT change figure orientation or invent a walk cycle. Keep exact two vertically stacked 148x148 cells layout, total canvas148x296, or exact proportional upscale. Feet and head centers must stay at identical positions. Remove handheld and belt props; empty hands kept exactly original. Coat/dress fabric follows original folds/silhouette, same hem and shoe exposure. Transparent RGBA background. Medieval handpainted small game sprite, retain original soft-painted style and lighting. No extra persons, no text, no border. This is local wardrobe editing of both provided template cells, not drawing new figures."",""referenceInputs"":[""/Users/rexxa/github/feudal-lord-simulator/output/astra-walker-pilot2-v1/templates/P6_NW_pair.png"",""/Users/rexxa/github/feudal-lord-simulator/output/astra-walker-pilot2-v1/references/pt_pilot_P6-v1_128.png""],""sourcePath"":""sources/P6_NW.png"",""tool"":""image_gen"",""model"":null,""seed"":null,""method"":""edit referenced template pair""},{""id"":""P6"",""dir"":""SE"",""prompt"":""PRECISE INPUT IMAGE EDIT, not free generation. Image 1 is an approved two-cell walking sprite template, direction SE, top frame0 and bottom frame1. Image2 is clothing/head identity reference only. Edit ONLY clothes and head covering on Image1: Older widow P6: linen WIMPLE covering neck and chin with draping pale VEIL, grey-blue gown. Old face. NO APRON, NO BELT POUCH. Match portrait grey-blue and old widow identity. Preserve EXACT all original pixel positions, silhouette, body tilt, arm angles, bare hands, both visible brown shoes, gait phases, transparent margins and shadow. Do NOT change figure orientation or invent a walk cycle. Keep exact two vertically stacked 148x148 cells layout, total canvas148x296, or exact proportional upscale. Feet and head centers must stay at identical positions. Remove handheld and belt props; empty hands kept exactly original. Coat/dress fabric follows original folds/silhouette, same hem and shoe exposure. Transparent RGBA background. Medieval handpainted small game sprite, retain original soft-painted style and lighting. No extra persons, no text, no border. This is local wardrobe editing of both provided template cells, not drawing new figures."",""referenceInputs"":[""/Users/rexxa/github/feudal-lord-simulator/output/astra-walker-pilot2-v1/templates/P6_SE_pair.png"",""/Users/rexxa/github/feudal-lord-simulator/output/astra-walker-pilot2-v1/references/pt_pilot_P6-v1_128.png""],""sourcePath"":""sources/P6_SE.png"",""tool"":""image_gen"",""model"":null,""seed"":null,""method"":""edit referenced template pair""},{""prompt"":""Precise localized EDIT of the attached sprite pair. Keep both existing figures pixel-for-pixel unchanged EXCEPT the skirt front. Remove the rectangular separate apron panel completely: erase its horizontal lower hem and side border by continuing the same grey-blue gown folds all the way to the existing dress bottom hem. There must be ONE continuous skirt, no second short panel or apron. Preserve exact faces, wimple/veil, arms, hands, shoes, torso, all silhouette, positions, two vertical cells and transparent background. Do not generate new poses or new sprites. Only edit clothing fabric inside existing skirt to remove rectangular apron silhouette."",""referenceInputs"":[""/Users/rexxa/github/feudal-lord-simulator/output/astra-walker-pilot2-v1/sources/P6_SE.png""],""sourcePath"":""sources/P6_SE_no-apron.png"",""tool"":""image_gen"",""model"":null,""seed"":null},{""id"":""P6"",""dir"":""SW"",""prompt"":""PRECISE INPUT IMAGE EDIT, not free generation. Image 1 is an approved two-cell walking sprite template, direction SW, top frame0 and bottom frame1. Image2 is clothing/head identity reference only. Edit ONLY clothes and head covering on Image1: Older widow P6: linen WIMPLE covering neck and chin with draping pale VEIL, grey-blue gown. Old face. NO APRON, NO BELT POUCH. Match portrait grey-blue and old widow identity. Preserve EXACT all original pixel positions, silhouette, body tilt, arm angles, bare hands, both visible brown shoes, gait phases, transparent margins and shadow. Do NOT change figure orientation or invent a walk cycle. Keep exact two vertically stacked 148x148 cells layout, total canvas148x296, or exact proportional upscale. Feet and head centers must stay at identical positions. Remove handheld and belt props; empty hands kept exactly original. Coat/dress fabric follows original folds/silhouette, same hem and shoe exposure. Transparent RGBA background. Medieval handpainted small game sprite, retain original soft-painted style and lighting. No extra persons, no text, no border. This is local wardrobe editing of both provided template cells, not drawing new figures."",""referenceInputs"":[""/Users/rexxa/github/feudal-lord-simulator/output/astra-walker-pilot2-v1/templates/P6_SW_pair.png"",""/Users/rexxa/github/feudal-lord-simulator/output/astra-walker-pilot2-v1/references/pt_pilot_P6-v1_128.png""],""sourcePath"":""sources/P6_SW.png"",""tool"":""image_gen"",""model"":null,""seed"":null,""method"":""edit referenced template pair""},{""prompt"":""Precise localized EDIT of the attached sprite pair. Keep both existing figures pixel-for-pixel unchanged EXCEPT the skirt front. Remove the rectangular separate apron panel completely: erase its horizontal lower hem and side border by continuing the same grey-blue gown folds all the way to the existing dress bottom hem. There must be ONE continuous skirt, no second short panel or apron. Preserve exact faces, wimple/veil, arms, hands, shoes, torso, all silhouette, positions, two vertical cells and transparent background. Do not generate new poses or new sprites. Only edit clothing fabric inside existing skirt to remove rectangular apron silhouette."",""referenceInputs"":[""/Users/rexxa/github/feudal-lord-simulator/output/astra-walker-pilot2-v1/sources/P6_SW.png""],""sourcePath"":""sources/P6_SW_no-apron.png"",""tool"":""image_gen"",""model"":null,""seed"":null}]","records/reskin-P6.json","ea509af5d0c082fd7e255ccfb6bce823c34cb5f632d45b3a7f9822aa15c87a79","head estimates within2px but uncertainty; exact arm/hand pixels not certified; see SELF_QA.md"
"held_purse_NE-v1","candidate","assets/props/held_purse_NE-v1.png","32","32","separate prop; no human template","[{""id"":""prop/held_purse-v1_NE"",""prompt"":""Edit this same leather purse into its BACK-RIGHT (NE) view. Rotate object to see other side of back panel, plain leather backside and stitched beltloop visible; NO front flap/no closure tab. Preserve exact size,design,material, upperleftlight, transparent background. Not mirror: real3Dturn. ONE isolated smallpurse, nohuman, nohand, no groundshadow, no text, transparentRGBA. Readable at32pixels."",""references"":[""/Users/rexxa/github/feudal-lord-simulator/output/astra-walker-pilot2-v1/sources/held_purse_NW-v1.png""],""source"":""/Users/rexxa/Library/Application Support/orca/codex-accounts/54be5844-95fd-4c46-925c-75327ccd186a/home/generated_images/01a0bfce-1c2e-7111-9a4a-0cbb7435d757/exec-9732e142-03af-41c2-ab00-7e88c75440fe.png"",""tool"":""image_gen"",""model"":null,""seed"":null},{""id"":""prop/held_purse-v1_NE"",""prompt"":""Create ONE isolated detachable held-object sprite, not a person. This is the separate prop component explicitly requested beside TEMPLATE-EDITED walkers. Match attached project citizen small painterly sprite art and mutedmaterials, southernEngland1300–1450, fixed2:1isometric elevatedcamera, upperleftsoftlight. small supple brown leather belt purse, closed flap, single plain strap loop atTOP. No metalzip, no coins, no text. Attachment anchor top leather loop center. Direction NE: seen from BACK-RIGHT, facing upperright in isometric map. Genuine transparent RGBA, contact/shadow NONE because object is carried. No grid, no ground, no text, no anchor mark burnedintoart. Single centeredobject with12%margin. Readable broadshapes at final32x32 pixels, no photoreal tinytexture. Do not copy any human part fromreference. Oneviewonly."",""references"":[""/Users/rexxa/github/feudal-lord-simulator/output/astra-walker-pilot2-v1/references/actor_merchant-v1.png""],""source"":""/Users/rexxa/Library/Application Support/orca/codex-accounts/54be5844-95fd-4c46-925c-75327ccd186a/home/generated_images/01a0bfce-1c2e-7111-9a4a-0cbb7435d757/exec-66c8035e-d5fe-45a6-a29c-bc5a10967d94.png"",""tool"":""image_gen"",""model"":null,""seed"":null,""rejected"":true}]","{""kind"":""purse"",""direction"":""NE"",""file"":""assets/props/held_purse_NE-v1.png"",""size"":[32,32],""anchor"":[14.57,10.12],""anchorMeaning"":""top handle/loop"",""anchorMethod"":""visible attachment row alpha centroid, candidate for runtime calibration"",""source"":""sources/held_purse_NE-v1.png"",""crop"":{""x"":388,""y"":353,""w"":511,""h"":561},""uniformScale"":0.024955436720142603,""sha256"":""44ad2ec1bc716e5e10966ad1f86d3100bc269d495d7e3e5ec6ce0717faf67d4e""}","44ad2ec1bc716e5e10966ad1f86d3100bc269d495d7e3e5ec6ce0717faf67d4e","separate transparent prop; anchor in prop-anchors.json; no runtime attachment validation"
"held_purse_SE-v1","candidate","assets/props/held_purse_SE-v1.png","32","32","separate prop; no human template","[{""id"":""prop/held_purse-v1_SE"",""prompt"":""Edit the provided isolated prop to its SE view, keeping exactly same design,material,scale and small painterly style. small supple brown leather belt purse, closed flap, single plain strap loop atTOP. No metalzip, no coins, no text. Attachment anchor top leather loop center. View from FRONT-RIGHT at fixed isometric elevated camera. Object FRONT faces camera; show front flap forpurse; basket handle samearchedstrap, rimtiltconsistent. Turn the object in3D, do not mirror wholepicture. No human,no hand,no background,no shadow,no labels. True transparentRGBA. ONE singleobject only withpadding, final32x32target. Keep counterpart design consistent with reference; light staysupperleft."",""references"":[""/Users/rexxa/github/feudal-lord-simulator/output/astra-walker-pilot2-v1/sources/held_purse_NE-v1.png""],""source"":""/Users/rexxa/Library/Application Support/orca/codex-accounts/54be5844-95fd-4c46-925c-75327ccd186a/home/generated_images/01a0bfce-1c2e-7111-9a4a-0cbb7435d757/exec-b9bfe018-eb4b-42c4-85fc-32ee73aba0ed.png"",""tool"":""image_gen"",""model"":null,""seed"":null}]","{""kind"":""purse"",""direction"":""SE"",""file"":""assets/props/held_purse_SE-v1.png"",""size"":[32,32],""anchor"":[16.77,10.12],""anchorMeaning"":""top handle/loop"",""anchorMethod"":""visible attachment row alpha centroid, candidate for runtime calibration"",""source"":""sources/held_purse_SE-v1.png"",""crop"":{""x"":474,""y"":418,""w"":329,""h"":419},""uniformScale"":0.03341288782816229,""sha256"":""ece6789eeca0bb90f9c894404f0340df5d9eab9b1d9e869d2e4daac6a0997920""}","ece6789eeca0bb90f9c894404f0340df5d9eab9b1d9e869d2e4daac6a0997920","separate transparent prop; anchor in prop-anchors.json; no runtime attachment validation"
"held_purse_SW-v1","candidate","assets/props/held_purse_SW-v1.png","32","32","separate prop; no human template","[{""id"":""prop/held_purse-v1_SW"",""prompt"":""Edit this same prop into the FRONT-LEFT (SW) view. Preserve exactly the object's design and materials: small supple brown leather belt purse, closed flap, single plain strap loop atTOP. No metalzip, no coins, no text. Attachment anchor top leather loop center. Fixed elevated isometric game camera, upper-left lighting stays fixed. Rotate the object in 3D, do not mirror the image. Show left side instead of right; purse front flap visible. One isolated object, true transparent background, no person or hand or text, no shadow. Readable at 32x32 pixels."",""references"":[""/Users/rexxa/github/feudal-lord-simulator/output/astra-walker-pilot2-v1/sources/held_purse_SE-v1.png""],""source"":""/Users/rexxa/Library/Application Support/orca/codex-accounts/54be5844-95fd-4c46-925c-75327ccd186a/home/generated_images/01a0bfce-1c2e-7111-9a4a-0cbb7435d757/exec-b4cbe70c-323a-4afe-bfe9-76a5ce9c2bcd.png"",""tool"":""image_gen"",""model"":null,""seed"":null}]","{""kind"":""purse"",""direction"":""SW"",""file"":""assets/props/held_purse_SW-v1.png"",""size"":[32,32],""anchor"":[14.64,10.12],""anchorMeaning"":""top handle/loop"",""anchorMethod"":""visible attachment row alpha centroid, candidate for runtime calibration"",""source"":""sources/held_purse_SW-v1.png"",""crop"":{""x"":438,""y"":376,""w"":379,""h"":481},""uniformScale"":0.029106029106029108,""sha256"":""0b1c7502e90cd8f3759b73e5a14532f9e4edade1c98a7d2b090896bec8b2202f""}","0b1c7502e90cd8f3759b73e5a14532f9e4edade1c98a7d2b090896bec8b2202f","separate transparent prop; anchor in prop-anchors.json; no runtime attachment validation"
"held_purse_NW-v1","candidate","assets/props/held_purse_NW-v1.png","32","32","separate prop; no human template","[{""id"":""prop/held_purse-v1_NW"",""prompt"":""Edit this same prop into its BACK-LEFT (NW) view. Preserve exact design/material: small supple brown leather belt purse, closed flap, single plain strap loop atTOP. No metalzip, no coins, no text. Attachment anchor top leather loop center. Rotate object in 3D so its BACK is visible. For purse: plain back leather panel and belt-loop stitching, absolutely NO front flap or front closure tab visible. Basket handle remains same arched handle, opposite back weave visible. Fixed elevated isometric game camera, upper-left light staysfixed. Do not mirror image. No human, hand, ground, shadow, labels. True transparent RGBA. ONE isolated object with padding; readable at32x32."",""references"":[""/Users/rexxa/github/feudal-lord-simulator/output/astra-walker-pilot2-v1/sources/held_purse_SW-v1.png""],""source"":""/Users/rexxa/Library/Application Support/orca/codex-accounts/54be5844-95fd-4c46-925c-75327ccd186a/home/generated_images/01a0bfce-1c2e-7111-9a4a-0cbb7435d757/exec-24edbfb0-4d28-437b-9936-1d7db93d6af7.png"",""tool"":""image_gen"",""model"":null,""seed"":null}]","{""kind"":""purse"",""direction"":""NW"",""file"":""assets/props/held_purse_NW-v1.png"",""size"":[32,32],""anchor"":[16.6,10.12],""anchorMeaning"":""top handle/loop"",""anchorMethod"":""visible attachment row alpha centroid, candidate for runtime calibration"",""source"":""sources/held_purse_NW-v1.png"",""crop"":{""x"":418,""y"":354,""w"":467,""h"":539},""uniformScale"":0.025974025974025976,""sha256"":""f5cdd925dc94aac357425aa1d11d2c8d730137dbf77ade8a8d199860077f81a4""}","f5cdd925dc94aac357425aa1d11d2c8d730137dbf77ade8a8d199860077f81a4","separate transparent prop; anchor in prop-anchors.json; no runtime attachment validation"
"held_sack_NE-v1","candidate","assets/props/held_sack_NE-v1.png","32","32","separate prop; no human template","[{""id"":""prop/held_sack-v1_NE"",""prompt"":""Create ONE isolated detachable held-object sprite, not a person. This is the separate prop component explicitly requested beside TEMPLATE-EDITED walkers. Match attached project citizen small painterly sprite art and mutedmaterials, southernEngland1300–1450, fixed2:1isometric elevatedcamera, upperleftsoftlight. small gathered linen grain sack of muted flax beige, tied neck, bulgingsoftbody. Attachment anchor knot/neck atTOP. No hand, no loosegrain, no rope extendingaway. Direction NE: seen from BACK-RIGHT, facing upperright in isometric map. Genuine transparent RGBA, contact/shadow NONE because object is carried. No grid, no ground, no text, no anchor mark burnedintoart. Single centeredobject with12%margin. Readable broadshapes at final32x32 pixels, no photoreal tinytexture. Do not copy any human part fromreference. Oneviewonly."",""references"":[""/Users/rexxa/github/feudal-lord-simulator/output/astra-walker-pilot2-v1/references/actor_merchant-v1.png""],""source"":""/Users/rexxa/Library/Application Support/orca/codex-accounts/54be5844-95fd-4c46-925c-75327ccd186a/home/generated_images/01a0bfce-1c2e-7111-9a4a-0cbb7435d757/exec-03e25a51-d86e-4bad-9886-d4b7f74d8efe.png"",""tool"":""image_gen"",""model"":null,""seed"":null}]","{""kind"":""sack"",""direction"":""NE"",""file"":""assets/props/held_sack_NE-v1.png"",""size"":[32,32],""anchor"":[15.79,12.4],""anchorMeaning"":""tied neck"",""anchorMethod"":""visible attachment row alpha centroid, candidate for runtime calibration"",""source"":""sources/held_sack_NE-v1.png"",""crop"":{""x"":737,""y"":250,""w"":300,""h"":395},""uniformScale"":0.05063291139240506,""sha256"":""7a143bb6934f6f3c482fa11466183d1073618a3d5ec40d4fd663c6a09e7f4522""}","7a143bb6934f6f3c482fa11466183d1073618a3d5ec40d4fd663c6a09e7f4522","separate transparent prop; anchor in prop-anchors.json; no runtime attachment validation"
"held_sack_SE-v1","candidate","assets/props/held_sack_SE-v1.png","32","32","separate prop; no human template","[{""id"":""prop/held_sack-v1_SE"",""prompt"":""Edit the provided isolated prop to its SE view, keeping exactly same design,material,scale and small painterly style. small gathered linen grain sack of muted flax beige, tied neck, bulgingsoftbody. Attachment anchor knot/neck atTOP. No hand, no loosegrain, no rope extendingaway. View from FRONT-RIGHT at fixed isometric elevated camera. Object FRONT faces camera; show front flap forpurse; basket handle samearchedstrap, rimtiltconsistent. Turn the object in3D, do not mirror wholepicture. No human,no hand,no background,no shadow,no labels. True transparentRGBA. ONE singleobject only withpadding, final32x32target. Keep counterpart design consistent with reference; light staysupperleft."",""references"":[""/Users/rexxa/github/feudal-lord-simulator/output/astra-walker-pilot2-v1/sources/held_sack_NE-v1.png""],""source"":""/Users/rexxa/Library/Application Support/orca/codex-accounts/54be5844-95fd-4c46-925c-75327ccd186a/home/generated_images/01a0bfce-1c2e-7111-9a4a-0cbb7435d757/exec-a9401a62-29b7-4fc1-b408-31442482bdf2.png"",""tool"":""image_gen"",""model"":null,""seed"":null}]","{""kind"":""sack"",""direction"":""SE"",""file"":""assets/props/held_sack_SE-v1.png"",""size"":[32,32],""anchor"":[16.26,12.4],""anchorMeaning"":""tied neck"",""anchorMethod"":""visible attachment row alpha centroid, candidate for runtime calibration"",""source"":""sources/held_sack_SE-v1.png"",""crop"":{""x"":411,""y"":365,""w"":406,""h"":546},""uniformScale"":0.03663003663003663,""sha256"":""332fff589a8f3cc555263279698d8aa5c3b8ddeddc99a322be4609e1d2a8e37b""}","332fff589a8f3cc555263279698d8aa5c3b8ddeddc99a322be4609e1d2a8e37b","separate transparent prop; anchor in prop-anchors.json; no runtime attachment validation"
"held_sack_SW-v1","candidate","assets/props/held_sack_SW-v1.png","32","32","separate prop; no human template","[{""id"":""prop/held_sack-v1_SW"",""prompt"":""Edit this same prop into the FRONT-LEFT (SW) view. Preserve exactly the object's design and materials: small gathered linen grain sack of muted flax beige, tied neck, bulgingsoftbody. Attachment anchor knot/neck atTOP. No hand, no loosegrain, no rope extendingaway. Fixed elevated isometric game camera, upper-left lighting stays fixed. Rotate the object in 3D, do not mirror the image. Show left side instead of right; purse front flap visible. One isolated object, true transparent background, no person or hand or text, no shadow. Readable at 32x32 pixels."",""references"":[""/Users/rexxa/github/feudal-lord-simulator/output/astra-walker-pilot2-v1/sources/held_sack_SE-v1.png""],""source"":""/Users/rexxa/Library/Application Support/orca/codex-accounts/54be5844-95fd-4c46-925c-75327ccd186a/home/generated_images/01a0bfce-1c2e-7111-9a4a-0cbb7435d757/exec-76414514-c653-4ca5-8856-a47136690ee1.png"",""tool"":""image_gen"",""model"":null,""seed"":null}]","{""kind"":""sack"",""direction"":""SW"",""file"":""assets/props/held_sack_SW-v1.png"",""size"":[32,32],""anchor"":[14.59,12.4],""anchorMeaning"":""tied neck"",""anchorMethod"":""visible attachment row alpha centroid, candidate for runtime calibration"",""source"":""sources/held_sack_SW-v1.png"",""crop"":{""x"":429,""y"":356,""w"":407,""h"":557},""uniformScale"":0.03590664272890485,""sha256"":""ada51d56cde38426b30c49850b818b2f66201ad897db2102d36f4212b964aeb0""}","ada51d56cde38426b30c49850b818b2f66201ad897db2102d36f4212b964aeb0","separate transparent prop; anchor in prop-anchors.json; no runtime attachment validation"
"held_sack_NW-v1","candidate","assets/props/held_sack_NW-v1.png","32","32","separate prop; no human template","[{""id"":""prop/held_sack-v1_NW"",""prompt"":""Edit this same prop into its BACK-LEFT (NW) view. Preserve exact design/material: small gathered linen grain sack of muted flax beige, tied neck, bulgingsoftbody. Attachment anchor knot/neck atTOP. No hand, no loosegrain, no rope extendingaway. Rotate object in 3D so its BACK is visible. For purse: plain back leather panel and belt-loop stitching, absolutely NO front flap or front closure tab visible. Basket handle remains same arched handle, opposite back weave visible. Fixed elevated isometric game camera, upper-left light staysfixed. Do not mirror image. No human, hand, ground, shadow, labels. True transparent RGBA. ONE isolated object with padding; readable at32x32."",""references"":[""/Users/rexxa/github/feudal-lord-simulator/output/astra-walker-pilot2-v1/sources/held_sack_SW-v1.png""],""source"":""/Users/rexxa/Library/Application Support/orca/codex-accounts/54be5844-95fd-4c46-925c-75327ccd186a/home/generated_images/01a0bfce-1c2e-7111-9a4a-0cbb7435d757/exec-9f0a5700-e02d-4bb3-b256-e9c42bed33df.png"",""tool"":""image_gen"",""model"":null,""seed"":null}]","{""kind"":""sack"",""direction"":""NW"",""file"":""assets/props/held_sack_NW-v1.png"",""size"":[32,32],""anchor"":[14.65,12.4],""anchorMeaning"":""tied neck"",""anchorMethod"":""visible attachment row alpha centroid, candidate for runtime calibration"",""source"":""sources/held_sack_NW-v1.png"",""crop"":{""x"":423,""y"":349,""w"":413,""h"":578},""uniformScale"":0.03460207612456748,""sha256"":""1bb088bc33e89892fd97ab8c62831ab14eb1ce79e996c981acdd8785b12637d8""}","1bb088bc33e89892fd97ab8c62831ab14eb1ce79e996c981acdd8785b12637d8","separate transparent prop; anchor in prop-anchors.json; no runtime attachment validation"
"held_basket_NE-v1","candidate","assets/props/held_basket_NE-v1.png","32","32","separate prop; no human template","[{""id"":""prop/held_basket-v1_NE"",""prompt"":""Create ONE isolated detachable held-object sprite, not a person. This is the separate prop component explicitly requested beside TEMPLATE-EDITED walkers. Match attached project citizen small painterly sprite art and mutedmaterials, southernEngland1300–1450, fixed2:1isometric elevatedcamera, upperleftsoftlight. small squat wicker carrying basket of weatheredocher, single arched handle, openemptybasket. Attachment anchor verytopmiddle ofhandle. Broad wovenpaint notmicrogrid. Direction NE: seen from BACK-RIGHT, facing upperright in isometric map. Genuine transparent RGBA, contact/shadow NONE because object is carried. No grid, no ground, no text, no anchor mark burnedintoart. Single centeredobject with12%margin. Readable broadshapes at final32x32 pixels, no photoreal tinytexture. Do not copy any human part fromreference. Oneviewonly."",""references"":[""/Users/rexxa/github/feudal-lord-simulator/output/astra-walker-pilot2-v1/references/actor_merchant-v1.png""],""source"":""/Users/rexxa/Library/Application Support/orca/codex-accounts/54be5844-95fd-4c46-925c-75327ccd186a/home/generated_images/01a0bfce-1c2e-7111-9a4a-0cbb7435d757/exec-7d5c354e-c0d0-4aee-b286-9d8cbf7a0cdd.png"",""tool"":""image_gen"",""model"":null,""seed"":null}]","{""kind"":""basket"",""direction"":""NE"",""file"":""assets/props/held_basket_NE-v1.png"",""size"":[32,32],""anchor"":[16.27,6.9],""anchorMeaning"":""top handle/loop"",""anchorMethod"":""visible attachment row alpha centroid, candidate for runtime calibration"",""source"":""sources/held_basket_NE-v1.png"",""crop"":{""x"":701,""y"":233,""w"":388,""h"":437},""uniformScale"":0.04576659038901602,""sha256"":""5caa0f122a6340d5aab85c1373e0c806210c1e478eff90b2265c59bd2268f1c9""}","5caa0f122a6340d5aab85c1373e0c806210c1e478eff90b2265c59bd2268f1c9","separate transparent prop; anchor in prop-anchors.json; no runtime attachment validation"
"held_basket_SE-v1","candidate","assets/props/held_basket_SE-v1.png","32","32","separate prop; no human template","[{""id"":""prop/held_basket-v1_SE"",""prompt"":""Edit the provided isolated prop to its SE view, keeping exactly same design,material,scale and small painterly style. small squat wicker carrying basket of weatheredocher, single arched handle, openemptybasket. Attachment anchor verytopmiddle ofhandle. Broad wovenpaint notmicrogrid. View from FRONT-RIGHT at fixed isometric elevated camera. Object FRONT faces camera; show front flap forpurse; basket handle samearchedstrap, rimtiltconsistent. Turn the object in3D, do not mirror wholepicture. No human,no hand,no background,no shadow,no labels. True transparentRGBA. ONE singleobject only withpadding, final32x32target. Keep counterpart design consistent with reference; light staysupperleft."",""references"":[""/Users/rexxa/github/feudal-lord-simulator/output/astra-walker-pilot2-v1/sources/held_basket_NE-v1.png""],""source"":""/Users/rexxa/Library/Application Support/orca/codex-accounts/54be5844-95fd-4c46-925c-75327ccd186a/home/generated_images/01a0bfce-1c2e-7111-9a4a-0cbb7435d757/exec-7cabf031-020b-410e-902d-2a1aed3c68b3.png"",""tool"":""image_gen"",""model"":null,""seed"":null}]","{""kind"":""basket"",""direction"":""SE"",""file"":""assets/props/held_basket_SE-v1.png"",""size"":[32,32],""anchor"":[15.59,6.9],""anchorMeaning"":""top handle/loop"",""anchorMethod"":""visible attachment row alpha centroid, candidate for runtime calibration"",""source"":""sources/held_basket_SE-v1.png"",""crop"":{""x"":372,""y"":320,""w"":524,""h"":635},""uniformScale"":0.031496062992125984,""sha256"":""3b3a73ae6d6c35dac5906a5c1636c89ec8de13cbc311516d9f62c4005a6c8e00""}","3b3a73ae6d6c35dac5906a5c1636c89ec8de13cbc311516d9f62c4005a6c8e00","separate transparent prop; anchor in prop-anchors.json; no runtime attachment validation"
"held_basket_SW-v1","candidate","assets/props/held_basket_SW-v1.png","32","32","separate prop; no human template","[{""id"":""prop/held_basket-v1_SW"",""prompt"":""Edit this same prop into the FRONT-LEFT (SW) view. Preserve exactly the object's design and materials: small squat wicker carrying basket of weatheredocher, single arched handle, openemptybasket. Attachment anchor verytopmiddle ofhandle. Broad wovenpaint notmicrogrid. Fixed elevated isometric game camera, upper-left lighting stays fixed. Rotate the object in 3D, do not mirror the image. Show left side instead of right; purse front flap visible. One isolated object, true transparent background, no person or hand or text, no shadow. Readable at 32x32 pixels."",""references"":[""/Users/rexxa/github/feudal-lord-simulator/output/astra-walker-pilot2-v1/sources/held_basket_SE-v1.png""],""source"":""/Users/rexxa/Library/Application Support/orca/codex-accounts/54be5844-95fd-4c46-925c-75327ccd186a/home/generated_images/01a0bfce-1c2e-7111-9a4a-0cbb7435d757/exec-40d7e3cb-17e0-4686-b07e-5c0447d0cb9c.png"",""tool"":""image_gen"",""model"":null,""seed"":null}]","{""kind"":""basket"",""direction"":""SW"",""file"":""assets/props/held_basket_SW-v1.png"",""size"":[32,32],""anchor"":[16.06,6.9],""anchorMeaning"":""top handle/loop"",""anchorMethod"":""visible attachment row alpha centroid, candidate for runtime calibration"",""source"":""sources/held_basket_SW-v1.png"",""crop"":{""x"":384,""y"":314,""w"":518,""h"":640},""uniformScale"":0.03125,""sha256"":""f4c603e6147214b3d18bc9066d1e7b74d2fef4b71c860ccfa0837b352385a1c5""}","f4c603e6147214b3d18bc9066d1e7b74d2fef4b71c860ccfa0837b352385a1c5","separate transparent prop; anchor in prop-anchors.json; no runtime attachment validation"
"held_basket_NW-v1","candidate","assets/props/held_basket_NW-v1.png","32","32","separate prop; no human template","[{""id"":""prop/held_basket-v1_NW"",""prompt"":""Edit this same prop into its BACK-LEFT (NW) view. Preserve exact design/material: small squat wicker carrying basket of weatheredocher, single arched handle, openemptybasket. Attachment anchor verytopmiddle ofhandle. Broad wovenpaint notmicrogrid. Rotate object in 3D so its BACK is visible. For purse: plain back leather panel and belt-loop stitching, absolutely NO front flap or front closure tab visible. Basket handle remains same arched handle, opposite back weave visible. Fixed elevated isometric game camera, upper-left light staysfixed. Do not mirror image. No human, hand, ground, shadow, labels. True transparent RGBA. ONE isolated object with padding; readable at32x32."",""references"":[""/Users/rexxa/github/feudal-lord-simulator/output/astra-walker-pilot2-v1/sources/held_basket_SW-v1.png""],""source"":""/Users/rexxa/Library/Application Support/orca/codex-accounts/54be5844-95fd-4c46-925c-75327ccd186a/home/generated_images/01a0bfce-1c2e-7111-9a4a-0cbb7435d757/exec-055b0d21-227c-417c-9fd2-c0483618031a.png"",""tool"":""image_gen"",""model"":null,""seed"":null}]","{""kind"":""basket"",""direction"":""NW"",""file"":""assets/props/held_basket_NW-v1.png"",""size"":[32,32],""anchor"":[15.5,6.9],""anchorMeaning"":""top handle/loop"",""anchorMethod"":""visible attachment row alpha centroid, candidate for runtime calibration"",""source"":""sources/held_basket_NW-v1.png"",""crop"":{""x"":368,""y"":314,""w"":520,""h"":625},""uniformScale"":0.032,""sha256"":""61ba99dc4f0125da2f98eba493505321e9106e411a305d0509164b30585615b1""}","61ba99dc4f0125da2f98eba493505321e9106e411a305d0509164b30585615b1","separate transparent prop; anchor in prop-anchors.json; no runtime attachment validation"
"held_staff_NE-v1","candidate","assets/props/held_staff_NE-v1.png","32","32","separate prop; no human template","[{""id"":""prop/held_staff-v1_NE"",""prompt"":""Create ONE isolated detachable held-object sprite, not a person. This is the separate prop component explicitly requested beside TEMPLATE-EDITED walkers. Match attached project citizen small painterly sprite art and mutedmaterials, southernEngland1300–1450, fixed2:1isometric elevatedcamera, upperleftsoftlight. plain straight weatheredoak walkingstaff, slightlyirregular naturalwood, no crook/no spear/no cross/no ornament. Thin shaft pointeddown andup fromgrip. Attachment anchor center ofshaft, middleheight. No person, nohand. Direction NE: seen from BACK-RIGHT, facing upperright in isometric map. Genuine transparent RGBA, contact/shadow NONE because object is carried. No grid, no ground, no text, no anchor mark burnedintoart. Single centeredobject with12%margin. Readable broadshapes at final32x32 pixels, no photoreal tinytexture. Do not copy any human part fromreference. Oneviewonly."",""references"":[""/Users/rexxa/github/feudal-lord-simulator/output/astra-walker-pilot2-v1/references/actor_merchant-v1.png""],""source"":""/Users/rexxa/Library/Application Support/orca/codex-accounts/54be5844-95fd-4c46-925c-75327ccd186a/home/generated_images/01a0bfce-1c2e-7111-9a4a-0cbb7435d757/exec-b098e852-f67f-444e-987d-312c4a6b9459.png"",""tool"":""image_gen"",""model"":null,""seed"":null}]","{""kind"":""staff"",""direction"":""NE"",""file"":""assets/props/held_staff_NE-v1.png"",""size"":[32,32],""anchor"":[15.4,16],""anchorMeaning"":""midshaft grip"",""anchorMethod"":""visible attachment row alpha centroid, candidate for runtime calibration"",""source"":""sources/held_staff_NE-v1.png"",""crop"":{""x"":485,""y"":211,""w"":291,""h"":900},""uniformScale"":0.03111111111111111,""sha256"":""e654121218d3390e8b09ac28b30360320bb4bd93bf1c1c7659a0e9fff0ec57f6""}","e654121218d3390e8b09ac28b30360320bb4bd93bf1c1c7659a0e9fff0ec57f6","separate transparent prop; anchor in prop-anchors.json; no runtime attachment validation"
"held_staff_SE-v1","candidate","assets/props/held_staff_SE-v1.png","32","32","separate prop; no human template","[{""id"":""prop/held_staff-v1_SE"",""prompt"":""Edit the provided isolated prop to its SE view, keeping exactly same design,material,scale and small painterly style. plain straight weatheredoak walkingstaff, slightlyirregular naturalwood, no crook/no spear/no cross/no ornament. Thin shaft pointeddown andup fromgrip. Attachment anchor center ofshaft, middleheight. No person, nohand. View from FRONT-RIGHT at fixed isometric elevated camera. Object FRONT faces camera; show front flap forpurse; basket handle samearchedstrap, rimtiltconsistent. Turn the object in3D, do not mirror wholepicture. No human,no hand,no background,no shadow,no labels. True transparentRGBA. ONE singleobject only withpadding, final32x32target. Keep counterpart design consistent with reference; light staysupperleft."",""references"":[""/Users/rexxa/github/feudal-lord-simulator/output/astra-walker-pilot2-v1/sources/held_staff_NE-v1.png""],""source"":""/Users/rexxa/Library/Application Support/orca/codex-accounts/54be5844-95fd-4c46-925c-75327ccd186a/home/generated_images/01a0bfce-1c2e-7111-9a4a-0cbb7435d757/exec-ad1f1c22-635a-4aba-84b8-5803afcc935a.png"",""tool"":""image_gen"",""model"":null,""seed"":null}]","{""kind"":""staff"",""direction"":""SE"",""file"":""assets/props/held_staff_SE-v1.png"",""size"":[32,32],""anchor"":[15.4,16],""anchorMeaning"":""midshaft grip"",""anchorMethod"":""visible attachment row alpha centroid, candidate for runtime calibration"",""source"":""sources/held_staff_SE-v1.png"",""crop"":{""x"":492,""y"":200,""w"":284,""h"":854},""uniformScale"":0.03278688524590164,""sha256"":""c55421365b9e9c3748c374a9ee97acbf828d589a6d9b93196860ec6e30f123d6""}","c55421365b9e9c3748c374a9ee97acbf828d589a6d9b93196860ec6e30f123d6","separate transparent prop; anchor in prop-anchors.json; no runtime attachment validation"
"held_staff_SW-v1","candidate","assets/props/held_staff_SW-v1.png","32","32","separate prop; no human template","[{""id"":""prop/held_staff-v1_SW"",""prompt"":""Edit this same prop into the FRONT-LEFT (SW) view. Preserve exactly the object's design and materials: plain straight weatheredoak walkingstaff, slightlyirregular naturalwood, no crook/no spear/no cross/no ornament. Thin shaft pointeddown andup fromgrip. Attachment anchor center ofshaft, middleheight. No person, nohand. Fixed elevated isometric game camera, upper-left lighting stays fixed. Rotate the object in 3D, do not mirror the image. Show left side instead of right; purse front flap visible. One isolated object, true transparent background, no person or hand or text, no shadow. Readable at 32x32 pixels."",""references"":[""/Users/rexxa/github/feudal-lord-simulator/output/astra-walker-pilot2-v1/sources/held_staff_SE-v1.png""],""source"":""/Users/rexxa/Library/Application Support/orca/codex-accounts/54be5844-95fd-4c46-925c-75327ccd186a/home/generated_images/01a0bfce-1c2e-7111-9a4a-0cbb7435d757/exec-92f829b3-9e39-4cc4-8106-f8e630fd787a.png"",""tool"":""image_gen"",""model"":null,""seed"":null}]","{""kind"":""staff"",""direction"":""SW"",""file"":""assets/props/held_staff_SW-v1.png"",""size"":[32,32],""anchor"":[15.4,16],""anchorMeaning"":""midshaft grip"",""anchorMethod"":""visible attachment row alpha centroid, candidate for runtime calibration"",""source"":""sources/held_staff_SW-v1.png"",""crop"":{""x"":482,""y"":198,""w"":305,""h"":859},""uniformScale"":0.03259604190919674,""sha256"":""fc49cf1abb510a737750b7b13e4e1b26d547e897772bb03e5babe3b27b0d40fc""}","fc49cf1abb510a737750b7b13e4e1b26d547e897772bb03e5babe3b27b0d40fc","separate transparent prop; anchor in prop-anchors.json; no runtime attachment validation"
"held_staff_NW-v1","candidate","assets/props/held_staff_NW-v1.png","32","32","separate prop; no human template","[{""id"":""prop/held_staff-v1_NW"",""prompt"":""Edit this same prop into its BACK-LEFT (NW) view. Preserve exact design/material: plain straight weatheredoak walkingstaff, slightlyirregular naturalwood, no crook/no spear/no cross/no ornament. Thin shaft pointeddown andup fromgrip. Attachment anchor center ofshaft, middleheight. No person, nohand. Rotate object in 3D so its BACK is visible. For purse: plain back leather panel and belt-loop stitching, absolutely NO front flap or front closure tab visible. Basket handle remains same arched handle, opposite back weave visible. Fixed elevated isometric game camera, upper-left light staysfixed. Do not mirror image. No human, hand, ground, shadow, labels. True transparent RGBA. ONE isolated object with padding; readable at32x32."",""references"":[""/Users/rexxa/github/feudal-lord-simulator/output/astra-walker-pilot2-v1/sources/held_staff_SW-v1.png""],""source"":""/Users/rexxa/Library/Application Support/orca/codex-accounts/54be5844-95fd-4c46-925c-75327ccd186a/home/generated_images/01a0bfce-1c2e-7111-9a4a-0cbb7435d757/exec-02d31f42-b16b-4939-b4a7-597578c52915.png"",""tool"":""image_gen"",""model"":null,""seed"":null}]","{""kind"":""staff"",""direction"":""NW"",""file"":""assets/props/held_staff_NW-v1.png"",""size"":[32,32],""anchor"":[15.5,16],""anchorMeaning"":""midshaft grip"",""anchorMethod"":""visible attachment row alpha centroid, candidate for runtime calibration"",""source"":""sources/held_staff_NW-v1.png"",""crop"":{""x"":481,""y"":195,""w"":305,""h"":862},""uniformScale"":0.03248259860788863,""sha256"":""5411c7d3489b8897065607b2a76048804fcce36dbde0c19da202677e5a5b97b7""}","5411c7d3489b8897065607b2a76048804fcce36dbde0c19da202677e5a5b97b7","separate transparent prop; anchor in prop-anchors.json; no runtime attachment validation"
