"asset_id","status","file","width","height","group","description","history_notes","sha256","generation_records","processing","qa"
"dock_build","candidate","assets/main/dock_build.png","96","96","main","Construction: a wooden carpenter's measuring ruler with simple tick marks (NO digits), diagonally crossed with ONE wood-handled steel chisel. No hammer. Just these two objects, distinct broad silhouette.","Candidate. Project-owned UI P0 style references. No game installation.","9e26630219c4373959beeff825fdf651034fd0792ef0c6db6ec41f0e6b0bdf56","[{""tool"":""image_gen.imagegen"",""prompt"":""Use case: stylized-concept. Create ONE isolated medieval game HUD icon, intended to become 96x96px PNG and read clearly at 24, 32 and 48px. Reference images are project-owned STYLE references only: match their low-chroma hand-painted ochre/taupe/brown palette, thin dark brown ink outline, matte shaded volume and restrained brush texture. Subject: Construction: a wooden carpenter's measuring ruler with simple tick marks (NO digits), diagonally crossed with ONE wood-handled steel chisel. No hammer. Just these two objects, distinct broad silhouette. Composition: centered object filling about 80% of a square canvas, compact readable silhouette, no tiny details. Background: genuinely transparent RGBA alpha outside artwork, no background color, no checkerboard drawing, no floor, no cast shadow outside object. No text, letters, numbers, borders, buttons or labels. Only this ONE icon, never a sheet."",""rawFile"":""raw/main/dock_build.png"",""referenceImages"":[""references/icon_resource_sheet.png"",""references/icon_layer_mode_sheet.png"",""references/icon_objective_action_sheet.png""],""model"":""not supplied by tool"",""seed"":""not supplied by tool"",""rawWidth"":1254,""rawHeight"":1254,""sourceImageDimensions"":{""width"":1254,""height"":1254}}]","""Preserved generated alpha; alpha > 8 bounding box crop; aspect-preserving Lanczos3 fit within 84 px and transparent padding to 96x96.""","{""status"":""pass internal candidate review after dimension correction"",""actualWidth"":96,""actualHeight"":96,""channels"":4,""transparentPixels"":5206,""opaquePixels"":240,""reviewedSizes"":[24,32,48],""proof"":""raw/main/contact-main.png"",""notes"":""Visually reinspected corrected 96px outputs at24/32/48. Silhouettes unchanged after correcting canvas. Previous108px export replaced; no raw altered.""}"
"dock_ledger","candidate","assets/main/dock_ledger.png","96","96","main","Ledger: a wide open account book with entirely blank pale parchment pages and a prominent dark feather quill crossing its right page. NO writing, NO candle, NO scroll, NO wax seal.","Candidate. Project-owned UI P0 style references. No game installation.","c144c4c7ed1f941187a110be65736daf485b5d4b8a803d6b05da5bdd8b848836","[{""tool"":""image_gen.imagegen"",""prompt"":""Use case: stylized-concept. Create ONE isolated medieval game HUD icon, intended to become 96x96px PNG and read clearly at 24, 32 and 48px. Reference images are project-owned STYLE references only: match their low-chroma hand-painted ochre/taupe/brown palette, thin dark brown ink outline, matte shaded volume and restrained brush texture. Subject: Ledger: a wide open account book with entirely blank pale parchment pages and a prominent dark feather quill crossing its right page. NO writing, NO candle, NO scroll, NO wax seal. Composition: centered object filling about 80% of a square canvas, compact readable silhouette, no tiny details. Background: genuinely transparent RGBA alpha outside artwork, no background color, no checkerboard drawing, no floor, no cast shadow outside object. No text, letters, numbers, borders, buttons or labels. Only this ONE icon, never a sheet."",""rawFile"":""raw/main/dock_ledger.png"",""referenceImages"":[""references/icon_resource_sheet.png"",""references/icon_layer_mode_sheet.png"",""references/icon_objective_action_sheet.png""],""model"":""not supplied by tool"",""seed"":""not supplied by tool"",""rawWidth"":1254,""rawHeight"":1254,""sourceImageDimensions"":{""width"":1254,""height"":1254}}]","""Preserved generated alpha; alpha > 8 bounding box crop; aspect-preserving Lanczos3 fit within 84 px and transparent padding to 96x96.""","{""status"":""pass internal candidate review after dimension correction"",""actualWidth"":96,""actualHeight"":96,""channels"":4,""transparentPixels"":4782,""opaquePixels"":211,""reviewedSizes"":[24,32,48],""proof"":""raw/main/contact-main.png"",""notes"":""Visually reinspected corrected 96px outputs at24/32/48. Silhouettes unchanged after correcting canvas. Previous108px export replaced; no raw altered.""}"
"dock_steward","candidate","assets/main/dock_steward.png","96","96","main","Steward: THREE chunky medieval iron keys hanging from ONE round bronze key ring. Distinct key teeth and loops, simple broad readable silhouette. No people.","Candidate. Project-owned UI P0 style references. No game installation.","d10f54f515b64d1d7b6a0d8436ff1bdaac552d46045ec49363115bbd19e33883","[{""tool"":""image_gen.imagegen"",""prompt"":""Use case: stylized-concept. Create ONE isolated medieval game HUD icon, intended to become 96x96px PNG and read clearly at 24, 32 and 48px. Reference images are project-owned STYLE references only: match their low-chroma hand-painted ochre/taupe/brown palette, thin dark brown ink outline, matte shaded volume and restrained brush texture. Subject: Steward: THREE chunky medieval iron keys hanging from ONE round bronze key ring. Distinct key teeth and loops, simple broad readable silhouette. No people. Composition: centered object filling about 80% of a square canvas, compact readable silhouette, no tiny details. Background: genuinely transparent RGBA alpha outside artwork, no background color, no checkerboard drawing, no floor, no cast shadow outside object. No text, letters, numbers, borders, buttons or labels. Only this ONE icon, never a sheet."",""rawFile"":""raw/main/dock_steward.png"",""referenceImages"":[""references/icon_resource_sheet.png"",""references/icon_layer_mode_sheet.png"",""references/icon_objective_action_sheet.png""],""model"":""not supplied by tool"",""seed"":""not supplied by tool"",""rawWidth"":1254,""rawHeight"":1254,""sourceImageDimensions"":{""width"":1254,""height"":1254}}]","""Preserved generated alpha; alpha > 8 bounding box crop; aspect-preserving Lanczos3 fit within 84 px and transparent padding to 96x96.""","{""status"":""pass internal candidate review after dimension correction"",""actualWidth"":96,""actualHeight"":96,""channels"":4,""transparentPixels"":5682,""opaquePixels"":392,""reviewedSizes"":[24,32,48],""proof"":""raw/main/contact-main.png"",""notes"":""Visually reinspected corrected 96px outputs at24/32/48. Silhouettes unchanged after correcting canvas. Previous108px export replaced; no raw altered.""}"
"pill_food_days","candidate","assets/main/pill_food_days.png","96","96","main","Food supply duration: ONE small round loaf of brown bread on left and ONE upright compact wooden hourglass on right, side-by-side overlapping slightly. Clear hourglass pinch and pale sand. No numerals, no dial.","Candidate. Project-owned UI P0 style references. No game installation.","1d242e4a04928ca18607ae4c164716768cf0e6c05a53fb7fd15be51eebdef7ab","[{""tool"":""image_gen.imagegen"",""prompt"":""Use case: stylized-concept. Create ONE isolated medieval game HUD icon, intended to become 96x96px PNG and read clearly at 24, 32 and 48px. Reference images are project-owned STYLE references only: match their low-chroma hand-painted ochre/taupe/brown palette, thin dark brown ink outline, matte shaded volume and restrained brush texture. Subject: Food supply duration: ONE small round loaf of brown bread on left and ONE upright compact wooden hourglass on right, side-by-side overlapping slightly. Clear hourglass pinch and pale sand. No numerals, no dial. Composition: centered object filling about 80% of a square canvas, compact readable silhouette, no tiny details. Background: genuinely transparent RGBA alpha outside artwork, no background color, no checkerboard drawing, no floor, no cast shadow outside object. No text, letters, numbers, borders, buttons or labels. Only this ONE icon, never a sheet."",""rawFile"":""raw/main/pill_food_days.png"",""referenceImages"":[""references/icon_resource_sheet.png"",""references/icon_layer_mode_sheet.png"",""references/icon_objective_action_sheet.png""],""model"":""not supplied by tool"",""seed"":""not supplied by tool"",""rawWidth"":1254,""rawHeight"":1254,""sourceImageDimensions"":{""width"":1254,""height"":1254}}]","""Preserved generated alpha; alpha > 8 bounding box crop; aspect-preserving Lanczos3 fit within 84 px and transparent padding to 96x96.""","{""status"":""pass internal candidate review after dimension correction"",""actualWidth"":96,""actualHeight"":96,""channels"":4,""transparentPixels"":4582,""opaquePixels"":238,""reviewedSizes"":[24,32,48],""proof"":""raw/main/contact-main.png"",""notes"":""Visually reinspected corrected 96px outputs at24/32/48. Silhouettes unchanged after correcting canvas. Previous108px export replaced; no raw altered.""}"
"pill_population","candidate","assets/main/pill_population.png","96","96","main","Population: exactly TWO extremely simplified bareheaded civilian head-and-shoulder silhouettes side by side, one slightly taller. Solid warm ivory faces without facial features, muted brown and tan shoulders. Very simple broad bust shapes, NO hats, NO tools, NO uniform, NO worker clothing, NO third person, NO medallion or frame.","Candidate. Project-owned UI P0 style references. No game installation.","1ba597a5c5f1e0bbe2e234430c48d4b885cbbe1c9791c2482fd31f943622b910","[{""tool"":""image_gen.imagegen"",""prompt"":""Use case: stylized-concept. Create ONE isolated medieval game HUD icon, intended to become 96x96px PNG and read clearly at 24, 32 and 48px. Reference images are project-owned STYLE references only: match their low-chroma hand-painted ochre/taupe/brown palette, thin dark brown ink outline, matte shaded volume and restrained brush texture. Subject: Population: exactly TWO extremely simplified bareheaded civilian head-and-shoulder silhouettes side by side, one slightly taller. Solid warm ivory faces without facial features, muted brown and tan shoulders. Very simple broad bust shapes, NO hats, NO tools, NO uniform, NO worker clothing, NO third person, NO medallion or frame. Composition: centered object filling about 80% of a square canvas, compact readable silhouette, no tiny details. Background: genuinely transparent RGBA alpha outside artwork, no background color, no checkerboard drawing, no floor, no cast shadow outside object. No text, letters, numbers, borders, buttons or labels. Only this ONE icon, never a sheet."",""rawFile"":""raw/main/pill_population.png"",""referenceImages"":[""references/icon_resource_sheet.png"",""references/icon_layer_mode_sheet.png"",""references/icon_objective_action_sheet.png""],""model"":""not supplied by tool"",""seed"":""not supplied by tool"",""rawWidth"":1254,""rawHeight"":1254,""sourceImageDimensions"":{""width"":1254,""height"":1254}}]","""Preserved generated alpha; alpha > 8 bounding box crop; aspect-preserving Lanczos3 fit within 84 px and transparent padding to 96x96.""","{""status"":""pass internal candidate review after dimension correction"",""actualWidth"":96,""actualHeight"":96,""channels"":4,""transparentPixels"":5034,""opaquePixels"":243,""reviewedSizes"":[24,32,48],""proof"":""raw/main/contact-main.png"",""notes"":""Visually reinspected corrected 96px outputs at24/32/48. Silhouettes unchanged after correcting canvas. Previous108px export replaced; no raw altered.""}"
"pill_money","candidate","assets/main/pill_money.png","96","96","main","Treasury: ONE plump tied medieval brown leather coin purse, short drawstring neck. No visible coins, no coin pile, no symbol, no writing.","Candidate. Project-owned UI P0 style references. No game installation.","e4e064fe40919e2affb0943067235db149a236be50c7e52d6af3016f953da144","[{""tool"":""image_gen.imagegen"",""prompt"":""Use case: stylized-concept. Create ONE isolated medieval game HUD icon, intended to become 96x96px PNG and read clearly at 24, 32 and 48px. Reference images are project-owned STYLE references only: match their low-chroma hand-painted ochre/taupe/brown palette, thin dark brown ink outline, matte shaded volume and restrained brush texture. Subject: Treasury: ONE plump tied medieval brown leather coin purse, short drawstring neck. No visible coins, no coin pile, no symbol, no writing. Composition: centered object filling about 80% of a square canvas, compact readable silhouette, no tiny details. Background: genuinely transparent RGBA alpha outside artwork, no background color, no checkerboard drawing, no floor, no cast shadow outside object. No text, letters, numbers, borders, buttons or labels. Only this ONE icon, never a sheet."",""rawFile"":""raw/main/pill_money.png"",""referenceImages"":[""references/icon_resource_sheet.png"",""references/icon_layer_mode_sheet.png"",""references/icon_objective_action_sheet.png""],""model"":""not supplied by tool"",""seed"":""not supplied by tool"",""rawWidth"":1254,""rawHeight"":1254,""sourceImageDimensions"":{""width"":1254,""height"":1254}}]","""Preserved generated alpha; alpha > 8 bounding box crop; aspect-preserving Lanczos3 fit within 84 px and transparent padding to 96x96.""","{""status"":""pass internal candidate review after dimension correction"",""actualWidth"":96,""actualHeight"":96,""channels"":4,""transparentPixels"":4203,""opaquePixels"":186,""reviewedSizes"":[24,32,48],""proof"":""raw/main/contact-main.png"",""notes"":""Visually reinspected corrected 96px outputs at24/32/48. Silhouettes unchanged after correcting canvas. Previous108px export replaced; no raw altered.""}"
"reason_tree","candidate","assets/reasons/reason_tree.png","96","96","reasons","A single stout leafy tree with a visible trunk and three broad muted olive foliage lobes. Clear tree silhouette indicating a tree must be cleared; no axe.","Southern England medieval material vocabulary; project P0 style reference only.","729b679271fbc4eaa40082e77a1c8c2868f71b1073707635f764d10399cdb392","[{""tool"":""image_gen.imagegen"",""prompt"":""Use case: historical-scene. Make ONE transparent game UI icon, reason_tree. Subject: A single stout leafy tree with a visible trunk and three broad muted olive foliage lobes. Clear tree silhouette indicating a tree must be cleared; no axe. Style: match attached project UI P0 reference: hand-painted medieval miniature, muted earthy color, thin dark brown outline, restrained painted shading. Simple and bold enough to read at 24 pixels; no microdetail. Subject centered with a compact silhouette occupying about 78% of square canvas. True transparent background RGBA, no solid background, no checkerboard drawing, no contact shadow outside object. Output one square icon only, no text, letters, digits, frame or UI. No hammer, scroll, sealed document, pair of workers. Reference is style only; do not copy its subjects. Final deliverable will be 96x96px."",""rawFile"":""raw/reasons/reason_tree.png"",""referenceImages"":[""references/icon_cause_family_sheet.png""],""model"":""not supplied"",""seed"":""not supplied"",""sourceImageDimensions"":{""width"":1254,""height"":1254}}]","""Alpha-bounds crop, aspect-preserving Lanczos3 resize into centered 80x80 within transparent 96x96; original preserved.""","{""sourceWidth"":1254,""sourceHeight"":1254,""sourceTransparentPixels"":1078467,""alphaBounds"":[173,157,1087,1106],""alphaPreserved"":true,""visualReview"":""pass: inspected 24/32/48/96px contact sheet; distinct silhouettes and reserved motif avoidance"",""smallSizeNotes"":""Silhouette remains identifiable at 24px.""}"
"reason_no_road","candidate","assets/reasons/reason_no_road.png","96","96","reasons","Two short tan earthen road segments facing one another, separated by a very obvious wide broken gap. Each road has simple edging; NO arrows, NO wooden plank or bridge across the gap.","Southern England medieval material vocabulary; project P0 style reference only.","bc9fc7f37855a85e15d022398305a2059465466d0f5d15fb3cefd50d71ab356f","[{""tool"":""image_gen.imagegen"",""prompt"":""Use case: historical-scene. Make ONE transparent game UI icon, reason_no_road. Subject: Two short tan earthen road segments facing one another, separated by a very obvious wide broken gap. Each road has simple edging; NO arrows, NO wooden plank or bridge across the gap. Style: match attached project UI P0 reference: hand-painted medieval miniature, muted earthy color, thin dark brown outline, restrained painted shading. Simple and bold enough to read at 24 pixels; no microdetail. Subject centered with a compact silhouette occupying about 78% of square canvas. True transparent background RGBA, no solid background, no checkerboard drawing, no contact shadow outside object. Output one square icon only, no text, letters, digits, frame or UI. No hammer, scroll, sealed document, pair of workers. Reference is style only; do not copy its subjects. Final deliverable will be 96x96px."",""rawFile"":""raw/reasons/reason_no_road.png"",""referenceImages"":[""references/icon_cause_family_sheet.png""],""model"":""not supplied"",""seed"":""not supplied"",""sourceImageDimensions"":{""width"":1254,""height"":1254}}]","""Alpha-bounds crop, aspect-preserving Lanczos3 resize into centered 80x80 within transparent 96x96; original preserved.""","{""sourceWidth"":1254,""sourceHeight"":1254,""sourceTransparentPixels"":1223027,""alphaBounds"":[79,389,1175,857],""alphaPreserved"":true,""visualReview"":""pass: inspected 24/32/48/96px contact sheet; distinct silhouettes and reserved motif avoidance"",""smallSizeNotes"":""Silhouette remains identifiable at 24px.""}"
"reason_overlap","candidate","assets/reasons/reason_overlap.png","96","96","reasons","Two distinct offset house blocks colliding at inner corners with burgundy cross marker and hatch.","Southern England medieval material vocabulary; project P0 style reference only.","e475ed010253c05a103d81637bc2dffc56b569d1e6ab5d426eefe64d24d03431","[{""tool"":""image_gen.imagegen"",""prompt"":""Use case: historical-scene. Make ONE transparent game UI icon, reason_overlap. Subject: Two simple compact medieval roof-and-wall building blocks intruding into each other, one in front and one behind, offset diagonally. Clearly overlapping rooftops; no red badge needed. Style: match attached project UI P0 reference: hand-painted medieval miniature, muted earthy color, thin dark brown outline, restrained painted shading. Simple and bold enough to read at 24 pixels; no microdetail. Subject centered with a compact silhouette occupying about 78% of square canvas. True transparent background RGBA, no solid background, no checkerboard drawing, no contact shadow outside object. Output one square icon only, no text, letters, digits, frame or UI. No hammer, scroll, sealed document, pair of workers. Reference is style only; do not copy its subjects. Final deliverable will be 96x96px."",""rawFile"":""raw/reasons/reason_overlap.png"",""referenceImages"":[""references/icon_cause_family_sheet.png""],""model"":""not supplied"",""seed"":""not supplied"",""sourceImageDimensions"":{""width"":1254,""height"":1254}},{""tool"":""image_gen.imagegen"",""prompt"":""Edit this icon into a much clearer building-overlap conflict icon for a medieval game at 24px. Keep muted painted style thin brown outlines genuine transparent background. Replace the attached-looking single complex house with TWO CLEARLY SEPARATE SMALL HOUSE BLOCKS: offset left and right so both peaked front gables and both full rooftops are clearly recognizable, one pale ochre roof and one muted reddish roof, with a visible negative-space notch between the two upper silhouettes. The lower inner corners of the two building volumes visibly intrude into each other. At this central collision put an unmistakable dark burgundy X marker with a few diagonal hatch strokes just behind it. X approximately 25% total icon width so readable when icon is 24px. Avoid roof decoration and microdetail. This is a BUILDING COLLISION error pictogram, must not resemble a single house with extension or two buildings standing peacefully next to each other. No lettering numbers other symbols frame background or shadow. Square canvas with margins.\n"",""rawFile"":""raw/reasons/reason_overlap-v2.png"",""referenceImages"":[""raw/reasons/reason_overlap.png""],""model"":""not supplied"",""seed"":""not supplied"",""sourceImageDimensions"":{""width"":1254,""height"":1254}}]","""Alpha-bounds crop, aspect-preserving Lanczos3 resize into centered 80x80 within transparent 96x96; original preserved.""","{""sourceWidth"":1254,""sourceHeight"":1254,""sourceTransparentPixels"":1012183,""alphaBounds"":[98,269,1171,1063],""alphaPreserved"":true,""visualReview"":""pass: inspected 24/32/48/96px contact sheet; distinct silhouettes and reserved motif avoidance"",""smallSizeNotes"":""v2: two peaked roof silhouettes and central collision cross replace attached-house ambiguity; checked at 24/32/48px.""}"
"reason_water","candidate","assets/reasons/reason_water.png","96","96","reasons","Three broad horizontal gently curved water ripples forming a small shallow pool in muted slate blue. No droplet shape.","Southern England medieval material vocabulary; project P0 style reference only.","3e7d9c28501d9a75316fa98ec6fea26b0cafbe21842deb52667e0f44cb25df78","[{""tool"":""image_gen.imagegen"",""prompt"":""Use case: historical-scene. Make ONE transparent game UI icon, reason_water. Subject: Three broad horizontal gently curved water ripples forming a small shallow pool in muted slate blue. No droplet shape. Style: match attached project UI P0 reference: hand-painted medieval miniature, muted earthy color, thin dark brown outline, restrained painted shading. Simple and bold enough to read at 24 pixels; no microdetail. Subject centered with a compact silhouette occupying about 78% of square canvas. True transparent background RGBA, no solid background, no checkerboard drawing, no contact shadow outside object. Output one square icon only, no text, letters, digits, frame or UI. No hammer, scroll, sealed document, pair of workers. Reference is style only; do not copy its subjects. Final deliverable will be 96x96px."",""rawFile"":""raw/reasons/reason_water.png"",""referenceImages"":[""references/icon_cause_family_sheet.png""],""model"":""not supplied"",""seed"":""not supplied"",""sourceImageDimensions"":{""width"":1254,""height"":1254}}]","""Alpha-bounds crop, aspect-preserving Lanczos3 resize into centered 80x80 within transparent 96x96; original preserved.""","{""sourceWidth"":1254,""sourceHeight"":1254,""sourceTransparentPixels"":1278506,""alphaBounds"":[157,453,1097,883],""alphaPreserved"":true,""visualReview"":""pass: inspected 24/32/48/96px contact sheet; distinct silhouettes and reserved motif avoidance"",""smallSizeNotes"":""Silhouette remains identifiable at 24px.""}"
"reason_slope_rock","candidate","assets/reasons/reason_slope_rock.png","96","96","reasons","One angular gray rock ledge with a steep sloping face, chunky silhouette, visibly rising sharply on one side.","Southern England medieval material vocabulary; project P0 style reference only.","f9ab8d7175ee3f708b75baac4769e41dd8a1e0568812961d75a1b9496c17e86c","[{""tool"":""image_gen.imagegen"",""prompt"":""Use case: historical-scene. Make ONE transparent game UI icon, reason_slope_rock. Subject: One angular gray rock ledge with a steep sloping face, chunky silhouette, visibly rising sharply on one side. Style: match attached project UI P0 reference: hand-painted medieval miniature, muted earthy color, thin dark brown outline, restrained painted shading. Simple and bold enough to read at 24 pixels; no microdetail. Subject centered with a compact silhouette occupying about 78% of square canvas. True transparent background RGBA, no solid background, no checkerboard drawing, no contact shadow outside object. Output one square icon only, no text, letters, digits, frame or UI. No hammer, scroll, sealed document, pair of workers. Reference is style only; do not copy its subjects. Final deliverable will be 96x96px."",""rawFile"":""raw/reasons/reason_slope_rock.png"",""referenceImages"":[""references/icon_cause_family_sheet.png""],""model"":""not supplied"",""seed"":""not supplied"",""sourceImageDimensions"":{""width"":1254,""height"":1254}}]","""Alpha-bounds crop, aspect-preserving Lanczos3 resize into centered 80x80 within transparent 96x96; original preserved.""","{""sourceWidth"":1254,""sourceHeight"":1254,""sourceTransparentPixels"":1065888,""alphaBounds"":[117,197,1146,1088],""alphaPreserved"":true,""visualReview"":""pass: inspected 24/32/48/96px contact sheet; distinct silhouettes and reserved motif avoidance"",""smallSizeNotes"":""Silhouette remains identifiable at 24px.""}"
"reason_wall_forbidden","candidate","assets/reasons/reason_wall_forbidden.png","96","96","reasons","A short three-stake medieval timber palisade fence with a dark crossed obstruction mark directly in front of its enclosed side. Fence is dominant, no shield, no document.","Southern England medieval material vocabulary; project P0 style reference only.","c1ccc2afd808db9d70bebf97f4c3114b497a4666f5daefc4894868f0693bdbb0","[{""tool"":""image_gen.imagegen"",""prompt"":""Use case: historical-scene. Make ONE transparent game UI icon, reason_wall_forbidden. Subject: A short three-stake medieval timber palisade fence with a dark crossed obstruction mark directly in front of its enclosed side. Fence is dominant, no shield, no document. Style: match attached project UI P0 reference: hand-painted medieval miniature, muted earthy color, thin dark brown outline, restrained painted shading. Simple and bold enough to read at 24 pixels; no microdetail. Subject centered with a compact silhouette occupying about 78% of square canvas. True transparent background RGBA, no solid background, no checkerboard drawing, no contact shadow outside object. Output one square icon only, no text, letters, digits, frame or UI. No hammer, scroll, sealed document, pair of workers. Reference is style only; do not copy its subjects. Final deliverable will be 96x96px."",""rawFile"":""raw/reasons/reason_wall_forbidden.png"",""referenceImages"":[""references/icon_cause_family_sheet.png""],""model"":""not supplied"",""seed"":""not supplied"",""sourceImageDimensions"":{""width"":1254,""height"":1254}}]","""Alpha-bounds crop, aspect-preserving Lanczos3 resize into centered 80x80 within transparent 96x96; original preserved.""","{""sourceWidth"":1254,""sourceHeight"":1254,""sourceTransparentPixels"":979723,""alphaBounds"":[213,166,1039,1063],""alphaPreserved"":true,""visualReview"":""pass: inspected 24/32/48/96px contact sheet; distinct silhouettes and reserved motif avoidance"",""smallSizeNotes"":""Silhouette remains identifiable at 24px.""}"
"reason_zone_forbidden","candidate","assets/reasons/reason_zone_forbidden.png","96","96","reasons","Two adjacent flat land parcels, one muted olive and one ochre, shown as simple isometric diamond plots with a stout little boundary barrier between them. Strong separation boundary. No brush, no document, no scroll.","Southern England medieval material vocabulary; project P0 style reference only.","9c959c509af7e8d1774d7edbb4333998079169d0623b7d375086d33486a43aa2","[{""tool"":""image_gen.imagegen"",""prompt"":""Use case: historical-scene. Make ONE transparent game UI icon, reason_zone_forbidden. Subject: Two adjacent flat land parcels, one muted olive and one ochre, shown as simple isometric diamond plots with a stout little boundary barrier between them. Strong separation boundary. No brush, no document, no scroll. Style: match attached project UI P0 reference: hand-painted medieval miniature, muted earthy color, thin dark brown outline, restrained painted shading. Simple and bold enough to read at 24 pixels; no microdetail. Subject centered with a compact silhouette occupying about 78% of square canvas. True transparent background RGBA, no solid background, no checkerboard drawing, no contact shadow outside object. Output one square icon only, no text, letters, digits, frame or UI. No hammer, scroll, sealed document, pair of workers. Reference is style only; do not copy its subjects. Final deliverable will be 96x96px."",""rawFile"":""raw/reasons/reason_zone_forbidden.png"",""referenceImages"":[""references/icon_cause_family_sheet.png""],""model"":""not supplied"",""seed"":""not supplied"",""sourceImageDimensions"":{""width"":1254,""height"":1254}}]","""Alpha-bounds crop, aspect-preserving Lanczos3 resize into centered 80x80 within transparent 96x96; original preserved.""","{""sourceWidth"":1254,""sourceHeight"":1254,""sourceTransparentPixels"":1179416,""alphaBounds"":[133,274,1121,1002],""alphaPreserved"":true,""visualReview"":""pass: inspected 24/32/48/96px contact sheet; distinct silhouettes and reserved motif avoidance"",""smallSizeNotes"":""Two plots and dividing barrier remain visible; exact restriction explained by reason chip.""}"
"reason_material_shortage","candidate","assets/reasons/reason_material_shortage.png","96","96","reasons","A single small medieval two-wheel wooden handcart with unmistakably EMPTY open cargo bed, visible bare interior floor. No cargo, no sacks, no people.","Southern England medieval material vocabulary; project P0 style reference only.","89065db518b7f3fdbaaaf17b5c9a27b8210ed240b62973a41f2bddead5e6735e","[{""tool"":""image_gen.imagegen"",""prompt"":""Use case: historical-scene. Make ONE transparent game UI icon, reason_material_shortage. Subject: A single small medieval two-wheel wooden handcart with unmistakably EMPTY open cargo bed, visible bare interior floor. No cargo, no sacks, no people. Style: match attached project UI P0 reference: hand-painted medieval miniature, muted earthy color, thin dark brown outline, restrained painted shading. Simple and bold enough to read at 24 pixels; no microdetail. Subject centered with a compact silhouette occupying about 78% of square canvas. True transparent background RGBA, no solid background, no checkerboard drawing, no contact shadow outside object. Output one square icon only, no text, letters, digits, frame or UI. No hammer, scroll, sealed document, pair of workers. Reference is style only; do not copy its subjects. Final deliverable will be 96x96px."",""rawFile"":""raw/reasons/reason_material_shortage.png"",""referenceImages"":[""references/icon_cause_family_sheet.png""],""model"":""not supplied"",""seed"":""not supplied"",""sourceImageDimensions"":{""width"":1254,""height"":1254}}]","""Alpha-bounds crop, aspect-preserving Lanczos3 resize into centered 80x80 within transparent 96x96; original preserved.""","{""sourceWidth"":1254,""sourceHeight"":1254,""sourceTransparentPixels"":1187555,""alphaBounds"":[169,285,1090,994],""alphaPreserved"":true,""visualReview"":""pass: inspected 24/32/48/96px contact sheet; distinct silhouettes and reserved motif avoidance"",""smallSizeNotes"":""Silhouette remains identifiable at 24px.""}"
"pattern_ok","candidate","assets/patterns/pattern_ok.png","64","32","patterns","isolated circular dots","Original generated texture retained; exact periodic production geometry reconstructed from generated ink colour and brush grain to enforce tiling.","e4262411b60f1cb56067d16eef58f67f0f91392de5a8ba381832f5eb560df901","[{""tool"":""image_gen.imagegen"",""prompt"":""Use case: stylized-concept. Asset type: medieval hand-painted HUD overlay texture reference pattern_ok. Generate one transparent PNG. A light grid of isolated evenly spaced tiny circular dots, muted warm dark sepia ink. No connecting lines. Restrained miniature hand-painted gouache texture matching the supplied project icon reference, no perspective objects, thin linework, low saturation. Transparent empty space between marks. No lettering, labels, border, background fill, shadows, numbers, watermark, parchment sheet, hammer, scroll, seal, or figures. This texture is the sole source of ink colour and brush grain for a mathematically seamless production overlay; use clean sparse geometry filling most of canvas."",""rawFile"":""raw/patterns/pattern_ok-generated.png"",""referenceImages"":[""references/icon_layer_mode_sheet.png""],""model"":""not provided by tool"",""seed"":""not provided by tool"",""sourceImageDimensions"":{""width"":1536,""height"":1024}}]","{""method"":""Sharp RGBA raster assembly, no Python. Generated ink pixels provide colour and subtle periodic grain; exact analytical masks provide tile-safe geometry and transparency."",""alphaUsage"":""Transparent between ink marks and outside diamond. Draw with source-over or multiply over a separate coloured placement fill; do not replace alpha with opaque diamond fill."",""lattice"":""Isometric translation basis (32,16),(-32,16); screen-space texture period 8px; top vertex (32,0), right (64,16), bottom (32,32), left (0,16).""}","{""alphaMin"":0,""alphaMax"":165,""meanAlpha"":5.15625,""nonzeroPixels"":64,""inkRGB"":[90,71,41],""periodFailures"":0,""slopeErrors"":{""diagonalDown"":15.46875,""diagonalUp"":15.46875,""horizontal"":10.3125},""grayscaleShape"":""isolated circular dots"",""outsideDiamondAlphaZero"":true}"
"pattern_blocked_hatch","candidate","assets/patterns/pattern_blocked_hatch.png","64","32","patterns","one diagonal line family","Original generated texture retained; exact periodic production geometry reconstructed from generated ink colour and brush grain to enforce tiling.","bc593738f230d12cab565e40413b1967e1e404bb0542aaa085593d0949532554","[{""tool"":""image_gen.imagegen"",""prompt"":""Use case: stylized-concept. Asset type: medieval hand-painted HUD overlay texture reference pattern_blocked_hatch. Generate one transparent PNG. Thin 45-degree parallel diagonal hatching stripes, muted warm dark sepia ink. No cross hatch. Restrained miniature hand-painted gouache texture matching the supplied project icon reference, no perspective objects, thin linework, low saturation. Transparent empty space between marks. No lettering, labels, border, background fill, shadows, numbers, watermark, parchment sheet, hammer, scroll, seal, or figures. This texture is the sole source of ink colour and brush grain for a mathematically seamless production overlay; use clean sparse geometry filling most of canvas."",""rawFile"":""raw/patterns/pattern_blocked_hatch-generated.png"",""referenceImages"":[""references/icon_layer_mode_sheet.png""],""model"":""not provided by tool"",""seed"":""not provided by tool"",""sourceImageDimensions"":{""width"":1254,""height"":1254}}]","{""method"":""Sharp RGBA raster assembly, no Python. Generated ink pixels provide colour and subtle periodic grain; exact analytical masks provide tile-safe geometry and transparency."",""alphaUsage"":""Transparent between ink marks and outside diamond. Draw with source-over or multiply over a separate coloured placement fill; do not replace alpha with opaque diamond fill."",""lattice"":""Isometric translation basis (32,16),(-32,16); screen-space texture period 8px; top vertex (32,0), right (64,16), bottom (32,32), left (0,16).""}","{""alphaMin"":0,""alphaMax"":225,""meanAlpha"":31.6875,""nonzeroPixels"":384,""inkRGB"":[106,75,46],""periodFailures"":0,""slopeErrors"":{""diagonalDown"":91.5,""diagonalUp"":0,""horizontal"":56.25},""grayscaleShape"":""one diagonal line family"",""outsideDiamondAlphaZero"":true}"
"pattern_blocked_cross","candidate","assets/patterns/pattern_blocked_cross.png","64","32","patterns","two crossing diagonal line families","Original generated texture retained; exact periodic production geometry reconstructed from generated ink colour and brush grain to enforce tiling.","853ca606b7edbdeec36c8d076dfcec79f49f75e6261541dd7a3bfb6ed560fea4","[{""tool"":""image_gen.imagegen"",""prompt"":""Use case: stylized-concept. Asset type: medieval hand-painted HUD overlay texture reference pattern_blocked_cross. Generate one transparent PNG. Thin intersecting diagonal cross-hatching stripes forming small diamond cells, muted warm dark sepia ink. Restrained miniature hand-painted gouache texture matching the supplied project icon reference, no perspective objects, thin linework, low saturation. Transparent empty space between marks. No lettering, labels, border, background fill, shadows, numbers, watermark, parchment sheet, hammer, scroll, seal, or figures. This texture is the sole source of ink colour and brush grain for a mathematically seamless production overlay; use clean sparse geometry filling most of canvas."",""rawFile"":""raw/patterns/pattern_blocked_cross-generated.png"",""referenceImages"":[""references/icon_layer_mode_sheet.png""],""model"":""not provided by tool"",""seed"":""not provided by tool"",""sourceImageDimensions"":{""width"":1254,""height"":1254}}]","{""method"":""Sharp RGBA raster assembly, no Python. Generated ink pixels provide colour and subtle periodic grain; exact analytical masks provide tile-safe geometry and transparency."",""alphaUsage"":""Transparent between ink marks and outside diamond. Draw with source-over or multiply over a separate coloured placement fill; do not replace alpha with opaque diamond fill."",""lattice"":""Isometric translation basis (32,16),(-32,16); screen-space texture period 8px; top vertex (32,0), right (64,16), bottom (32,32), left (0,16).""}","{""alphaMin"":0,""alphaMax"":225,""meanAlpha"":41.8125,""nonzeroPixels"":640,""inkRGB"":[95,68,42],""periodFailures"":0,""slopeErrors"":{""diagonalDown"":60.8125,""diagonalUp"":60.8125,""horizontal"":75.25},""grayscaleShape"":""two crossing diagonal line families"",""outsideDiamondAlphaZero"":true}"
"pattern_service_range_edge","candidate","assets/patterns/pattern_service_range_edge.png","128","16","patterns","separated horizontal dashes","Original generated texture retained; exact periodic production geometry reconstructed from generated ink colour and brush grain to enforce tiling.","9bedd3699eecbe920ce30c1a3997945449fc466dd5ba32d29063ff44260693ab","[{""tool"":""image_gen.imagegen"",""prompt"":""Use case: stylized-concept. Asset type: medieval hand-painted HUD overlay texture reference pattern_service_range_edge. Generate one transparent PNG. One horizontal line of evenly spaced short rounded ink dashes, muted warm dark sepia ink. No other marks. Restrained miniature hand-painted gouache texture matching the supplied project icon reference, no perspective objects, thin linework, low saturation. Transparent empty space between marks. No lettering, labels, border, background fill, shadows, numbers, watermark, parchment sheet, hammer, scroll, seal, or figures. This texture is the sole source of ink colour and brush grain for a mathematically seamless production overlay; use clean sparse geometry filling most of canvas."",""rawFile"":""raw/patterns/pattern_service_range_edge-generated.png"",""referenceImages"":[""references/icon_layer_mode_sheet.png""],""model"":""not provided by tool"",""seed"":""not provided by tool"",""sourceImageDimensions"":{""width"":2172,""height"":724}}]","{""method"":""Sharp RGBA raster assembly, no Python. Generated ink pixels provide colour and subtle periodic grain; exact analytical masks provide tile-safe geometry and transparency."",""alphaUsage"":""Transparent between ink marks and outside diamond. Draw with source-over or multiply over a separate coloured placement fill; do not replace alpha with opaque diamond fill."",""lattice"":""Horizontal repeat (128,0), internal dash period 16px""}","{""alphaMin"":0,""alphaMax"":225,""meanAlpha"":14.0625,""nonzeroPixels"":128,""inkRGB"":[76,51,25],""periodFailures"":0,""slopeErrors"":{},""grayscaleShape"":""separated horizontal dashes"",""outsideDiamondAlphaZero"":true}"
"zone_brush","candidate","assets/zone/zone_brush.png","96","96","zone","One upright broad flat pigment paintbrush, very short plain wooden handle at top, broad muted sage pigment bristles pointing vertically down, and one short sage paint swash below. No straw, no earth, no hand, no angled brush. Tool of area painting.","Wave18 zone tool candidate; new motif distinct from UI P0 layer brush. Not installed. UI P0 layer-mode sheet inspected for style/exclusion context but not uploaded as generation input.","f6a40d2f9aeb7fcd7accbf92dc0d53a8725ad97e3961e423444e11687233a463","[{""tool"":""image_gen.imagegen"",""prompt"":""Use case: stylized-concept. Generate a SINGLE standalone raster game HUD icon, square canvas, genuine transparent RGBA background, no background color or checkerboard baked into image. South England medieval city builder painted UI P0 style: muted warm natural palette, delicately hand-painted shading, thin clean dark warm-brown outer contour, simple bold readable silhouette at 24px, subdued texture only, no glossy 3D, no drop shadow, no panel or frame. Deliver one centered icon only with generous transparent padding, intended final 96x96 pixels. No text, letters, numerals, watermark. Do not use hammer, scroll, sealed document or two workers motifs. Subject: One upright broad flat pigment paintbrush, very short plain wooden handle at top, broad muted sage pigment bristles pointing vertically down, and one short sage paint swash below. No straw, no earth, no hand, no angled brush. Tool of area painting."",""rawFile"":""raw/zone/zone_brush.png"",""referenceImages"":[],""model"":""not supplied"",""seed"":""not supplied"",""sourceImageDimensions"":{""width"":1254,""height"":1254}}]","""Sharp transparent trim threshold 8 and Lanczos3 fit to 80px (small stamp 30px, large stamp 72px), centered on transparent 96x96; original alpha preserved; no repainting.""","{""alpha"":true,""transparentPixels"":6499,""opaquePixels"":218,""status"":""candidate"",""visualReview"":""Reviewed actual 24/32/48px contact: silhouette and intended tool readable; no reserved motifs, true transparent alpha, no text."",""reviewImage"":""raw/zone/contact-24-32-48.png""}"
"zone_polygon","candidate","assets/zone/zone_polygon.png","96","96","zone","One irregular closed pentagonal polygon outline made from a warm ochre cord-like stroke with five large dark bronze circular vertex nodes. Transparent hollow center. Flat frontal graphic, unmistakable connected polygon, no background.","Wave18 zone tool candidate; new motif distinct from UI P0 layer brush. Not installed. UI P0 layer-mode sheet inspected for style/exclusion context but not uploaded as generation input.","dc1eae2f0505bb6b5d4c74da51b667d8daab24c957c674b4eaa43e6283d8b3ab","[{""tool"":""image_gen.imagegen"",""prompt"":""Use case: stylized-concept. Generate a SINGLE standalone raster game HUD icon, square canvas, genuine transparent RGBA background, no background color or checkerboard baked into image. South England medieval city builder painted UI P0 style: muted warm natural palette, delicately hand-painted shading, thin clean dark warm-brown outer contour, simple bold readable silhouette at 24px, subdued texture only, no glossy 3D, no drop shadow, no panel or frame. Deliver one centered icon only with generous transparent padding, intended final 96x96 pixels. No text, letters, numerals, watermark. Do not use hammer, scroll, sealed document or two workers motifs. Subject: One irregular closed pentagonal polygon outline made from a warm ochre cord-like stroke with five large dark bronze circular vertex nodes. Transparent hollow center. Flat frontal graphic, unmistakable connected polygon, no background."",""rawFile"":""raw/zone/zone_polygon.png"",""referenceImages"":[],""model"":""not supplied"",""seed"":""not supplied"",""sourceImageDimensions"":{""width"":1254,""height"":1254}}]","""Sharp transparent trim threshold 8 and Lanczos3 fit to 80px (small stamp 30px, large stamp 72px), centered on transparent 96x96; original alpha preserved; no repainting.""","{""alpha"":true,""transparentPixels"":7214,""opaquePixels"":296,""status"":""candidate"",""visualReview"":""Reviewed actual 24/32/48px contact: silhouette and intended tool readable; no reserved motifs, true transparent alpha, no text."",""reviewImage"":""raw/zone/contact-24-32-48.png""}"
"zone_erase","candidate","assets/zone/zone_erase.png","96","96","zone","Broad rigid triangular iron scraper with wood handle removing sage paint, leaving a clean transparent lane. No bristles.","Wave18 zone tool candidate; new motif distinct from UI P0 layer brush. Not installed. UI P0 layer-mode sheet inspected for style/exclusion context but not uploaded as generation input. Initial scraper resembled a paintbrush and was rejected; targeted builtin v2 edit replaces bristle-like blade with a broad rigid iron scraper and clean removed paint lane.","b25b53d3613f1bce5197e4b35cd0d0f53098d10d565478ab4336c986a9b845d0","[{""tool"":""image_gen.imagegen"",""prompt"":""Use case: stylized-concept. Generate a SINGLE standalone raster game HUD icon, square canvas, genuine transparent RGBA background, no background color or checkerboard baked into image. South England medieval city builder painted UI P0 style: muted warm natural palette, delicately hand-painted shading, thin clean dark warm-brown outer contour, simple bold readable silhouette at 24px, subdued texture only, no glossy 3D, no drop shadow, no panel or frame. Deliver one centered icon only with generous transparent padding, intended final 96x96 pixels. No text, letters, numerals, watermark. Do not use hammer, scroll, sealed document or two workers motifs. Subject: One small medieval wooden handled paint scraper with broad pale steel edge, diagonally lifting away one short muted sage paint swash. Only scraper and swash. Not a modern eraser. No chisel crossed with ruler."",""rawFile"":""raw/zone/zone_erase.png"",""referenceImages"":[],""model"":""not supplied"",""seed"":""not supplied"",""sourceImageDimensions"":{""width"":1254,""height"":1254}},{""tool"":""image_gen.imagegen"",""prompt"":""Edit this single game icon to make it unmistakably an ERASING PAINT SCRAPER, NOT A PAINTBRUSH. Keep handpainted medieval muted warm UI P0 tone with thin brown outlines and genuinely transparent background. Replace the existing bristly paintbrush-like blade entirely with a broad, short, rigid triangular dark iron scraper blade with straight bright beveled bottom scraping edge and clearly visible solid dark metal face, attached to a stubby rounded wooden handle; tool seen diagonally from upper right toward lower left. NO HAIRS, NO BRISTLES, NO FLEXIBLE BRUSH, no soft pale blade. Beneath the blade show a muted sage paint patch with a broad clean transparent lane scraped through its middle; a tiny curled peel of paint sits at the scraping edge. The broad iron blade should be the dominant silhouette. Simple bold readable at 24px, just one isolated tool and one small partly removed paint patch, no text, no shadow, no frame, transparent RGBA square. Keep generous transparent margins. No hammer, scroll, document, workers."",""rawFile"":""raw/zone/zone_erase-v2.png"",""referenceImages"":[""raw/zone/zone_erase-v1-export.png""],""model"":""not supplied"",""seed"":""not supplied"",""sourceImageDimensions"":{""width"":1254,""height"":1254}}]","""Sharp transparent trim threshold 8 and Lanczos3 fit to 80px (small stamp 30px, large stamp 72px), centered on transparent 96x96; original alpha preserved; no repainting.""","{""alpha"":true,""transparentPixels"":6875,""opaquePixels"":176,""status"":""candidate"",""visualReview"":""v2 broad straight iron blade distinct from brush; scraped clear lane visible. Reviewed 24/32/48px contact."",""reviewImage"":""raw/zone/contact-24-32-48.png""}"
"zone_undo","candidate","assets/zone/zone_undo.png","96","96","zone","One single broad curved return arrow curling from right to left, arrowhead at upper LEFT points left. Warm parchment ivory fill, thin dark brown outline, tiny warm shading. A simple nearly semicircular open arc. No objects.","Wave18 zone tool candidate; new motif distinct from UI P0 layer brush. Not installed. UI P0 layer-mode sheet inspected for style/exclusion context but not uploaded as generation input.","bdf1c1c861525ca76d2b6c0c630b55a5a5ef2b248f951b850efc5f9f0d60bd5b","[{""tool"":""image_gen.imagegen"",""prompt"":""Use case: stylized-concept. Generate a SINGLE standalone raster game HUD icon, square canvas, genuine transparent RGBA background, no background color or checkerboard baked into image. South England medieval city builder painted UI P0 style: muted warm natural palette, delicately hand-painted shading, thin clean dark warm-brown outer contour, simple bold readable silhouette at 24px, subdued texture only, no glossy 3D, no drop shadow, no panel or frame. Deliver one centered icon only with generous transparent padding, intended final 96x96 pixels. No text, letters, numerals, watermark. Do not use hammer, scroll, sealed document or two workers motifs. Subject: One single broad curved return arrow curling from right to left, arrowhead at upper LEFT points left. Warm parchment ivory fill, thin dark brown outline, tiny warm shading. A simple nearly semicircular open arc. No objects."",""rawFile"":""raw/zone/zone_undo.png"",""referenceImages"":[],""model"":""not supplied"",""seed"":""not supplied"",""sourceImageDimensions"":{""width"":1254,""height"":1254}}]","""Sharp transparent trim threshold 8 and Lanczos3 fit to 80px (small stamp 30px, large stamp 72px), centered on transparent 96x96; original alpha preserved; no repainting.""","{""alpha"":true,""transparentPixels"":6804,""opaquePixels"":207,""status"":""candidate"",""visualReview"":""Reviewed actual 24/32/48px contact: silhouette and intended tool readable; no reserved motifs, true transparent alpha, no text."",""reviewImage"":""raw/zone/contact-24-32-48.png""}"
"zone_redo","candidate","assets/zone/zone_redo.png","96","96","zone","One single broad curved return arrow curling from left to right, arrowhead at upper RIGHT points right. Warm parchment ivory fill, thin dark brown outline, tiny warm shading. A simple nearly semicircular open arc. No objects.","Wave18 zone tool candidate; new motif distinct from UI P0 layer brush. Not installed. UI P0 layer-mode sheet inspected for style/exclusion context but not uploaded as generation input.","f3e5f681dc16d8c8c2a6f7e8b29f3a1f349ec0d986062516c3413d93346f0b96","[{""tool"":""image_gen.imagegen"",""prompt"":""Use case: stylized-concept. Generate a SINGLE standalone raster game HUD icon, square canvas, genuine transparent RGBA background, no background color or checkerboard baked into image. South England medieval city builder painted UI P0 style: muted warm natural palette, delicately hand-painted shading, thin clean dark warm-brown outer contour, simple bold readable silhouette at 24px, subdued texture only, no glossy 3D, no drop shadow, no panel or frame. Deliver one centered icon only with generous transparent padding, intended final 96x96 pixels. No text, letters, numerals, watermark. Do not use hammer, scroll, sealed document or two workers motifs. Subject: One single broad curved return arrow curling from left to right, arrowhead at upper RIGHT points right. Warm parchment ivory fill, thin dark brown outline, tiny warm shading. A simple nearly semicircular open arc. No objects."",""rawFile"":""raw/zone/zone_redo.png"",""referenceImages"":[],""model"":""not supplied"",""seed"":""not supplied"",""sourceImageDimensions"":{""width"":1254,""height"":1254}}]","""Sharp transparent trim threshold 8 and Lanczos3 fit to 80px (small stamp 30px, large stamp 72px), centered on transparent 96x96; original alpha preserved; no repainting.""","{""alpha"":true,""transparentPixels"":6670,""opaquePixels"":191,""status"":""candidate"",""visualReview"":""Reviewed actual 24/32/48px contact: silhouette and intended tool readable; no reserved motifs, true transparent alpha, no text."",""reviewImage"":""raw/zone/contact-24-32-48.png""}"
"zone_size_small","candidate","assets/zone/zone_size_small.png","96","96","zone","One small circular sage pigment brush stamp footprint, diameter only 32 percent of canvas width, centered, solid opaque muted sage interior with a few subtle bristle flecks at the circular edge and thin brown outline. Rest entirely transparent. No brush, no ring, no dots, no text.","Wave18 zone tool candidate; new motif distinct from UI P0 layer brush. Not installed. UI P0 layer-mode sheet inspected for style/exclusion context but not uploaded as generation input.","d79b9520fa076f0345c96c2f45e1057b56a3f2a4009f94535c0ac58f83477b76","[{""tool"":""image_gen.imagegen"",""prompt"":""Use case: stylized-concept. Generate a SINGLE standalone raster game HUD icon, square canvas, genuine transparent RGBA background, no background color or checkerboard baked into image. South England medieval city builder painted UI P0 style: muted warm natural palette, delicately hand-painted shading, thin clean dark warm-brown outer contour, simple bold readable silhouette at 24px, subdued texture only, no glossy 3D, no drop shadow, no panel or frame. Deliver one centered icon only with generous transparent padding, intended final 96x96 pixels. No text, letters, numerals, watermark. Do not use hammer, scroll, sealed document or two workers motifs. Subject: One small circular sage pigment brush stamp footprint, diameter only 32 percent of canvas width, centered, solid opaque muted sage interior with a few subtle bristle flecks at the circular edge and thin brown outline. Rest entirely transparent. No brush, no ring, no dots, no text."",""rawFile"":""raw/zone/zone_size_small.png"",""referenceImages"":[],""model"":""not supplied"",""seed"":""not supplied"",""sourceImageDimensions"":{""width"":1254,""height"":1254}}]","""Sharp transparent trim threshold 8 and Lanczos3 fit to 80px (small stamp 30px, large stamp 72px), centered on transparent 96x96; original alpha preserved; no repainting.""","{""alpha"":true,""transparentPixels"":8444,""opaquePixels"":60,""status"":""candidate"",""visualReview"":""Reviewed actual 24/32/48px contact: silhouette and intended tool readable; no reserved motifs, true transparent alpha, no text."",""reviewImage"":""raw/zone/contact-24-32-48.png""}"
"zone_size_large","candidate","assets/zone/zone_size_large.png","96","96","zone","One large circular sage pigment brush stamp footprint, diameter 76 percent of canvas width, centered, solid opaque muted sage interior with a few subtle bristle flecks at circular edge and thin brown outline. Rest entirely transparent. No brush, no ring, no dots, no text.","Wave18 zone tool candidate; new motif distinct from UI P0 layer brush. Not installed. UI P0 layer-mode sheet inspected for style/exclusion context but not uploaded as generation input.","0b2c61438b0ab26e14d909866ea76f3e8d553444ba7a889b012725a06da21b0e","[{""tool"":""image_gen.imagegen"",""prompt"":""Use case: stylized-concept. Generate a SINGLE standalone raster game HUD icon, square canvas, genuine transparent RGBA background, no background color or checkerboard baked into image. South England medieval city builder painted UI P0 style: muted warm natural palette, delicately hand-painted shading, thin clean dark warm-brown outer contour, simple bold readable silhouette at 24px, subdued texture only, no glossy 3D, no drop shadow, no panel or frame. Deliver one centered icon only with generous transparent padding, intended final 96x96 pixels. No text, letters, numerals, watermark. Do not use hammer, scroll, sealed document or two workers motifs. Subject: One large circular sage pigment brush stamp footprint, diameter 76 percent of canvas width, centered, solid opaque muted sage interior with a few subtle bristle flecks at circular edge and thin brown outline. Rest entirely transparent. No brush, no ring, no dots, no text."",""rawFile"":""raw/zone/zone_size_large.png"",""referenceImages"":[],""model"":""not supplied"",""seed"":""not supplied"",""sourceImageDimensions"":{""width"":1254,""height"":1254}}]","""Sharp transparent trim threshold 8 and Lanczos3 fit to 80px (small stamp 30px, large stamp 72px), centered on transparent 96x96; original alpha preserved; no repainting.""","{""alpha"":true,""transparentPixels"":5028,""opaquePixels"":150,""status"":""candidate"",""visualReview"":""Reviewed actual 24/32/48px contact: silhouette and intended tool readable; no reserved motifs, true transparent alpha, no text."",""reviewImage"":""raw/zone/contact-24-32-48.png""}"
"zone_paint_forbidden","candidate","assets/zone/zone_paint_forbidden.png","96","96","zone","One broad muted sage paint patch with softly bristled square silhouette, crossed by a single thick diagonal pale terracotta prohibition slash from lower left to upper right, dark brown outlined slash. Flat frontal graphic. Only paint patch and slash, not two land parcels, no enclosing circle.","Wave18 zone tool candidate; new motif distinct from UI P0 layer brush. Not installed. UI P0 layer-mode sheet inspected for style/exclusion context but not uploaded as generation input.","9cd66e634ce1eeb0a95c27f021841f689874daca4c5f635221b1370241035487","[{""tool"":""image_gen.imagegen"",""prompt"":""Use case: stylized-concept. Generate a SINGLE standalone raster game HUD icon, square canvas, genuine transparent RGBA background, no background color or checkerboard baked into image. South England medieval city builder painted UI P0 style: muted warm natural palette, delicately hand-painted shading, thin clean dark warm-brown outer contour, simple bold readable silhouette at 24px, subdued texture only, no glossy 3D, no drop shadow, no panel or frame. Deliver one centered icon only with generous transparent padding, intended final 96x96 pixels. No text, letters, numerals, watermark. Do not use hammer, scroll, sealed document or two workers motifs. Subject: One broad muted sage paint patch with softly bristled square silhouette, crossed by a single thick diagonal pale terracotta prohibition slash from lower left to upper right, dark brown outlined slash. Flat frontal graphic. Only paint patch and slash, not two land parcels, no enclosing circle."",""rawFile"":""raw/zone/zone_paint_forbidden.png"",""referenceImages"":[],""model"":""not supplied"",""seed"":""not supplied"",""sourceImageDimensions"":{""width"":1254,""height"":1254}}]","""Sharp transparent trim threshold 8 and Lanczos3 fit to 80px (small stamp 30px, large stamp 72px), centered on transparent 96x96; original alpha preserved; no repainting.""","{""alpha"":true,""transparentPixels"":3959,""opaquePixels"":226,""status"":""candidate"",""visualReview"":""Reviewed actual 24/32/48px contact: silhouette and intended tool readable; no reserved motifs, true transparent alpha, no text."",""reviewImage"":""raw/zone/contact-24-32-48.png""}"
"crisis_food_shortage","candidate","assets/crisis/crisis_food_shortage.png","96","96","crisis","An EMPTY shallow wooden food bowl seen three-quarter top view, three tiny crumbs in its otherwise visibly empty interior. Empty concave bowl is the large recognizable silhouette. No bread loaf, utensils, coins or people.","Wave18 candidate, newly generated; no runtime installation.","54927e1f3785334679eeb706a7a5972cc0b3f0c0ea5a29c73d58c1c347e7340e","[{""tool"":""image_gen.imagegen"",""prompt"":""Use case: illustration-story. Create ONE standalone medieval city-builder crisis HUD icon, transparent true RGBA background, no backdrop, no tile or badge. Match provided project's UI P0 reference images' thin dark brown outline, muted ochre/oak/gray palette, compact hand-painted slightly textured forms. Simple silhouette strongly readable at 24,32,48 pixels, subject centered filling ~80% of square with padding. No text, letters, numbers, watermark, interface. No hammer, scroll, sealed document, two workers. This will be resized to 96x96 PNG. Subject: An EMPTY shallow wooden food bowl seen three-quarter top view, three tiny crumbs in its otherwise visibly empty interior. Empty concave bowl is the large recognizable silhouette. No bread loaf, utensils, coins or people."",""rawFile"":""raw/crisis/crisis_food_shortage-v1.png"",""referenceImages"":[""references/icon_resource_sheet.png"",""references/icon_cause_family_sheet.png""],""model"":""not supplied"",""seed"":""not supplied"",""sourceImageDimensions"":{""width"":1254,""height"":1254}}]","""Sharp alpha trim; proportional resize fit 82x82 into intermediate PNG buffer; centered transparent contain canvas 96x96 without enlargement; RGBA PNG. Original preserved.""","{""status"":""candidate"",""dimensions"":""96x96"",""hasAlpha"":true,""alphaMin"":0,""alphaMax"":255,""visualReview"":""PASS internal contact-sheet inspection at 24/32/48 px: six overall silhouettes differentiated, thin brown contours and muted palette consistent with P0; small crumbs and scale details become secondary at 24 px, intended crisis use remains 36/48 px."",""text"":""none"",""reservedMotifs"":""No hammer, scroll, sealed document, or two workers.""}"
"crisis_construction_blocked","candidate","assets/crisis/crisis_construction_blocked.png","96","96","crisis","A compact unfinished timber scaffolding frame with two upright posts and an overhead beam, its entrance visibly closed by a prominent horizontal wooden barrier. No hammers, road, workers, warning triangles or letters.","Wave18 candidate, newly generated; no runtime installation.","1898fdbe3b9339bcff7034a3af27d40ec884da4ed2779d4381d23d6f22123708","[{""tool"":""image_gen.imagegen"",""prompt"":""Use case: illustration-story. Create ONE standalone medieval city-builder crisis HUD icon, transparent true RGBA background, no backdrop, no tile or badge. Match provided project's UI P0 reference images' thin dark brown outline, muted ochre/oak/gray palette, compact hand-painted slightly textured forms. Simple silhouette strongly readable at 24,32,48 pixels, subject centered filling ~80% of square with padding. No text, letters, numbers, watermark, interface. No hammer, scroll, sealed document, two workers. This will be resized to 96x96 PNG. Subject: A compact unfinished timber scaffolding frame with two upright posts and an overhead beam, its entrance visibly closed by a prominent horizontal wooden barrier. No hammers, road, workers, warning triangles or letters."",""rawFile"":""raw/crisis/crisis_construction_blocked-v1.png"",""referenceImages"":[""references/icon_resource_sheet.png"",""references/icon_cause_family_sheet.png""],""model"":""not supplied"",""seed"":""not supplied"",""sourceImageDimensions"":{""width"":1254,""height"":1254}}]","""Sharp alpha trim; proportional resize fit 82x82 into intermediate PNG buffer; centered transparent contain canvas 96x96 without enlargement; RGBA PNG. Original preserved.""","{""status"":""candidate"",""dimensions"":""96x96"",""hasAlpha"":true,""alphaMin"":0,""alphaMax"":255,""visualReview"":""PASS internal contact-sheet inspection at 24/32/48 px: six overall silhouettes differentiated, thin brown contours and muted palette consistent with P0; small crumbs and scale details become secondary at 24 px, intended crisis use remains 36/48 px."",""text"":""none"",""reservedMotifs"":""No hammer, scroll, sealed document, or two workers.""}"
"crisis_storage_full","candidate","assets/crisis/crisis_storage_full.png","96","96","crisis","An OPEN squat wooden storage bin visibly overflowing above its rim with pale cloth sacks and bundles, lid absent. Open top and bulging cargo silhouette clearly distinguish this from a closed wooden crate. No people or bread loaf.","Wave18 candidate, newly generated; no runtime installation.","1377a0abf2650efb45e369190259266ed2e27bdba50eee24a8067bb2cac7b32d","[{""tool"":""image_gen.imagegen"",""prompt"":""Use case: illustration-story. Create ONE standalone medieval city-builder crisis HUD icon, transparent true RGBA background, no backdrop, no tile or badge. Match provided project's UI P0 reference images' thin dark brown outline, muted ochre/oak/gray palette, compact hand-painted slightly textured forms. Simple silhouette strongly readable at 24,32,48 pixels, subject centered filling ~80% of square with padding. No text, letters, numbers, watermark, interface. No hammer, scroll, sealed document, two workers. This will be resized to 96x96 PNG. Subject: An OPEN squat wooden storage bin visibly overflowing above its rim with pale cloth sacks and bundles, lid absent. Open top and bulging cargo silhouette clearly distinguish this from a closed wooden crate. No people or bread loaf."",""rawFile"":""raw/crisis/crisis_storage_full-v1.png"",""referenceImages"":[""references/icon_resource_sheet.png"",""references/icon_cause_family_sheet.png""],""model"":""not supplied"",""seed"":""not supplied"",""sourceImageDimensions"":{""width"":1254,""height"":1254}}]","""Sharp alpha trim; proportional resize fit 82x82 into intermediate PNG buffer; centered transparent contain canvas 96x96 without enlargement; RGBA PNG. Original preserved.""","{""status"":""candidate"",""dimensions"":""96x96"",""hasAlpha"":true,""alphaMin"":0,""alphaMax"":255,""visualReview"":""PASS internal contact-sheet inspection at 24/32/48 px: six overall silhouettes differentiated, thin brown contours and muted palette consistent with P0; small crumbs and scale details become secondary at 24 px, intended crisis use remains 36/48 px."",""text"":""none"",""reservedMotifs"":""No hammer, scroll, sealed document, or two workers.""}"
"crisis_household_leaving","candidate","assets/crisis/crisis_household_leaving.png","96","96","crisis","A single tied ochre cloth household bundle leaning left, accompanied by two dark shoe sole footprint silhouettes traveling to the right. One bundle with knotted fabric ears and two rightward footsteps only. No human figures, tools, doors, arrows or text.","Wave18 candidate, newly generated; no runtime installation.","94a4d9579926f6d210abc59b4b0449cd2fcb32b74ccf90caae24ce73d41b6a4f","[{""tool"":""image_gen.imagegen"",""prompt"":""Use case: illustration-story. Create ONE standalone medieval city-builder crisis HUD icon, transparent true RGBA background, no backdrop, no tile or badge. Match provided project's UI P0 reference images' thin dark brown outline, muted ochre/oak/gray palette, compact hand-painted slightly textured forms. Simple silhouette strongly readable at 24,32,48 pixels, subject centered filling ~80% of square with padding. No text, letters, numbers, watermark, interface. No hammer, scroll, sealed document, two workers. This will be resized to 96x96 PNG. Subject: A single tied ochre cloth household bundle leaning left, accompanied by two dark shoe sole footprint silhouettes traveling to the right. One bundle with knotted fabric ears and two rightward footsteps only. No human figures, tools, doors, arrows or text."",""rawFile"":""raw/crisis/crisis_household_leaving-v1.png"",""referenceImages"":[""references/icon_resource_sheet.png"",""references/icon_cause_family_sheet.png""],""model"":""not supplied"",""seed"":""not supplied"",""sourceImageDimensions"":{""width"":1254,""height"":1254}}]","""Sharp alpha trim; proportional resize fit 82x82 into intermediate PNG buffer; centered transparent contain canvas 96x96 without enlargement; RGBA PNG. Original preserved.""","{""status"":""candidate"",""dimensions"":""96x96"",""hasAlpha"":true,""alphaMin"":0,""alphaMax"":255,""visualReview"":""PASS internal contact-sheet inspection at 24/32/48 px: six overall silhouettes differentiated, thin brown contours and muted palette consistent with P0; small crumbs and scale details become secondary at 24 px, intended crisis use remains 36/48 px."",""text"":""none"",""reservedMotifs"":""No hammer, scroll, sealed document, or two workers.""}"
"crisis_fire","candidate","assets/crisis/crisis_fire.png","96","96","crisis","One compact stylized contained flame with three tongues, muted burnt orange outer shape and warm ochre core, thin dark-brown hand-drawn edge, rising from two tiny charcoal embers. No house, chimney, people, badge, white glow.","Wave18 candidate, newly generated; no runtime installation.","40905b23a78a175eb2f25e04bfa1c988606f315140da4a56a3d8b3074856ee63","[{""tool"":""image_gen.imagegen"",""prompt"":""Use case: illustration-story. Create ONE standalone medieval city-builder crisis HUD icon, transparent true RGBA background, no backdrop, no tile or badge. Match provided project's UI P0 reference images' thin dark brown outline, muted ochre/oak/gray palette, compact hand-painted slightly textured forms. Simple silhouette strongly readable at 24,32,48 pixels, subject centered filling ~80% of square with padding. No text, letters, numbers, watermark, interface. No hammer, scroll, sealed document, two workers. This will be resized to 96x96 PNG. Subject: One compact stylized contained flame with three tongues, muted burnt orange outer shape and warm ochre core, thin dark-brown hand-drawn edge, rising from two tiny charcoal embers. No house, chimney, people, badge, white glow."",""rawFile"":""raw/crisis/crisis_fire-v1.png"",""referenceImages"":[""references/icon_resource_sheet.png"",""references/icon_cause_family_sheet.png""],""model"":""not supplied"",""seed"":""not supplied"",""sourceImageDimensions"":{""width"":1254,""height"":1254}}]","""Sharp alpha trim; proportional resize fit 82x82 into intermediate PNG buffer; centered transparent contain canvas 96x96 without enlargement; RGBA PNG. Original preserved.""","{""status"":""candidate"",""dimensions"":""96x96"",""hasAlpha"":true,""alphaMin"":0,""alphaMax"":255,""visualReview"":""PASS internal contact-sheet inspection at 24/32/48 px: six overall silhouettes differentiated, thin brown contours and muted palette consistent with P0; small crumbs and scale details become secondary at 24 px, intended crisis use remains 36/48 px."",""text"":""none"",""reservedMotifs"":""No hammer, scroll, sealed document, or two workers.""}"
"crisis_upkeep_unpaid","candidate","assets/crisis/crisis_upkeep_unpaid.png","96","96","crisis","One slack nearly empty leather coin purse lying low, with its mouth open and one small coin tipped on edge beside it; behind it a very small visibly unbalanced two-pan wooden balance, one pan low and other high. Dominant silhouette is slumped empty purse rather than full upright money pouch. No writing, documents, seals or people.","Wave18 candidate, newly generated; no runtime installation.","994d2ad8f0e0dda6ee05c1ebd7dee16f4cd8d9382c05be1fd9ea29537bc8f642","[{""tool"":""image_gen.imagegen"",""prompt"":""Use case: illustration-story. Create ONE standalone medieval city-builder crisis HUD icon, transparent true RGBA background, no backdrop, no tile or badge. Match provided project's UI P0 reference images' thin dark brown outline, muted ochre/oak/gray palette, compact hand-painted slightly textured forms. Simple silhouette strongly readable at 24,32,48 pixels, subject centered filling ~80% of square with padding. No text, letters, numbers, watermark, interface. No hammer, scroll, sealed document, two workers. This will be resized to 96x96 PNG. Subject: One slack nearly empty leather coin purse lying low, with its mouth open and one small coin tipped on edge beside it; behind it a very small visibly unbalanced two-pan wooden balance, one pan low and other high. Dominant silhouette is slumped empty purse rather than full upright money pouch. No writing, documents, seals or people."",""rawFile"":""raw/crisis/crisis_upkeep_unpaid-v1.png"",""referenceImages"":[""references/icon_resource_sheet.png"",""references/icon_cause_family_sheet.png""],""model"":""not supplied"",""seed"":""not supplied"",""sourceImageDimensions"":{""width"":1254,""height"":1254}}]","""Sharp alpha trim; proportional resize fit 82x82 into intermediate PNG buffer; centered transparent contain canvas 96x96 without enlargement; RGBA PNG. Original preserved.""","{""status"":""candidate"",""dimensions"":""96x96"",""hasAlpha"":true,""alphaMin"":0,""alphaMax"":255,""visualReview"":""PASS internal contact-sheet inspection at 24/32/48 px: six overall silhouettes differentiated, thin brown contours and muted palette consistent with P0; small crumbs and scale details become secondary at 24 px, intended crisis use remains 36/48 px."",""text"":""none"",""reservedMotifs"":""No hammer, scroll, sealed document, or two workers.""}"
"hud_hide","candidate","assets/misc/hud_hide.png","96","96","misc","HUD hide toggle: a simple almond shaped eye with one diagonal slash crossing it. Only eye outline, single dark pupil and a strong clean diagonal slash; no arrow, no floating panel. Warm beige eye and muted brown outline.","Candidate; P0 style reference only; no runtime installation. Lock is explicitly requested functional lock badge.","d0237ac9278228ac1443a61603efc2cd0318c6ff82d8ad2c7d85c63bbdb5ae29","[{""tool"":""image_gen.imagegen"",""prompt"":""Use case: stylized-concept. Create exactly ONE isolated medieval city-builder raster HUD icon on genuinely transparent RGBA background. Square canvas with centered shape and generous transparent margins; no text, letters, numbers, decorative panel, shadow backdrop or watermark. Match attached project P0 sheet style only: muted warm ochre, brown ink thin outline, restrained hand-painted highlights, simple broad silhouette readable at 24px, slight material texture. Do not copy subjects from reference. Final use96x96.\nSubject: HUD hide toggle: a simple almond shaped eye with one diagonal slash crossing it. Only eye outline, single dark pupil and a strong clean diagonal slash; no arrow, no floating panel. Warm beige eye and muted brown outline."",""rawFile"":""raw/misc/hud_hide.png"",""referenceImages"":[""references/icon_resource_sheet.png""],""model"":""not supplied"",""seed"":""not supplied"",""sourceImageDimensions"":{""width"":1254,""height"":1254}}]","""Alpha-bounds crop; aspect-preserving fit within80x80; center in96x96transparent canvas.""","{""status"":""candidate"",""alpha"":""preserved original generated alpha"",""smallSizeReview"":[24,32,48],""text"":""none"",""forbiddenMotifs"":""none"",""runtimeInstalled"":false,""visualReview"":""24/32/48px inspection passed: eye slash, lock, check, X independently readable; pulse is intentionally subtle feedback ring.""}"
"layer_lock_badge","candidate","assets/misc/layer_lock_badge.png","96","96","misc","Small layer lock badge: a compact CLOSED medieval dark iron padlock, simple rounded U shackle and compact square iron body with one keyhole. Dark slate iron face, warm brown outline, modest warm edge highlight. Clearly closed lock; no layer stack or parchment.","Candidate; P0 style reference only; no runtime installation. Lock is explicitly requested functional lock badge.","daf7a3984859dab26bf63a6dac3507962ba3a76bbdefad94bd2175e4cd6e2c76","[{""tool"":""image_gen.imagegen"",""prompt"":""Use case: stylized-concept. Create exactly ONE isolated medieval city-builder raster HUD icon on genuinely transparent RGBA background. Square canvas with centered shape and generous transparent margins; no text, letters, numbers, decorative panel, shadow backdrop or watermark. Match attached project P0 sheet style only: muted warm ochre, brown ink thin outline, restrained hand-painted highlights, simple broad silhouette readable at 24px, slight material texture. Do not copy subjects from reference. Final use96x96.\nSubject: Small layer lock badge: a compact CLOSED medieval dark iron padlock, simple rounded U shackle and compact square iron body with one keyhole. Dark slate iron face, warm brown outline, modest warm edge highlight. Clearly closed lock; no layer stack or parchment."",""rawFile"":""raw/misc/layer_lock_badge.png"",""referenceImages"":[""references/icon_resource_sheet.png""],""model"":""not supplied"",""seed"":""not supplied"",""sourceImageDimensions"":{""width"":1254,""height"":1254}}]","""Alpha-bounds crop; aspect-preserving fit within80x80; center in96x96transparent canvas.""","{""status"":""candidate"",""alpha"":""preserved original generated alpha"",""smallSizeReview"":[24,32,48],""text"":""none"",""forbiddenMotifs"":""none"",""runtimeInstalled"":false,""visualReview"":""24/32/48px inspection passed: eye slash, lock, check, X independently readable; pulse is intentionally subtle feedback ring.""}"
"pulse_ring","candidate","assets/misc/pulse_ring.png","288","96","misc","Unlock pulse animation source: exactly ONE plain thin circular ring with hollow genuinely transparent interior and exterior. Muted pale ochre hand-painted stroke and discreet brown outline, no spokes, rays, glow cloud, dots, symbols or central mark. Exact circle centered. Ring diameter about72percent canvas. Even stroke about3percent canvas.","Candidate; P0 style reference only; no runtime installation. Lock is explicitly requested functional lock badge.","614889c4445c1f7ca98c197a691f627f4887e12660f28d19ddd99eb62055cae3","[{""tool"":""image_gen.imagegen"",""prompt"":""Use case: stylized-concept. Create exactly ONE isolated medieval city-builder raster HUD icon on genuinely transparent RGBA background. Square canvas with centered shape and generous transparent margins; no text, letters, numbers, decorative panel, shadow backdrop or watermark. Match attached project P0 sheet style only: muted warm ochre, brown ink thin outline, restrained hand-painted highlights, simple broad silhouette readable at 24px, slight material texture. Do not copy subjects from reference. Final use96x96.\nSubject: Unlock pulse animation source: exactly ONE plain thin circular ring with hollow genuinely transparent interior and exterior. Muted pale ochre hand-painted stroke and discreet brown outline, no spokes, rays, glow cloud, dots, symbols or central mark. Exact circle centered. Ring diameter about72percent canvas. Even stroke about3percent canvas."",""rawFile"":""raw/misc/pulse_ring.png"",""referenceImages"":[""references/icon_resource_sheet.png""],""model"":""not supplied"",""seed"":""not supplied"",""sourceImageDimensions"":{""width"":1254,""height"":1254}}]","""Alpha-bounds crop; render source into 48,66,84px rings with alpha factors0.80,0.55,0.28; centered inside 96x96frames, horizontal288x96sheet. Frame origins0,96,192; all centers48,48.""","{""status"":""candidate"",""alpha"":""preserved original generated alpha"",""smallSizeReview"":[24,32,48],""text"":""none"",""forbiddenMotifs"":""none"",""runtimeInstalled"":false,""visualReview"":""24/32/48px inspection passed: eye slash, lock, check, X independently readable; pulse is intentionally subtle feedback ring."",""frameCenterAlpha"":[0,0,0],""frameMaximumAlpha"":[204,140,71]}"
"confirm_check_touch","candidate","assets/misc/confirm_check_touch.png","96","96","misc","Tablet confirm icon: one large thick check mark, lower left short rising? Standard unequivocal checkmark: short stroke descends from left upper to low center then long stroke rises toward right upper. Muted sage green painted solid check with thin dark brown outline and subtle light edge. No circle or plaque.","Candidate; P0 style reference only; no runtime installation. Lock is explicitly requested functional lock badge.","a23ae391d547c278d93d6c17d4048c3dde7ce80dbc07b03093c983b5dcb368f8","[{""tool"":""image_gen.imagegen"",""prompt"":""Use case: stylized-concept. Create exactly ONE isolated medieval city-builder raster HUD icon on genuinely transparent RGBA background. Square canvas with centered shape and generous transparent margins; no text, letters, numbers, decorative panel, shadow backdrop or watermark. Match attached project P0 sheet style only: muted warm ochre, brown ink thin outline, restrained hand-painted highlights, simple broad silhouette readable at 24px, slight material texture. Do not copy subjects from reference. Final use96x96.\nSubject: Tablet confirm icon: one large thick check mark, lower left short rising? Standard unequivocal checkmark: short stroke descends from left upper to low center then long stroke rises toward right upper. Muted sage green painted solid check with thin dark brown outline and subtle light edge. No circle or plaque."",""rawFile"":""raw/misc/confirm_check_touch.png"",""referenceImages"":[""references/icon_resource_sheet.png""],""model"":""not supplied"",""seed"":""not supplied"",""sourceImageDimensions"":{""width"":1254,""height"":1254}}]","""Alpha-bounds crop; aspect-preserving fit within80x80; center in96x96transparent canvas.""","{""status"":""candidate"",""alpha"":""preserved original generated alpha"",""smallSizeReview"":[24,32,48],""text"":""none"",""forbiddenMotifs"":""none"",""runtimeInstalled"":false,""visualReview"":""24/32/48px inspection passed: eye slash, lock, check, X independently readable; pulse is intentionally subtle feedback ring.""}"
"cancel_touch","candidate","assets/misc/cancel_touch.png","96","96","misc","Tablet cancel icon: one large thick symmetrical diagonal X cross, muted terracotta painted solid cross with thin dark brown outline and subtle light edge. No circle or plaque. Shape must match broad stroke weight of a touch confirmation check.","Candidate; P0 style reference only; no runtime installation. Lock is explicitly requested functional lock badge.","c0f25dbb5b2add2f397b7560b086f413fd8fb391af270be74bc77e639f2974f9","[{""tool"":""image_gen.imagegen"",""prompt"":""Use case: stylized-concept. Create exactly ONE isolated medieval city-builder raster HUD icon on genuinely transparent RGBA background. Square canvas with centered shape and generous transparent margins; no text, letters, numbers, decorative panel, shadow backdrop or watermark. Match attached project P0 sheet style only: muted warm ochre, brown ink thin outline, restrained hand-painted highlights, simple broad silhouette readable at 24px, slight material texture. Do not copy subjects from reference. Final use96x96.\nSubject: Tablet cancel icon: one large thick symmetrical diagonal X cross, muted terracotta painted solid cross with thin dark brown outline and subtle light edge. No circle or plaque. Shape must match broad stroke weight of a touch confirmation check."",""rawFile"":""raw/misc/cancel_touch.png"",""referenceImages"":[""references/icon_resource_sheet.png""],""model"":""not supplied"",""seed"":""not supplied"",""sourceImageDimensions"":{""width"":1254,""height"":1254}}]","""Alpha-bounds crop; aspect-preserving fit within80x80; center in96x96transparent canvas.""","{""status"":""candidate"",""alpha"":""preserved original generated alpha"",""smallSizeReview"":[24,32,48],""text"":""none"",""forbiddenMotifs"":""none"",""runtimeInstalled"":false,""visualReview"":""24/32/48px inspection passed: eye slash, lock, check, X independently readable; pulse is intentionally subtle feedback ring.""}"
"pill_season_spring","reused reference crop","assets/reused/pill_season_spring.png","96","96","reused","spring 계절 아이콘","첨부 P0 계절 셀 원본 픽셀 재사용","a30747892f25ee0e78ed3d78ae4ab95bf5f5a46abd37cfd8c82b897a62cc8a40","[]","{""source"":""references/icon_resource_sheet.png"",""crop"":[480,0,96,96],""resample"":false}","{""pixelPreserved"":true}"
"pill_season_summer","reused reference crop","assets/reused/pill_season_summer.png","96","96","reused","summer 계절 아이콘","첨부 P0 계절 셀 원본 픽셀 재사용","a8dd90d884f92cf50bb2e174a69905be62fd1d26343593ebad15f01d2d6f46c7","[]","{""source"":""references/icon_resource_sheet.png"",""crop"":[576,0,96,96],""resample"":false}","{""pixelPreserved"":true}"
"pill_season_autumn","reused reference crop","assets/reused/pill_season_autumn.png","96","96","reused","autumn 계절 아이콘","첨부 P0 계절 셀 원본 픽셀 재사용","1d963eca0e205276557884df033588a53e81c8090cb7411b5fecfdd499d60cb9","[]","{""source"":""references/icon_resource_sheet.png"",""crop"":[672,0,96,96],""resample"":false}","{""pixelPreserved"":true}"
"pill_season_winter","reused reference crop","assets/reused/pill_season_winter.png","96","96","reused","winter 계절 아이콘","첨부 P0 계절 셀 원본 픽셀 재사용","9601f1dc5d0f953fb273f09085f4a6c16d482e57c18e1601ae74060347e48a32","[]","{""source"":""references/icon_resource_sheet.png"",""crop"":[768,0,96,96],""resample"":false}","{""pixelPreserved"":true}"
