assetId,version,runtimePath,runtimeSha256,sourcePath,sourceSha256,tool,model,generatedAt,prompt,referenceInputs,seed,candidates,manualEdits,artBible,historicalProfile,owner,usedIn,status,notes
actor_child-v1,v1,assets-inbox/wave5b/A/actor_child-v1.png,2b7d062bca95d54a3432c22e1305fec35b4af55d30568f2b3fcd0255e5e5bbd5,/Users/rexxa/Library/Application Support/orca/codex-accounts/54be5844-95fd-4c46-925c-75327ccd186a/home/generated_images/01a0d820-7d1a-7d03-93b1-d09ce7ebea9f/exec-384ffab4-8725-4be9-a2e9-98fab59ee6ec.png,3f9be11f9899bb7310d9c4056f5efa705e83c719310e393eab86737a75afdd68,native image_gen; Canvas2D registered extraction/composition,not exposed,2026-09-25T10:35:53.941Z,"RECORDED INPUT 1
Use case: historical-scene. Create ONE transparent RGBA sprite sheet actor_child-v1, 4 columns × 2 rows, eight full-body sprites of the SAME English child aged 8–12, around 1400. Attached adult male/female and labor sheets are PROJECT ONLY style and camera references, not edit targets. This MUST be newly drawn child anatomy: larger head relative to body, short limbs and small slender body, NO beard, NO adult reskin. Muted ochre tunic knee length, plain dark brown hose, brown shoes, bare head with short chestnut hair unchanged in all eight views. No carried objects. Painterly game sprite soft upper-left light, transparent background, no ground shadows, no text, no grid.
OUTPUT LAYOUT exact 4x2 equal square cells, sheet aspect 2:1, each sprite fully inside its cell. Column0 rear-right walking northeast; column1 front-right walking southeast; column2 front-left walking southwest; column3 rear-left walking northwest. Same elevated 2:1 isometric camera as project reference. Top row frame0 ANATOMICAL LEFT foot extended forward and RIGHT leg back. Bottom row frame1 ANATOMICAL RIGHT foot extended forward and LEFT leg back. Two clearly separated feet in every view. Frame1 must actually reverse leg swing relative to frame0, not copy the same pose. Coordinate the natural opposite arm swing. Hips and upper body face identical direction within each column. Clothes/head/hair length identical across every column. Draw no beard or headwear. Child should be 0.65 height of an adult at same scale: use figure body height approximately 44px of each eventual74px cell, ground bottom at cell y=67. Preserve loose transparent space above child's head. Choose readable broad brush shapes which survive final74pixel cells.

RECORDED INPUT 2
Use case: precise-object-edit. EDIT TARGET is attached child sprite sheet. Keep exact 4 columns x2rows layout and transparent background. Do not change ANY pixels of top row frame0. Keep bottom row child's head, hair, face, torso, tunic, arms, direction and scale unchanged. ONLY REPAINT bottom-row legs/feet below tunic hem so they exchange stride. This attempt is mandatory gait correction: original sheet copied same leading leg between rows. Bottom row must be the opposite half-step.
Column0 (rear-right NE): top row screen-left leg extends BACK down-left and screen-right shoe is forward up-right. Bottom row screen-left leg must extend FORWARD up-right, screen-right leg BACK down-left. Clearly cross passing calves enough that opposite anatomical leg is now leading.
Column1 (front-right SE): top row SCREEN-RIGHT leg is straight extending down-right forward; SCREEN-LEFT leg bent back up-left. Bottom row SCREEN-LEFT leg extends forward down-right, SCREEN-RIGHT leg bends back up-left. Near knee now bends backward, far leg extends diagonally to front.
Column2 (front-left SW): top row SCREEN-LEFT leg extends forward down-left, right leg bent back up-right. Bottom row SCREEN-RIGHT leg extends forward down-left, SCREEN-LEFT leg bends back up-right.
Column3 (rear-left NW): top row SCREEN-RIGHT leg extends back down-right, screen-left shoe forward up-left. Bottom row SCREEN-RIGHT leg extends forward up-left, SCREEN-LEFT leg back down-right.
Keep two separated shoes visible each, body facing unchanged, grounded bottommost shoe height same. Do not solve by mirroring any whole character or moving head. Real left/right leg alternation with knees and hips anatomically connected. No extra content, no markings, no floor shadows.

RECORDED INPUT 3
Precise object edit. Attached sprite sheet has row0 mechanically copied into row1. This is an animation repair, not a new character design. KEEP entire top row and all bottom-row pixels ABOVE TUNIC HEM unchanged. Only repaint LEGS AND SHOES of bottom row, creating the OPPOSITE HALF-STEP from the copied frame0. The feet must not simply shift: the straight leg becomes bent behind, the bent leg becomes extended forward. Each calf must connect to its original hip, swapping which anatomical foot leads. Four columns directions NE(rear-right), SE(front-right), SW(front-left), NW(rear-left). For column1 bottom: near/right-screen thigh now slopes BACK LEFT and bends at knee; far/left-screen leg stretches diagonally FORWARD RIGHT crossing ahead of near leg. Column2 reverse: near/left-screen thigh bends BACK RIGHT, far/right-screen leg stretches FORWARD LEFT. Column0 rear-right: screen-left leg reaches forward up-right, screen-right leg bends back down-left. Column3 rear-left: screen-right leg reaches forward up-left, screen-left leg bends back down-right. Make opposite leading foot unambiguous with two distinct shoes, not side shuffling. Never mirror body or change costume, face, hair, arms, scale, direction, spacing, alpha. Transparent background, no shadows, no text. Preserve four columns x two rows sheet.",actor_civilian_man-v1.png; actor_civilian_woman-v1.png; wk_labor_m_01-v1.png; wk_labor_f_01-v1.png; child_initial_native.png; exec-e595fd61-6f17-454a-9dcd-19cc5ee1a82d.png; child_frame0_duplicated_input.png,not exposed,3 native attempts. Selected source above; all attempts retained in generation-history.json.,"Per-cell crop and one-pass normalization, fixed ground boundary y67. No algorithmic foot mirroring. See actor registration/gait records.",AB_2026-09-19_v1,S_England_1300_1450_v1,Astra Wave5b,candidate only; no game installation,rejected,"{""id"":""actor_child-v1"",""size"":[296,148],""role"":""walker-sheet"",""cell"":[74,74],""directions"":[""NE"",""SE"",""SW"",""NW""],""frames"":2,""groundBoundaryY"":67,""soleOpaqueY"":66,""status"":""candidate""}
Initial free generation. Failed gait alternation: all four bottom figures retain leading foot of upper figure. Retained as mandatory evidence.
Mandatory feet-only frame1 redraw from frame0. Gait remains failed in all directions. Selected only as latest candidate, not approved gait.
Literal frame0 copied into frame1 input, only legs/feet requested for redraw. All four outputs still retain original leading-leg silhouette. Strict attempt failed. | INSTALL-4e 2026-09-25: rejected. Free generation; the walk-cycle leg alternation failed (A/direction-consistency.md). Replaced by the scripted template derivations in assets-inbox/derived-templates/ (scripts/deriveActorTemplates.ts), which Astra reskins for Wave 5c."
actor_elder_m-v1,v1,assets-inbox/wave5b/A/actor_elder_m-v1.png,9a28a8614125b2f94de0362055d3b996c5fe4d1c76574e327b8240f29ea88544,/Users/rexxa/Library/Application Support/orca/codex-accounts/54be5844-95fd-4c46-925c-75327ccd186a/home/generated_images/01a0d820-ba8c-7203-90ed-788be6cd6460/exec-bb5056ea-abf9-4feb-9501-ba94fdc577bb.png,ff0b83ebcaea8e1f65898f315368b8e3d40344492cefea0bf9c87ac46617684e,native image_gen; Canvas2D registered extraction/composition,not exposed,2026-09-25T10:38:09.658Z,"RECORDED INPUT 1
Generate ONE transparent RGBA sprite sheet for a hand-painted historical isometric city builder. 4 equal columns by 2 equal rows, no labels, grid, border, floor or shadows. Final sheet 296x148 pixels (74x74 cells); work larger if necessary while retaining simple broad game-scale shapes. Attached first adult male sheet defines ONLY camera, exact direction order and two walking phases, second defines painterly palette. CREATE NEW ELDERLY MALE anatomy, do not reskin adult anatomy. Slightly stooped old man, bald crown with short grey hair at sides, small short full grey beard, same in ALL directions. Long muted slate-olive wool gown reaching lower calf, narrow brown belt, brown hose and dark brown leather shoes. No hat, hood, staff, cane, carried object or backpack. Southern England 1300-1450, no fantasy. Same man and costume in all 8 cells, consistent garment hem length. Body bent subtly at upper back and head pitched forward, slender elderly build. Column1 northeast rear-right, column2 southeast front-right, column3 southwest front-left, column4 northwest rear-left, exactly like attached template. ROW0 LEFT LEG FORWARD RIGHT LEG BACK. ROW1 RIGHT LEG FORWARD LEFT LEG BACK. Each lower-row pose must be the CONTRALATERAL opposite stride of its top-row pose, not duplicate pose or translated feet. Hem ends above ankles so both shoes are individually visible and leg order can be verified. Create large clearly different projected toe offsets for alternate forward feet, while head, torso and costume retain identity. Ground feet at same bottom baseline within each cell, 5 pixel blank bottom margin. Bodies about 59-62 final pixels tall; feet centered near cell x37, source pixel y68 contact. Soft upper-left lighting, broad brush planes, muted grey olive brown colours consistent reference. Straight 2:1 isometric camera, no frontal or side-on substituted views. True transparent background.

RECORDED INPUT 2
EDIT THE ATTACHED SPRITE SHEET, DO NOT REGENERATE THE CHARACTERS. Make the required feet-only repair of the second walking frame. Keep the ENTIRE TOP ROW exactly unchanged. In BOTTOM ROW each column: first copy its corresponding TOP ROW pose as source, then REDRAW ONLY the two legs and shoes below the hem into the exact opposite stride. Keep ALL pixels of head, face, grey hair, beard, shoulders, arms, hands, belt, body and gown unchanged. Existing bottom row failed because it repeats the same leading leg as the top row. Required visible opposite support in row1: column1 (rear-right northeast) left-screen shoe now tucks up near hem and right-screen shoe extends down-forward; column2 (front-right southeast) LEFT-screen shoe extends down-forward and RIGHT-screen shoe tucks up behind; column3 (front-left southwest) RIGHT-screen shoe extends down-forward and LEFT-screen shoe tucks up behind; column4 (rear-left northwest) RIGHT-screen shoe tucks up near hem and LEFT-screen shoe extends down-forward. Thus bottom row low planted shoe must switch to opposite screen side in every column. Anatomical legs must connect convincingly under same hem, not just detached floating shoes. Preserve grey-brown palette, alpha transparency, 4 columns 2 rows, uniform spacing, all backgrounds fully transparent, no floor shadow. This deliverable is a diagnostic feet-only edit attempt; no other visual revisions.

RECORDED INPUT 3
Edit this eight-pose elder man sprite sheet. Keep his face, bald crown, short grey hair, short grey beard, slightly bent shoulders, muted colour and direction columns NE SE SW NW. Correct TWO errors: 1) the tunic is too short: ALL EIGHT poses must wear the SAME LONG GOWN, extending to LOWER CALF, leaving only the ankles and both shoes visible; NOT knee-length tunic. 2) The two FRONT-FACING bottom-row poses still repeat top-row legs. BOTTOM ROW COLUMN2: the shoe on the LEFT side of the image must extend downward and forward and become the lower shoe; the shoe on the RIGHT must retract upward behind the hem. BOTTOM ROW COLUMN3: the shoe on the RIGHT must extend downward forward and become lower, and LEFT shoe must retract up behind. Preserve other column opposite stride already achieved. All eight shoe silhouettes individually readable below long hem, and bottom row opposite step top row in every column. Same elderly man no hat no staff or objects. 4 columns × 2 rows, equal size/spacing, RGBA transparent no shadows or text, final296x148, each74cell. Ground boundary67/74 and height60px. Southern England1300-1450 handpainted miniature game style.

RECORDED INPUT 4
Feet-only repair attempt of attached long-gown elderly man sheet. Output same transparent four-column two-row sprite sheet. TOP ROW must remain unchanged. BOTTOM ROW HEAD TO HEM must be copied unchanged from matching top-row character. Redraw ONLY ankle/shoe pixels BELOW gown hem to opposite stride. Specifically bottom row column2 current lowest shoe is on RIGHT, wrong: make LOWEST shoe on LEFT and TUCK right shoe HIGH behind gown. Bottom row column3 current lowest shoe is LEFT, wrong: make LOWEST shoe on RIGHT and TUCK left shoe HIGH behind gown. Bottom row columns1 and4 already alternate and should keep opposite shoe positions. DO NOT modify long gown length, grey hair, bald head, beard, belt, hands, shoulders or camera. Shoes must clearly exchange forward/back placement versus top row. This is an animation frame edit, not recolouring. No staff, text, ground or shadows. Maintain same dimensions and positions and transparent background.

RECORDED INPUT 5
Strict feet-only animation repair. This input is mechanically duplicated FRAME ZERO: upper and lower rows are the SAME POSE, exactly duplicated. You must redraw ONLY lower-row ankles and shoes BELOW long gown hem into FRAME ONE, opposite leg forward. Do not change top row. Do not change bottom row head, body, gown, hands or belt. Every bottom-row lowest shoe must exchange sides: column1 old left now RIGHT; column2 old right now LEFT; column3 old left now RIGHT; column4 old right now LEFT. Both front-facing directions columns2and3 are crucial: row1column2 LEFT shoe visibly extends downward-forward while RIGHT shoe retracts up and backward behind hem, row1column3 RIGHT shoe visibly extends downward-forward while LEFT shoe retracts up and back behind hem. This is not a new character or different facial view. Keep body pixel appearance, same elderly bald grey-haired short-grey-bearded male, long olive gown, no staff, no background or shadow. Same four columns NE SE SW NW, two rows, RGBA transparent. Leg continuity under hem must remain plausible. It must animate left/right foot alternation, NOT reproduce same walking stance.",actor_civilian_man-v1.png; wk_labor_m_01-v1.png; exec-771cf7a5-fdca-4ad5-9944-106fd286a334.png; exec-03e53a0c-8a29-4e97-9408-d620925ea7e4.png; exec-3eb7da42-1172-44ab-8816-0413ca55c830.png; elder-m-frame0-duplicated.png,not exposed,5 native attempts. Selected source above; all attempts retained in generation-history.json.,"Per-cell crop and one-pass normalization, fixed ground boundary y67. No algorithmic foot mirroring. See actor registration/gait records.",AB_2026-09-19_v1,S_England_1300_1450_v1,Astra Wave5b,candidate only; no game installation,rejected,"{""id"":""actor_elder_m-v1"",""size"":[296,148],""role"":""walker-sheet"",""cell"":[74,74],""directions"":[""NE"",""SE"",""SW"",""NW""],""frames"":2,""groundBoundaryY"":67,""soleOpaqueY"":66,""status"":""candidate""}
All four phases repeat leading foot; gown too short.
Required feet-only attempt; NE/NW swap, SE/SW still repeat; short gown.
Long-gown correction succeeds, SE/SW phase still repeats.
Selected long-gown candidate, overall gait FAIL: SE/SW repeat leading foot after feet-only repair; NE/NW projected shoe exchange only. See elder-m-gait.json
Strict mechanical frame0 duplicate as repair input; diagnostic feet-only attempt. | INSTALL-4e 2026-09-25: rejected. Free generation; the walk-cycle leg alternation failed (A/direction-consistency.md). Replaced by the scripted template derivations in assets-inbox/derived-templates/ (scripts/deriveActorTemplates.ts), which Astra reskins for Wave 5c."
actor_elder_f-v1,v1,assets-inbox/wave5b/A/actor_elder_f-v1.png,1b971366f09fc81159916b283cb043c7043923aacdf81866e06083109242caa7,/Users/rexxa/Library/Application Support/orca/codex-accounts/54be5844-95fd-4c46-925c-75327ccd186a/home/generated_images/01a0d820-f839-7ef1-be55-563038d25fee/exec-5076d8d6-4943-45b6-9c49-b7653e4fb1f0.png,4b84ff577ad5165f2baa38ee331fc4e2243b2e312a721b7281b6c9addfcb3d7f,native image_gen; Canvas2D registered extraction/composition,not exposed,2026-09-25T10:36:15.708Z,"RECORDED INPUT 1
Use case: historical-scene. Generate a NEW elderly woman body template sprite sheet for the attached medieval English city-builder project, not an adult reskin. Reference image 1 is the existing adult woman ONLY for painterly game style, exact four-column direction order and two-row walk phase economy. Reference image 2 is approved labor woman for muted palette/style. Create a genuinely elderly short slightly stooped woman, bent upper back and forward neck, SAME plain off-white linen wimple tightly covering head/neck in all eight figures, SAME long muted brown-grey wool gown ending just above ankles, SAME small plain brown shoes. No cane, staff, props, bags, cast shadow, text, frames, grid or ground. Transparent PNG. Landscape 2:1 sheet; exactly FOUR equally spaced columns and TWO equally spaced rows, eight separate full-body sprites. Columns left-to-right: rear three-quarter facing northeast (screen up-right); front three-quarter southeast (screen down-right); front three-quarter southwest (screen down-left); rear three-quarter northwest (screen up-left). Orthographic isometric city-builder view, head viewed slightly from above, match reference facing directions precisely. Same centered placement, same scale, identical identity, headwear, gown hem length and stooped posture across both rows. Generous invisible margins. CRITICAL ANIMATION: first row is frame 0, second row frame 1, an opposite foot contact gait, NOT a near duplicate. Both brown shoes must protrude visibly below the long gown with a clear gap; preserve gown length but separate ankles. In frame 0 the first leg leads in travel direction and other foot trails; frame 1 swap these two actual feet so the formerly trailing shoe leads and formerly leading shoe trails. Opposite arm swing. At every column, foot contact y must be equal between rows, no hopping. Each sprite approximately 60 pixels tall when sheet resized to 296x148 (74x74 cells), feet contact at local y=66. Paint broad readable shapes, no tiny decoration. Soft upper-left lighting, historical southern England 1300-1450, no fantasy. Maintain visibly old hunched proportions rather than upright young adult.

RECORDED INPUT 2
Use case: precise-object-edit. EDIT THIS ELDERLY WOMAN SPRITE SHEET, transparent background, same size and 4 columns x2 rows. Preserve all FOUR figures in TOP ROW exactly unchanged. Preserve BOTTOM ROW heads, torsos, wimples, aprons, arms and gown above knees unchanged. Change ONLY the shoes and immediately adjacent hem at the bottom of each BOTTOM ROW figure to create opposite contact foot gait versus corresponding TOP ROW. Current result FAILS because each lower-row shoe repeats same side as top-row. Explicit per-column edits: bottom row column1 currently big shoe projects SCREEN LEFT; retract that left shoe and reveal/project the other shoe SCREEN RIGHT beyond the gown. Column2 currently big shoe projects SCREEN RIGHT; retract it and reveal/project other shoe SCREEN LEFT. Column3 currently big shoe projects SCREEN LEFT; retract it and reveal/project other shoe SCREEN RIGHT. Column4 currently big shoe projects SCREEN RIGHT; retract it and reveal/project other shoe SCREEN LEFT. Each edited sprite must have TWO distinguishable brown shoes, one short rear shoe and one leading shoe. Do not just translate, rotate or mirror the complete figure: swap only footwear/ankle positions; minimal local hem changes allowed to uncover swapped shoe. All shoe soles same ground baseline as corresponding existing sprite. Keep identical silhouette above the lowest sixth of sprite. Same elderly stooped woman, white wimple and long plain brown gown/apron all8poses. No staff, shadow, text, grid or extra objects. True transparent alpha. This is the requested frame1 feet-only redraw attempt from frame0 appearance.

RECORDED INPUT 3
Use case: precise-object-edit. The reference is a 4columns x2rows elderly-woman sprite sheet on true transparency. Top row FRAME0 was copied pixel-identically into bottom row intentionally. Produce the requested FRAME1 by repainting ONLY FEET in bottomrow, preserving all other pixels including head, wimple, torso, arms and long gown. Do not alter TOP ROW at all. Bottom row: column1 move projecting brown shoe from screen left to screen right; column2 from screen right to screen left; column3 screen left to screen right; column4 screen right to screen left. Each has one leading shoe and one trailing shoe whose positions exchange. Minimal adjacent lowest hem adjustment only where needed for shoe visibility, no change above lowest15percent of any figure. Feet remain on same baseline. No mirrored figure, no changes in clothes/height/headwear. Eight separate sprites same 4x2 layout/relative registration. Transparent PNG. Keep SAME muted painterly style and slightly stooped elderly woman with white wimple and grey-brown long gown. No text, extra props or shadow. Output preserves exact reference aspect2:1.",actor_civilian_woman-v1.png; wk_labor_f_01-v1.png; exec-65f72b16-0ed5-47b2-8860-c8bbefb68889.png; elder-f-frame0-duplicated-edit-input.png,not exposed,3 native attempts. Selected source above; all attempts retained in generation-history.json.,"Per-cell crop and one-pass normalization, fixed ground boundary y67. No algorithmic foot mirroring. See actor registration/gait records.",AB_2026-09-19_v1,S_England_1300_1450_v1,Astra Wave5b,candidate only; no game installation,rejected,"{""id"":""actor_elder_f-v1"",""size"":[296,148],""role"":""walker-sheet"",""cell"":[74,74],""directions"":[""NE"",""SE"",""SW"",""NW""],""frames"":2,""groundBoundaryY"":67,""soleOpaqueY"":66,""status"":""candidate""}
Four directions consistent but frame1 repeats same projecting shoe; failed gait alternation.
Feet-only redraw attempt shifts protruding shoes to opposite screen sides. Identity consistent; anatomical leading-leg continuity under opaque long hem remains uncertain; candidate only.
Explicit requested fallback input duplicates frame0 into frame1; native edit fails again: all four projecting shoes remain same side. Deliver failed attempt honestly. Not selected. | INSTALL-4e 2026-09-25: rejected. Free generation; the walk-cycle leg alternation failed (A/direction-consistency.md). Replaced by the scripted template derivations in assets-inbox/derived-templates/ (scripts/deriveActorTemplates.ts), which Astra reskins for Wave 5c."
pt_face_m_01-v1,v1,assets-inbox/wave5b/B/layers/pt_face_m_01-v1.png,0c7a217d8f5d73d9983711161ecccc1e95769056007cd1ce80cc8646c7f15e98,/Users/rexxa/Library/Application Support/orca/codex-accounts/54be5844-95fd-4c46-925c-75327ccd186a/home/generated_images/01a0d821-35f0-7cc0-902e-a5310a9e61fe/exec-81f05ce0-ceec-473a-8ac3-988cbde6f99c.png,bc41b2273e9dfd59904e996af8b0c9b1ba3b5fb21be705033ee812c325706116,native image_gen; Canvas2D registered extraction/composition,not exposed,2026-09-25T10:35:17.361Z,"RECORDED INPUT 1
Use case: identity-preserve, precise-object-edit. Extract a modular game portrait layer from input P4. Keep EXACT canvas 256x256 coordinate system (output may be integer enlargement); DO NOT enlarge, recenter or crop the subject. Same man, same head angle, nose, eyes, mouth, jaw and neck at EXACT original pixels. Eyeline at y=112 on final 256px canvas. Remove ALL hood, hair, beard stubble, clothing and background to true transparent alpha. Fill previously concealed scalp as bald skin continuous with his head, and expose neck only down to y=211. This is FACE-AND-NECK ONLY modular cutout, no shoulders/body/garment. Preserve handpainted muted warm skin and top-left light from P4. Maintain original face looking viewer left in three-quarter view, exact face position and scale. Canvas transparent outside skin. No text or checkerboard.",pt_pilot_P4-v1.png,not exposed,1 native attempts. Selected source above; all attempts retained in generation-history.json.,"CanvasJS full-canvas resize once; exact P4 visible-face pixels composited through revised skin-only polygon preserving eyeline112. QA correction removed original P4 sideburn and linen collar from restore mask, exposing already generated bald skin / bare neck; no new native generation. Other six layers unchanged.",AB_2026-09-19_v1,S_England_1300_1450_v1,Astra Wave5b,candidate only; no game installation,candidate,"{""id"":""pt_face_m_01-v1"",""size"":[256,256],""role"":""portrait-layer"",""eyeLineY"":112,""shoulderY"":208,""status"":""candidate""}
Bald skin and bare neck only after mask correction; eyes/nose/mouth retain exact P4 pixels. Generated scalp differs slightly in texture from restored face; hair covers scalp join in requested composites. | INSTALL-4e 2026-09-25: candidate, not installed (portrait layers wait for the E-stage person system)."
pt_age_m_old-v1,v1,assets-inbox/wave5b/B/layers/pt_age_m_old-v1.png,2cf41372873a032fe3e79562535053937125b624d1f9b0fae744eccce930a8f7,/Users/rexxa/Library/Application Support/orca/codex-accounts/54be5844-95fd-4c46-925c-75327ccd186a/home/generated_images/01a0d821-35f0-7cc0-902e-a5310a9e61fe/exec-a320148e-afab-48a6-8cba-76e8fb6050eb.png,4453d89b300a3e8824cafac6e90eb548b2ec81605e94dab3f337b5c344208610,native image_gen; Canvas2D registered extraction/composition,not exposed,2026-09-25T10:38:39.823Z,"RECORDED INPUT 1
Use case: identity-preserve precise-object-edit. Input1 is bald face layer for P4, input2 original P4. Create a TRANSPARENT OLD AGE OVERLAY only, registered to exact same 256x256 full canvas as input2. Eyes fixed y112, nose tip~(81,132),mouth~(90,148),chin~(106,171). Keep all eyes/nose/mouth cut out transparent; do NOT redraw entire face or paint another man. Paint only connected small skin-tone wrinkle and sagging-cheek patches: forehead creases x91..141 y90..103, crowfeet near106y116, under-eye bags y118..123, nasolabial and sagging cheeks x113..149 y129..160, aged neck creases y180..198. Gently weathered old age around65; muted skin matching P4, handpainted not photographic. Sparse overlay with feathered 1px edges, no silhouette-changing full head. Everything outside age marks fully transparent alpha, no hair beard hat clothing.",pt_face_m_01-v1; pt_pilot_P4-v1.png; exec-81f05ce0-ceec-473a-8ac3-988cbde6f99c.png,not exposed,1 native attempts. Selected source above; all attempts retained in generation-history.json.,Canvas JS native full-canvas resize once to256²; Overlay translated +8px Y; opacity .58 and clear-alpha eyes/nose/mouth exclusion to preserve identity.,AB_2026-09-19_v1,S_England_1300_1450_v1,Astra Wave5b,candidate only; no game installation,candidate,"{""id"":""pt_age_m_old-v1"",""size"":[256,256],""role"":""portrait-layer"",""eyeLineY"":112,""shoulderY"":208,""status"":""candidate""}
Overlay translated +8px Y; opacity .58 and clear-alpha eyes/nose/mouth exclusion to preserve identity. | INSTALL-4e 2026-09-25: candidate, not installed (portrait layers wait for the E-stage person system)."
pt_hair_m_short_01-v1,v1,assets-inbox/wave5b/B/layers/pt_hair_m_short_01-v1.png,f72f77356eb8aa2ec069b89afd537e6725ad70a1a943943df6eb1f255b6ae37b,/Users/rexxa/Library/Application Support/orca/codex-accounts/54be5844-95fd-4c46-925c-75327ccd186a/home/generated_images/01a0d821-35f0-7cc0-902e-a5310a9e61fe/exec-f9aa0b9a-a845-4f33-b5d9-fa8d8acbac08.png,c390b47b659b9a6b5d91191e10457afadf816633e633f4f0c7084f689a6903b0,native image_gen; Canvas2D registered extraction/composition,not exposed,2026-09-25T10:36:40.174Z,"RECORDED INPUT 1
Use case: background-extraction / precise-object-edit. Produce ONLY the FRONT HAIR layer for the attached P4 portrait at exactly its original canvas coordinate registration, 256x256 normalized. Remove face, skin, hood, neck, clothing, background. Retain the brown short curls visible at original forehead and temple, and extend as short natural medieval cropped brown hair over the bald-scalp head area hidden by hood. Front hair region roughly x65..177,y53..116, temple curls x162..181 y108..149. Hairline follows original forehead; do not cover eyes at y112. True transparent alpha everywhere except hair. No floating centered wig: keep canvas location matching P4 exactly. Handpainted muted brown, soft upper-left light. No text, no checkerboard. Front bangs/crown/sideburns only, NOT rear/nape hair.",pt_pilot_P4-v1.png,not exposed,1 native attempts. Selected source above; all attempts retained in generation-history.json.,Canvas JS native full-canvas resize once to256²; Front hair full-canvas registration.,AB_2026-09-19_v1,S_England_1300_1450_v1,Astra Wave5b,candidate only; no game installation,candidate,"{""id"":""pt_hair_m_short_01-v1"",""size"":[256,256],""role"":""portrait-layer"",""eyeLineY"":112,""shoulderY"":208,""status"":""candidate""}
Front hair full-canvas registration. | INSTALL-4e 2026-09-25: candidate, not installed (portrait layers wait for the E-stage person system)."
pt_hair_m_short_01_rear-v1,v1,assets-inbox/wave5b/B/layers/pt_hair_m_short_01_rear-v1.png,c4e69c1c7ddf51c5b91638e61c79c176b7f246618e2c90aaec52116e2a2ee1e1,/Users/rexxa/Library/Application Support/orca/codex-accounts/54be5844-95fd-4c46-925c-75327ccd186a/home/generated_images/01a0d821-35f0-7cc0-902e-a5310a9e61fe/exec-d2603fe9-3e6c-4a04-87bc-742b71606a24.png,7f22b0bfbf8351bdbdc3775f7d0b2485056e744b2089b5cb05d2baee41502374,native image_gen; Canvas2D registered extraction/composition,not exposed,2026-09-25T10:37:31.127Z,"RECORDED INPUT 1
Use case: background-extraction. Create ONLY a BACK/REAR HAIR underlayer for P4 portrait attached. Same256x256 normalized canvas; no recenter. Brown short coarse curls behind the ears and nape only: narrow left tuft x65..79 y96..138 and right rear curls x163..185 y112..168, nape at x151..175 y164..185. These are hair behind a face at x70..175,y80..176; central head/face/neck area transparent because face layer covers it. No crown/front bangs, no face, skin, ears, hood, clothing. True transparent background. Painterly medieval natural brown hair, soft upper-left light. NOT a complete wig or head. Sparse back silhouette tips only so it can be composited BEFORE face. KeepP4 scale.",pt_pilot_P4-v1.png,not exposed,1 native attempts. Selected source above; all attempts retained in generation-history.json.,Canvas JS native full-canvas resize once to256²; Back/nape hair underlayer.,AB_2026-09-19_v1,S_England_1300_1450_v1,Astra Wave5b,candidate only; no game installation,candidate,"{""id"":""pt_hair_m_short_01_rear-v1"",""size"":[256,256],""role"":""portrait-layer"",""eyeLineY"":112,""shoulderY"":208,""status"":""candidate""}
Back/nape hair underlayer. | INSTALL-4e 2026-09-25: candidate, not installed (portrait layers wait for the E-stage person system)."
pt_hair_m_grey_01-v1,v1,assets-inbox/wave5b/B/layers/pt_hair_m_grey_01-v1.png,58bae01a3fc7698c95f357c965c651a984e1d21ddab35f4632a7bd40c0a15809,/Users/rexxa/Library/Application Support/orca/codex-accounts/54be5844-95fd-4c46-925c-75327ccd186a/home/generated_images/01a0d821-35f0-7cc0-902e-a5310a9e61fe/exec-1766f3fc-9f95-46bd-a819-087ab9a26c1c.png,9709ee739bf2ff144b1b62d6854054cb71387570fa223aa0fb71b3bdc5dfe25f,native image_gen; Canvas2D registered extraction/composition,not exposed,2026-09-25T10:40:14.688Z,"RECORDED INPUT 1
Use case: precise-object-edit. Input is FRONT brown hair modular portrait layer. Create its GRAY OLD-MAN FRONT HAIR variant, full identical canvas registration, 256x256 normalized. Keep hair area same crown and temples and eye clearance. Thinner receding hairline with separate broader tufts, dull silver gray peppered charcoal, still healthy coarse hair, no yellow white glow. Preserve original muted handpainted style and upper-left light. Transparent alpha everywhere outside hair, NO face ears neck clothing headwear beard. NOT a new portrait. Hairlayer only. Crown~x65..180,y52..96; templesbelowonly. No text or checkerboard.",pt_hair_m_short_01-v1; exec-f9aa0b9a-a845-4f33-b5d9-fa8d8acbac08.png,not exposed,1 native attempts. Selected source above; all attempts retained in generation-history.json.,Canvas JS native full-canvas resize once to256²; Native silver gray sparse front variant.,AB_2026-09-19_v1,S_England_1300_1450_v1,Astra Wave5b,candidate only; no game installation,candidate,"{""id"":""pt_hair_m_grey_01-v1"",""size"":[256,256],""role"":""portrait-layer"",""eyeLineY"":112,""shoulderY"":208,""status"":""candidate""}
Native silver gray sparse front variant. | INSTALL-4e 2026-09-25: candidate, not installed (portrait layers wait for the E-stage person system)."
pt_hair_m_grey_01_rear-v1,v1,assets-inbox/wave5b/B/layers/pt_hair_m_grey_01_rear-v1.png,b82cd163a0760057c5cb755310ead1c8611e6033cdc1af10ee08502f39cc694b,/Users/rexxa/Library/Application Support/orca/codex-accounts/54be5844-95fd-4c46-925c-75327ccd186a/home/generated_images/01a0d821-35f0-7cc0-902e-a5310a9e61fe/exec-3600a836-0282-4f22-b790-64e28a1c2a68.png,72ff5a71ac019acce340636c1e2ff8fcf47cfbfa63fa3e5ab9364c6c0e2edd16,native image_gen; Canvas2D registered extraction/composition,not exposed,2026-09-25T10:41:21.451Z,"RECORDED INPUT 1
Use case: precise-object-edit. Recolor and slightly thin the attached REAR brown-hair layer to muted silvergray old-man rear hair. Keep EXACT transparent canvas layout: left slim tuft behindear, right nape curls at sameoriginalpixels. Use muted charcoal and warm gray, natural handpainted coarse strands, no white glow. This is isolated REAR HAIR ONLY to go behind sameP4 face, no skin head face ears clothing background. Preserve full256x256registration and transparency, never center/crop/enlarge objects. Same rearhair silhouette broadly, slightly sparser tips. No text/checkerboard.",pt_hair_m_short_01_rear-v1; exec-d2603fe9-3e6c-4a04-87bc-742b71606a24.png,not exposed,1 native attempts. Selected source above; all attempts retained in generation-history.json.,Canvas JS native full-canvas resize once to256²; Native silver gray rear variant.,AB_2026-09-19_v1,S_England_1300_1450_v1,Astra Wave5b,candidate only; no game installation,candidate,"{""id"":""pt_hair_m_grey_01_rear-v1"",""size"":[256,256],""role"":""portrait-layer"",""eyeLineY"":112,""shoulderY"":208,""status"":""candidate""}
Native silver gray rear variant. | INSTALL-4e 2026-09-25: candidate, not installed (portrait layers wait for the E-stage person system)."
pt_beard_m_01-v1,v1,assets-inbox/wave5b/B/layers/pt_beard_m_01-v1.png,aec3ecb19f8a78e87e37633484786240b67b588a5e1bf0e2e73f3064a94e9b1a,/Users/rexxa/Library/Application Support/orca/codex-accounts/54be5844-95fd-4c46-925c-75327ccd186a/home/generated_images/01a0d821-35f0-7cc0-902e-a5310a9e61fe/exec-050986f3-7c28-430d-9b6f-349654be3213.png,d2c513d44083258a5ca8e96063f1529e73fe4a4a19b8fef104f6341c44bf439f,native image_gen; Canvas2D registered extraction/composition,not exposed,2026-09-25T10:42:43.685Z,"RECORDED INPUT 1
Use case: precise-object-edit / background-extraction. Create only a modular BEARD AND MUSTACHE layer for the P4 man. Input1 P4 gives exact256x256canvas headposition; input2 P1 gives desired beard color/material and moderate full rounded shape. Beard MUST fit P4 at exactcanvasposition: mustache just below nose y138..146 x74..112, mouthhole remainsalpha x77..108 y146..153, short brown rounded beard along jaw x76..149 y151..181, right sideburn rises to x153y127. Keep same face threequarter looking left and don't center/enlarge beard. Isolated hair only, no skin lips nose eyes fullhead clothing hat. Brown with modestgray threads, muted medieval handpainted brushtexture, soft upperleft light. ActualtransparentPNG256square registration (outputcanintegerenlarge), no opaquebackground no checkerboard no text.",pt_pilot_P4-v1.png; pt_pilot_P1-v1.png,not exposed,1 native attempts. Selected source above; all attempts retained in generation-history.json.,"CanvasJS direct native→256 master affine registration: scaleX .60,scaleY .48,translate(37,70); mouth hole aligned89,148; no paint.",AB_2026-09-19_v1,S_England_1300_1450_v1,Astra Wave5b,candidate only; no game installation,candidate,"{""id"":""pt_beard_m_01-v1"",""size"":[256,256],""role"":""portrait-layer"",""eyeLineY"":112,""shoulderY"":208,""status"":""candidate""}
Native generated isolatedbeard oversized despite prompt; affine registered toP4 mouth/jaw. Optional, omit P4originalreconstruction. | INSTALL-4e 2026-09-25: candidate, not installed (portrait layers wait for the E-stage person system)."
pt_hood-v1,v1,assets-inbox/wave5b/B/layers/pt_hood-v1.png,61ed71ae27cd284ef9e6ae2ce19e749220c131794b5974eeff901d5578b79131,/Users/rexxa/Library/Application Support/orca/codex-accounts/54be5844-95fd-4c46-925c-75327ccd186a/home/generated_images/01a0d821-6f76-7633-b8fe-caff6c27d242/exec-b8cbf9f4-88a5-448a-a3f8-a775d3f6bf8d.png,c4e441f8e6b02e9708d809623cb8225ddbb6bf6c5ddbf8cfaf35fd7d0c51b4e2,native image_gen; Canvas2D registered extraction/composition,not exposed,2026-09-25T10:35:43.126Z,"RECORDED INPUT 1
Use case: background-extraction. Edit target project reference P4. Extract only the reddish brown medieval wool hood as a transparent RGBA portrait layer. Keep exact original full square canvas coordinates, same 256x256 composition scaled uniformly if output higher resolution. Preserve original hood silhouette from x52 y44 to x214 y200, original hood opening and brown draped upper shoulder cowl. Remove ALL face, skin, hair, neck, tunic, background to transparency; interior head opening must be a genuine transparent hole. Hood includes folds around neckline, but stop shoulder cowl at y220 so separate tunic is visible below. Same restrained oil-painted texture, same colour, same upper-left illumination. Eye reference y112 and shoulder reference y208 must not move. Do not center or enlarge isolated garment. No head, face, mannequin, text or checkerboard pixels. True transparent background.",pt_pilot_P4-v1.png,not exposed,1 native attempts. Selected source above; all attempts retained in generation-history.json.,Full-canvas 256x256 registration and project-source layer extraction / alpha masks; see portrait face/clothes registration records. Exact source-preserved regions and native painted regions are distinguished there.,AB_2026-09-19_v1,S_England_1300_1450_v1,Astra Wave5b,candidate only; no game installation,candidate,"{""id"":""pt_hood-v1"",""size"":[256,256],""role"":""portrait-layer"",""eyeLineY"":112,""shoulderY"":208,""status"":""candidate""}
Native layer extraction; final may preserve exact project source pixels via registered cutout. See clothes-registration.json. | INSTALL-4e 2026-09-25: candidate, not installed (portrait layers wait for the E-stage person system)."
pt_hat_brim-v1,v1,assets-inbox/wave5b/B/layers/pt_hat_brim-v1.png,2ef24b95d8041cc67bd0e9e132d1d37930b1e231194dfb660c926421ac942e91,/Users/rexxa/Library/Application Support/orca/codex-accounts/54be5844-95fd-4c46-925c-75327ccd186a/home/generated_images/01a0d821-6f76-7633-b8fe-caff6c27d242/exec-9dac1580-ca46-43d9-9ded-4d1721305817.png,0327112d53a38c7314682967e2762ee8cf8be255c1e9b8badb93d61f3943ce46,native image_gen; Canvas2D registered extraction/composition,not exposed,2026-09-25T10:36:39.625Z,"RECORDED INPUT 1
Use case: background-extraction. Edit target P1 project portrait. Extract ONLY the brown broad brimmed medieval felt hat into a genuine transparent RGBA portrait layer. Exact original full square composition coordinates retained, 256x256 logical canvas: hat crown x78..177 y42..86, brim x24..232 y72..141. Do not move, center, enlarge or rotate hat. Keep original hat colour, brushwork, crease, band and soft upper-left light. Erase face, all hair, ears, beard, neck, clothing, background completely; transparent below brim. This layer will be composited onto original P4 face with fixed eye line112 shoulders208. No text, grid, checkerboard pixels, mannequin or head.",pt_pilot_P1-v1.png,not exposed,1 native attempts. Selected source above; all attempts retained in generation-history.json.,Full-canvas 256x256 registration and project-source layer extraction / alpha masks; see portrait face/clothes registration records. Exact source-preserved regions and native painted regions are distinguished there.,AB_2026-09-19_v1,S_England_1300_1450_v1,Astra Wave5b,candidate only; no game installation,candidate,"{""id"":""pt_hat_brim-v1"",""size"":[256,256],""role"":""portrait-layer"",""eyeLineY"":112,""shoulderY"":208,""status"":""candidate""}
Native layer extraction; final may preserve exact project source pixels via registered cutout. See clothes-registration.json. | INSTALL-4e 2026-09-25: candidate, not installed (portrait layers wait for the E-stage person system)."
pt_garment_work_tunic-v1,v1,assets-inbox/wave5b/B/layers/pt_garment_work_tunic-v1.png,12dd9a29fcea65b6b89e72881c362d5ff9c3ed1059815d03aed8d75f825a11ae,/Users/rexxa/Library/Application Support/orca/codex-accounts/54be5844-95fd-4c46-925c-75327ccd186a/home/generated_images/01a0d821-6f76-7633-b8fe-caff6c27d242/exec-a5f6dc3e-b5d5-4d88-b284-8582f8ec3042.png,9c14deb8c521c28d4bcff78eb33eaf7196104bcd383b9d379068ac210af87db5,native image_gen; Canvas2D registered extraction/composition,not exposed,2026-09-25T10:37:30.987Z,"RECORDED INPUT 1
Use case: precise-object-edit. Reference P4 is exact edit target for a medieval portrait layer. Output ONLY the work tunic torso, full square canvas registration identical to P4 at logical 256x256. Reconstruct the rusty muted red wool tunic UNDER the removed hood/cowl, simple shoulder slopes matching reference silhouette from x0 y208 to x72 y176, from x191 y179 to x255 y208, torso cropped flush bottom y256. Neck opening surrounds x110..158 y190..215, with small cream linen neckline matching P4. No skin, head, hair, hood, cape, background: all erased to true alpha transparency. Preserve broad warm cloth folds, original P4 wear and muted colour, soft upper-left light. Do not center garment or enlarge to fill frame: top 170 logical pixels remain transparent. Keep shoulder y208. Hand-painted Southern England 1300-1450, no modern tailoring, no text.",pt_pilot_P4-v1.png,not exposed,1 native attempts. Selected source above; all attempts retained in generation-history.json.,Full-canvas 256x256 registration and project-source layer extraction / alpha masks; see portrait face/clothes registration records. Exact source-preserved regions and native painted regions are distinguished there.,AB_2026-09-19_v1,S_England_1300_1450_v1,Astra Wave5b,candidate only; no game installation,candidate,"{""id"":""pt_garment_work_tunic-v1"",""size"":[256,256],""role"":""portrait-layer"",""eyeLineY"":112,""shoulderY"":208,""status"":""candidate""}
Native layer extraction; final may preserve exact project source pixels via registered cutout. See clothes-registration.json. | INSTALL-4e 2026-09-25: candidate, not installed (portrait layers wait for the E-stage person system)."
pt_garment_merchant_gown-v1,v1,assets-inbox/wave5b/B/layers/pt_garment_merchant_gown-v1.png,2fe477abc332084146de4d9417fa3c02f5d06a2c3a6b5d24fc4d0befb02e38cb,/Users/rexxa/Library/Application Support/orca/codex-accounts/54be5844-95fd-4c46-925c-75327ccd186a/home/generated_images/01a0d821-6f76-7633-b8fe-caff6c27d242/exec-1ff73ade-79cc-4ab2-b394-2eedd2acac6d.png,194c83269a631e7aad3989f5a7d8104bd50b865f09ae3770616b39eae54c886a,native image_gen; Canvas2D registered extraction/composition,not exposed,2026-09-25T10:38:27.589Z,"RECORDED INPUT 1
Use case: background-extraction. Edit target P1 medieval merchant portrait supplied. Isolate merchant gown ONLY as one true transparent RGBA layer. Keep original full square canvas, original shoulder seam y208 on logical256 square, original blue wool shoulders and tawny fur collar and cream linen neckline intact. Remove head, all hair, beard, skin, hat, background. Reconstruct only hidden upper gown under beard/neck: neck opening should match P4 face from x108..163 y180..216, narrow cream linen rim, no skin. Shoulder outer slope and bottomcrop stay exactly original P1, no recentering or scaling. Top140 logical pixels empty transparent. Same brushwork muted navyblue brownfur, medieval English merchant1300-1450, soft upperleft light. No mannequin, text, background or frame.",pt_pilot_P1-v1.png; pt_pilot_P4-v1.png,not exposed,1 native attempts. Selected source above; all attempts retained in generation-history.json.,Full-canvas 256x256 registration and project-source layer extraction / alpha masks; see portrait face/clothes registration records. Exact source-preserved regions and native painted regions are distinguished there.,AB_2026-09-19_v1,S_England_1300_1450_v1,Astra Wave5b,candidate only; no game installation,candidate,"{""id"":""pt_garment_merchant_gown-v1"",""size"":[256,256],""role"":""portrait-layer"",""eyeLineY"":112,""shoulderY"":208,""status"":""candidate""}
Native layer extraction; final may preserve exact project source pixels via registered cutout. See clothes-registration.json. | INSTALL-4e 2026-09-25: candidate, not installed (portrait layers wait for the E-stage person system)."
pt_garment_work_tunic-v1_mask,v1,assets-inbox/wave5b/B/layers/pt_garment_work_tunic-v1_mask.png,e8afe55ebe3669d55eed4e1e94578059da22628444e40cde42836965b56ab064,/tmp/astra-wave5b-candidates-20260925/B/layers/pt_garment_work_tunic-v1_mask.png,e8afe55ebe3669d55eed4e1e94578059da22628444e40cde42836965b56ab064,Canvas2D deterministic cloth1 mask derivation,not applicable,2026-09-25T10:41:28.452Z,"RECORDED INPUT 1
No generative prompt. Deterministic cloth1 extraction from final pt_garment_work_tunic-v1: retain garment alpha for red wool pixels R>1.20G and R>1.3B; exclude central cord tie x130..148,y222..255 and linen/skin; set RGB white.",pt_garment_work_tunic-v1.png,not applicable,0 native mask candidates; one deterministic mask,Full-canvas 256x256 registration and project-source layer extraction / alpha masks; see portrait face/clothes registration records. Exact source-preserved regions and native painted regions are distinguished there.,AB_2026-09-19_v1,S_England_1300_1450_v1,Astra Wave5b,candidate only; no game installation,candidate,"{""id"":""pt_garment_work_tunic-v1_mask"",""size"":[256,256],""role"":""color-mask"",""eyeLineY"":112,""shoulderY"":208,""status"":""candidate""}
White cloth1 RGBA mask, same256canvas, hood separate and excluded. Rule and region in clothes-registration.json. | INSTALL-4e 2026-09-25: candidate, not installed (portrait layers wait for the E-stage person system)."
