"assetId","version","runtimePath","runtimeSha256","sourcePath","sourceSha256","tool","model","generatedAt","prompt","referenceInputs","seed","candidates","manualEdits","artBible","historicalProfile","owner","usedIn","status","notes"
"road/earth_strip-v1","v1","road/earth_strip-v1.png","63ad1612eabc38c52a522d20bc6cb72504337f91eab51ac42b937812639b732f","/Users/rexxa/Library/Application Support/orca/codex-accounts/54be5844-95fd-4c46-925c-75327ccd186a/home/generated_images/01a0d17d-1c31-7cf2-8b1e-99595160009b/exec-a0cf1b00-9111-4a48-88e7-0d613ef20f2f.png","76fc5135d452445d54d014c5a72ad833d2da4ff45f37126f3522ddec8380a51a","image_gen; Canvas 2D mechanical normalization","not exposed","2026-09-24T04:37:15.925Z","Use case: stylized-concept. Production game sprite candidate for Feudal Lord Simulator, southern England 1300–1450, historical profile S_England_1300_1450_v1, art bible AB_2026-09-19_v1.
Four attached PROJECT-OWNED images are reference inputs only: Image 1 grass.png sets the subdued olive grass palette; Image 2 forest_floor.png sets the warm dark leaf-litter earth; Image 3 packed_earth_road.png sets the muted pale warm compacted earth; Image 4 wheat_farm_ripe-v4.png sets the hand-painted isometric sprite finish. Use ALL four to keep a coherent game palette. Do not reproduce the wheat crop unless requested (none is requested here).
Prioritize final display readability: source tile 128×64 pixels displays as 64×32 CSS pixels at zoom 1 and 38.4×19.2 at zoom .6. Draw BIG SIMPLE COHERENT forms at the stated asset dimensions. Do not make a highly detailed large painting. No tiny noisy marks. Main tufts, rut ridges and silhouette changes must remain several screen pixels wide at .6 zoom.
Genuine transparent PNG alpha, no white or black backdrop, no checkerboard painted into image. Soft upper-left light but no directional cast shadow. Crisp painterly edges, no Gaussian blur, no bloom, no smeared shading, no photographic noise. No text, labels, watermark, grid, raised tile base, buildings, people, animals, modern objects, flowers, fantasy plants. No outside artworks.
ASSET: earth road repeating strip. Exact requested final canvas 512×64px, perfectly overhead TOP-DOWN, no isometric tilt and no perspective. Horizontal left-to-right road direction. Road surface must reach the LEFT and RIGHT canvas edges: USER EXPLICITLY EXEMPTED the left/right 8px padding for this road only. Leave rows 0..7 and 56..63 fully transparent. Between these blank rows and the central road, about 8px of irregular sparse earth-and-grass coverage creates alpha edge transition; this is material breakup, NOT blurry fog. The central flat compacted earth is warm gray-brown matching packed_earth_road.png. TWO understated, readable horizontal wagon wheel ruts, not modern tire tracks, about 6–8px wide at source scale, separated by a quiet crown. A few very small low-contrast stones, a few short olive grass blades at the outer long edges. Leftmost and rightmost 16px must form matching continuation bands so three exact copies placed edge-to-edge are seamless: rut heights, alpha profile, earth value and brush shapes continue smoothly. Avoid any unique focal stone or strong periodic motif. Flat strip only; no scene, no decorative frame.","grass.png; forest_floor.png; packed_earth_road.png; wheat_farm_ripe-v4.png","not provided","1; selected attempt 1; 전체 512px 반복 및 두 바퀴 자국 가독성으로 선택. 좌우 여백 예외는 사용자 승인. 끝 밴드 일치는 수작업 보정 결과.","crop alpha bounds >2; fit target interior; browser high-quality resampling; explicit 8px alpha gutter; non-blur coverage taper; periodic 16px edge profile matched, 24px linear transition into source on each side; source 2172x724 -> final 512x64; source crop [x,y,w,h]=[0,173,2172,374]; final alpha bounds=[0,8,512,48]. ","AB_2026-09-19_v1","S_England_1300_1450_v1","Astra D1 candidate task","D1 검토 후보; 게임 미설치","candidate","전체 512px 반복 및 두 바퀴 자국 가독성으로 선택. 좌우 여백 예외는 사용자 승인. 끝 밴드 일치는 수작업 보정 결과. 도구가 지정 크기보다 큰 원본을 반환하여 축소함. 처음부터 지정 크기에서 생성 조건 미달. runtimePath는 ZIP 내부 후보 경로이며 실제 게임 설치 경로가 아님."
"boundary/forest_fringe_a-v1","v1","boundary/forest_fringe_a-v1.png","6393ecd9131b4b77a671d462a4b531f86294c70bd2e08f1bca3e8bb6a5b6eac1","/Users/rexxa/Library/Application Support/orca/codex-accounts/54be5844-95fd-4c46-925c-75327ccd186a/home/generated_images/01a0d17d-1c31-7cf2-8b1e-99595160009b/exec-e3e21cc7-8c65-45c8-b203-dc019e5ab5bd.png","cebfdd871ef563e8362be326347a6aa6c98ce5b104fd30e5c74b1e10b08c07f8","image_gen; Canvas 2D mechanical normalization","not exposed","2026-09-24T04:43:58.514Z","[실제 사용 프롬프트: 후보 1; 미선택]
Use case: stylized-concept. Production game sprite candidate for Feudal Lord Simulator, southern England 1300–1450, historical profile S_England_1300_1450_v1, art bible AB_2026-09-19_v1.
Four attached PROJECT-OWNED images are reference inputs only: Image 1 grass.png sets the subdued olive grass palette; Image 2 forest_floor.png sets the warm dark leaf-litter earth; Image 3 packed_earth_road.png sets the muted pale warm compacted earth; Image 4 wheat_farm_ripe-v4.png sets the hand-painted isometric sprite finish. Use ALL four to keep a coherent game palette. Do not reproduce the wheat crop unless requested (none is requested here).
Prioritize final display readability: source tile 128×64 pixels displays as 64×32 CSS pixels at zoom 1 and 38.4×19.2 at zoom .6. Draw BIG SIMPLE COHERENT forms at the stated asset dimensions. Do not make a highly detailed large painting. No tiny noisy marks. Main tufts, rut ridges and silhouette changes must remain several screen pixels wide at .6 zoom.
Genuine transparent PNG alpha, no white or black backdrop, no checkerboard painted into image. Soft upper-left light but no directional cast shadow. Crisp painterly edges, no Gaussian blur, no bloom, no smeared shading, no photographic noise. No text, labels, watermark, grid, raised tile base, buildings, people, animals, modern objects, flowers, fantasy plants. No outside artworks.
ASSET: forest-edge decal A, exact requested final canvas 128×96px. 2:1 orthographic isometric ground view, ground axes ±26.565 degrees, no tile base. One low thin boundary grouping spanning about one tile: only 2–3 BIG, simple olive grass tufts, a warm dark leaf-litter patch that blends grass.png into forest_floor.png, and ONE small squat fern/bush. Most foliage mass is on the LEFT; right half tapers to a small tuft and scattered leaf shapes. Keep all painted alpha inside x=8..119 and y=8..87; outer 8px on all four sides completely transparent. Ground contact pivot at lower middle near (64,87); grouping spreads upward/back from it. Side ends disappear as fewer individual grass/leaf shapes with honest alpha, not blur. Sparse earth under plants, no thick oval ground slab. No tree trunks, branches, crops, flowers or cast shadow. Large grouped silhouettes with few broad leaf lobes, suitable for a 64×48px displayed decal at zoom1 and 38×29 at .6. A low vegetation EDGE, not a standalone dense ornamental shrub.

[실제 사용 프롬프트: 후보 2; 선택]
Edit the first attached project-owned candidate sprite. The remaining four project images are grass.png, forest_floor.png, packed_earth_road.png, wheat_farm_ripe-v4.png and are palette/style references. This is a TARGETED READABILITY REVISION, not a new scene.
Keep a true transparent background and the same medieval English low vegetation edge subject. Keep variant A main foliage on the LEFT. Exact delivery target is 128×96 pixels, with 8px fully empty alpha margin all around and bottom-center ground anchor. The current candidate disappears at 38×29px runtime. REDRAW into much larger, simpler, chunkier forms: only TWO broad grass tufts and ONE small squat fern, fewer broad leaf lobes, strongly simplified coherent silhouette. Reduce the leaf-litter ground plate to a thin narrow broken line. The occupied artwork should be about112px WIDE and72–76px TALL at target resolution, not a wide flat smear; plant mass should occupy most of that height. Raise the foliage midtones about15 percent relative to the dark leaf litter, still muted olive matching the existing grass. Modest tight contact darks at roots only, NO cast shadow. Some negative-space gap between tufts, do not turn into a full hedge.
Draw as a consciously low-resolution game icon: broad opaque leaf masses with 2–3 tonal planes, no vein detail, no speckle, no fine leaf confetti, no tiny repeated blades. 2:1 orthographic isometric ground perspective. Do NOT add tree trunks, flowers, stones, buildings, text, tile base or blur. Preserve left/right alpha taper. Distinct A/B silhouette, not mirror clones. Make the final 64×48 and38×29 presentation readable without sharpening filters.","forest_fringe_a-v1.png (프로젝트 후보 1의 크기·알파 정리본; 수정 입력); grass.png; forest_floor.png; packed_earth_road.png; wheat_farm_ripe-v4.png","not provided","2; selected attempt 2; 2번 후보의 큰 풀덤이 저배율에서 더 잘 읽혀 선택. A/B 6개 교대 시 반복 리듬 은폐는 미달.","crop alpha bounds >2; fit target interior; browser high-quality resampling; explicit 8px alpha gutter; non-blur coverage taper; source 1448x1086 -> final 128x96; source crop [x,y,w,h]=[117,294,1216,542]; final alpha bounds=[8,39,112,49]. 후보 1도 같은 크기·알파 정리 후 수정 입력으로 사용; 후보 2는 image_gen으로 덩어리 재생성.","AB_2026-09-19_v1","S_England_1300_1450_v1","Astra D1 candidate task","D1 검토 후보; 게임 미설치","candidate","2번 후보의 큰 풀덤이 저배율에서 더 잘 읽혀 선택. A/B 6개 교대 시 반복 리듬 은폐는 미달. 도구가 지정 크기보다 큰 원본을 반환하여 축소함. 처음부터 지정 크기에서 생성 조건 미달. runtimePath는 ZIP 내부 후보 경로이며 실제 게임 설치 경로가 아님."
"boundary/forest_fringe_b-v1","v1","boundary/forest_fringe_b-v1.png","b40ddd959a4db9d698429422a7788af92f3d2a6723667e47efaa24b717c4b465","/Users/rexxa/Library/Application Support/orca/codex-accounts/54be5844-95fd-4c46-925c-75327ccd186a/home/generated_images/01a0d17d-1c31-7cf2-8b1e-99595160009b/exec-0d654feb-edf3-4eb1-af0f-ea741c305ae3.png","3a6589f6e7965d6e2a432620b5de67aaec6aecf0714816734a70aacf704530f1","image_gen; Canvas 2D mechanical normalization","not exposed","2026-09-24T04:44:36.659Z","[실제 사용 프롬프트: 후보 1; 미선택]
Use case: stylized-concept. Production game sprite candidate for Feudal Lord Simulator, southern England 1300–1450, historical profile S_England_1300_1450_v1, art bible AB_2026-09-19_v1.
Four attached PROJECT-OWNED images are reference inputs only: Image 1 grass.png sets the subdued olive grass palette; Image 2 forest_floor.png sets the warm dark leaf-litter earth; Image 3 packed_earth_road.png sets the muted pale warm compacted earth; Image 4 wheat_farm_ripe-v4.png sets the hand-painted isometric sprite finish. Use ALL four to keep a coherent game palette. Do not reproduce the wheat crop unless requested (none is requested here).
Prioritize final display readability: source tile 128×64 pixels displays as 64×32 CSS pixels at zoom 1 and 38.4×19.2 at zoom .6. Draw BIG SIMPLE COHERENT forms at the stated asset dimensions. Do not make a highly detailed large painting. No tiny noisy marks. Main tufts, rut ridges and silhouette changes must remain several screen pixels wide at .6 zoom.
Genuine transparent PNG alpha, no white or black backdrop, no checkerboard painted into image. Soft upper-left light but no directional cast shadow. Crisp painterly edges, no Gaussian blur, no bloom, no smeared shading, no photographic noise. No text, labels, watermark, grid, raised tile base, buildings, people, animals, modern objects, flowers, fantasy plants. No outside artworks.
ASSET: forest-edge decal B, exact requested final canvas 128×96px. 2:1 orthographic isometric ground view, ground axes ±26.565 degrees, no tile base. One low boundary grouping spanning about one tile: 2–3 BIG simple olive grass tufts, sparse warm dark leaf litter, ONE small broad squat fern/bush. Unlike variant A, the main foliage mass is on the RIGHT, with a lower open gap at center-left and a short left tuft. Make a DIFFERENT silhouette and leaf grouping, NOT simply a mirrored A. All painted alpha inside x=8..119 and y=8..87, outer 8px fully transparent on all sides. Lower-middle ground contact pivot near (64,87). Left/right ends taper through sparse leaf and blade coverage, no blur. No tree trunks, branches, crops, flowers, raised earth base or shadow. Keep the same low height, muted value range and brush style as project ground references. Large grouped forms for display at 64×48px (zoom1), 38×29px (.6).

[실제 사용 프롬프트: 후보 2; 선택]
Edit the first attached project-owned candidate sprite. The remaining four project images are grass.png, forest_floor.png, packed_earth_road.png, wheat_farm_ripe-v4.png and are palette/style references. This is a TARGETED READABILITY REVISION, not a new scene.
Keep a true transparent background and the same medieval English low vegetation edge subject. Keep variant B main foliage on the RIGHT. Exact delivery target is 128×96 pixels, with 8px fully empty alpha margin all around and bottom-center ground anchor. The current candidate disappears at 38×29px runtime. REDRAW into much larger, simpler, chunkier forms: only TWO broad grass tufts and ONE small squat fern, fewer broad leaf lobes, strongly simplified coherent silhouette. Reduce the leaf-litter ground plate to a thin narrow broken line. The occupied artwork should be about112px WIDE and72–76px TALL at target resolution, not a wide flat smear; plant mass should occupy most of that height. Raise the foliage midtones about15 percent relative to the dark leaf litter, still muted olive matching the existing grass. Modest tight contact darks at roots only, NO cast shadow. Some negative-space gap between tufts, do not turn into a full hedge.
Draw as a consciously low-resolution game icon: broad opaque leaf masses with 2–3 tonal planes, no vein detail, no speckle, no fine leaf confetti, no tiny repeated blades. 2:1 orthographic isometric ground perspective. Do NOT add tree trunks, flowers, stones, buildings, text, tile base or blur. Preserve left/right alpha taper. Distinct A/B silhouette, not mirror clones. Make the final 64×48 and38×29 presentation readable without sharpening filters.","forest_fringe_b-v1.png (프로젝트 후보 1의 크기·알파 정리본; 수정 입력); grass.png; forest_floor.png; packed_earth_road.png; wheat_farm_ripe-v4.png","not provided","2; selected attempt 2; 2번 후보의 오른쪽 덩어리와 넓은 잎 실루엣이 더 잘 읽혀 선택. A/B 6개 교대 시 반복 리듬 은폐는 미달.","crop alpha bounds >2; fit target interior; browser high-quality resampling; explicit 8px alpha gutter; non-blur coverage taper; source 1448x1086 -> final 128x96; source crop [x,y,w,h]=[223,333,1033,481]; final alpha bounds=[8,36,112,52]. 후보 1도 같은 크기·알파 정리 후 수정 입력으로 사용; 후보 2는 image_gen으로 덩어리 재생성.","AB_2026-09-19_v1","S_England_1300_1450_v1","Astra D1 candidate task","D1 검토 후보; 게임 미설치","candidate","2번 후보의 오른쪽 덩어리와 넓은 잎 실루엣이 더 잘 읽혀 선택. A/B 6개 교대 시 반복 리듬 은폐는 미달. 도구가 지정 크기보다 큰 원본을 반환하여 축소함. 처음부터 지정 크기에서 생성 조건 미달. runtimePath는 ZIP 내부 후보 경로이며 실제 게임 설치 경로가 아님."
"boundary/field_furrow-v1","v1","boundary/field_furrow-v1.png","f52da52c9a5ad18d7ab770700eb10ec24d78c55393128b01692403e9ed2c7ad7","/Users/rexxa/Library/Application Support/orca/codex-accounts/54be5844-95fd-4c46-925c-75327ccd186a/home/generated_images/01a0d17d-1c31-7cf2-8b1e-99595160009b/exec-c695b895-c37a-4793-bb06-cef21cf2ba97.png","b3a660aee11ffdf0fd757ede2d10849be33e478b2e2764f8b8aae9720ee01e27","image_gen; Canvas 2D mechanical normalization","not exposed","2026-09-24T04:37:49.936Z","Use case: stylized-concept. Production game sprite candidate for Feudal Lord Simulator, southern England 1300–1450, historical profile S_England_1300_1450_v1, art bible AB_2026-09-19_v1.
Four attached PROJECT-OWNED images are reference inputs only: Image 1 grass.png sets the subdued olive grass palette; Image 2 forest_floor.png sets the warm dark leaf-litter earth; Image 3 packed_earth_road.png sets the muted pale warm compacted earth; Image 4 wheat_farm_ripe-v4.png sets the hand-painted isometric sprite finish. Use ALL four to keep a coherent game palette. Do not reproduce the wheat crop unless requested (none is requested here).
Prioritize final display readability: source tile 128×64 pixels displays as 64×32 CSS pixels at zoom 1 and 38.4×19.2 at zoom .6. Draw BIG SIMPLE COHERENT forms at the stated asset dimensions. Do not make a highly detailed large painting. No tiny noisy marks. Main tufts, rut ridges and silhouette changes must remain several screen pixels wide at .6 zoom.
Genuine transparent PNG alpha, no white or black backdrop, no checkerboard painted into image. Soft upper-left light but no directional cast shadow. Crisp painterly edges, no Gaussian blur, no bloom, no smeared shading, no photographic noise. No text, labels, watermark, grid, raised tile base, buildings, people, animals, modern objects, flowers, fantasy plants. No outside artworks.
ASSET: shallow field furrow decal, exact requested final canvas 128×64px, orthographic 2:1 isometric view. One SINGLE short shallow earth groove running along the rising-right isometric ground axis (screen slope -1/2). Two modest broad warm-earth lips alongside the central dark groove; small low raised soil ridges, NOT a ditch, wall, log, trench, cliff or mound. The groove must read as one clear simple dark-brown line with a restrained lighter upper-left soil rim even when shown at 64×32 then 38×19px. Match earth beneath wheat_farm_ripe-v4.png and packed_earth_road.png, do NOT include wheat or any crops, grass, stones or props. Fully transparent background, paint restricted to x=8..119 y=8..55, all four outer 8px margins fully transparent. Side ends taper in amount of soil and alpha. Lower-middle ground contact anchor near (64,55), no separate cast shadow. Crisp hand-painted soil shapes, no fuzzy blur/no micro-noise. The whole decal is only the slim furrow and its two low earthen lips.","grass.png; forest_floor.png; packed_earth_road.png; wheat_farm_ripe-v4.png","not provided","1; selected attempt 1; 얕은 고랑 실루엣과 흙 색조로 선택. 0.6에서 양쪽 둑과 중심 분리는 약함.","crop alpha bounds >2; fit target interior; browser high-quality resampling; explicit 8px alpha gutter; non-blur coverage taper; source 1774x887 -> final 128x64; source crop [x,y,w,h]=[308,203,1326,550]; final alpha bounds=[8,10,112,46]. ","AB_2026-09-19_v1","S_England_1300_1450_v1","Astra D1 candidate task","D1 검토 후보; 게임 미설치","candidate","얕은 고랑 실루엣과 흙 색조로 선택. 0.6에서 양쪽 둑과 중심 분리는 약함. 도구가 지정 크기보다 큰 원본을 반환하여 축소함. 처음부터 지정 크기에서 생성 조건 미달. runtimePath는 ZIP 내부 후보 경로이며 실제 게임 설치 경로가 아님."
"boundary/grass_edge-v1","v1","boundary/grass_edge-v1.png","0e4041fc88707cca46243b004af70d5e5c62364ccf30a38c93aa99f31369e5ae","/Users/rexxa/Library/Application Support/orca/codex-accounts/54be5844-95fd-4c46-925c-75327ccd186a/home/generated_images/01a0d17d-1c31-7cf2-8b1e-99595160009b/exec-b27cc880-dc33-4cfc-93f2-4df20aa4d569.png","aefa168f9d89fa8efffb98b6671889451c6c86a7defc39b2dae591ecbef2a2bc","image_gen; Canvas 2D mechanical normalization","not exposed","2026-09-24T04:39:05.239Z","Use case: stylized-concept. Production game sprite candidate for Feudal Lord Simulator, southern England 1300–1450, historical profile S_England_1300_1450_v1, art bible AB_2026-09-19_v1.
Four attached PROJECT-OWNED images are reference inputs only: Image 1 grass.png sets the subdued olive grass palette; Image 2 forest_floor.png sets the warm dark leaf-litter earth; Image 3 packed_earth_road.png sets the muted pale warm compacted earth; Image 4 wheat_farm_ripe-v4.png sets the hand-painted isometric sprite finish. Use ALL four to keep a coherent game palette. Do not reproduce the wheat crop unless requested (none is requested here).
Prioritize final display readability: source tile 128×64 pixels displays as 64×32 CSS pixels at zoom 1 and 38.4×19.2 at zoom .6. Draw BIG SIMPLE COHERENT forms at the stated asset dimensions. Do not make a highly detailed large painting. No tiny noisy marks. Main tufts, rut ridges and silhouette changes must remain several screen pixels wide at .6 zoom.
Genuine transparent PNG alpha, no white or black backdrop, no checkerboard painted into image. Soft upper-left light but no directional cast shadow. Crisp painterly edges, no Gaussian blur, no bloom, no smeared shading, no photographic noise. No text, labels, watermark, grid, raised tile base, buildings, people, animals, modern objects, flowers, fantasy plants. No outside artworks.
ASSET: grass edge decal, exact requested final canvas 128×64px, 2:1 orthographic isometric ground view. A short low GRASS-TO-BARE-GROUND boundary segment covering about one tile along the rising-right isometric axis (screen slope -1/2). Its UPPER/back side is subdued olive grass matching grass.png; its LOWER/front side is genuine transparent alpha to overlay dirt supplied by the game. Irregular short grass fingers extend down into transparency, with 2–3 clearly grouped squat tufts. Do not paint a brown ground plate or a complete grass diamond. Narrow broken fringe, not a large bush. Outer 8px all four sides completely transparent, painted area x=8..119 y=8..55. Lower middle ground anchor near (64,55). Left/right ends taper naturally as sparse blades, no blur. Large readable silhouette scallops, crisp broad painterly marks, no tiny repeated comb teeth, no flowers/crops/shadow. Intended runtime size 64×32px at zoom1, about38×19px at .6.","grass.png; forest_floor.png; packed_earth_road.png; wheat_farm_ripe-v4.png","not provided","1; selected attempt 1; 풀·흙 색 연결과 투명 하단으로 선택. 0.6에서 짧은 풀덤 가독성 미달.","crop alpha bounds >2; fit target interior; browser high-quality resampling; explicit 8px alpha gutter; non-blur coverage taper; source 1774x887 -> final 128x64; source crop [x,y,w,h]=[102,97,1617,640]; final alpha bounds=[8,12,112,44]. ","AB_2026-09-19_v1","S_England_1300_1450_v1","Astra D1 candidate task","D1 검토 후보; 게임 미설치","candidate","풀·흙 색 연결과 투명 하단으로 선택. 0.6에서 짧은 풀덤 가독성 미달. 도구가 지정 크기보다 큰 원본을 반환하여 축소함. 처음부터 지정 크기에서 생성 조건 미달. runtimePath는 ZIP 내부 후보 경로이며 실제 게임 설치 경로가 아님."
"checks/strip-repeat-v1","v1","checks/01-strip-repeat.png","dcd3cad9cd3bca793b3c849966fc8867191b6804efb0fc91e17db829c80140a8","records/processing-and-preview.html","b4be08b1713bad656aa72c2c7edeb1b5daaaecf3d0c712ddfb372cb725891330","Canvas 2D (Chrome); local Node orchestration","not applicable; deterministic composition","2026-09-24T04:45:07.183Z","이미지 생성 프롬프트 없음. 실제 Canvas 2D 합성: 최종 512x64 earth_strip-v1.png 전체를 가로로 3장, 겹침 없이 연결. 접합 위치 표시선은 그림 밖에 둔다. 1.0(0.5배) 및 0.6(0.3배) 추가 행을 배치한다. 최외곽 열과 끝 16px 밴드 일치 결과를 표기한다. 1600x540 PNG로 저장.","earth_strip-v1.png","not applicable","1 composition; 실제 납품 PNG 전체 폭의 접합을 그대로 보여 주는 배치 선택.","이미지 생성 프롬프트 없음. 실제 Canvas 2D 합성: 최종 512x64 earth_strip-v1.png 전체를 가로로 3장, 겹침 없이 연결. 접합 위치 표시선은 그림 밖에 둔다. 1.0(0.5배) 및 0.6(0.3배) 추가 행을 배치한다. 최외곽 열과 끝 16px 밴드 일치 결과를 표기한다. 1600x540 PNG로 저장.","AB_2026-09-19_v1","S_England_1300_1450_v1","Astra D1 candidate task","오프라인 확인 그림; 게임 미설치","candidate","게임 런타임 검증 아님. 합성 스크립트는 수행 기록이며 이미지 생성 프롬프트가 아님."
"checks/game-scale-preview-v1","v1","checks/02-game-scale-preview.png","9921128057269a2d0e699f3336f6ca55a9bfacfb106dffbc77e2601c06584bd4","records/processing-and-preview.html","b4be08b1713bad656aa72c2c7edeb1b5daaaecf3d0c712ddfb372cb725891330","Canvas 2D (Chrome); local Node orchestration","not applicable; deterministic composition","2026-09-24T04:45:07.231Z","이미지 생성 프롬프트 없음. 실제 Canvas 2D 합성: 기존 grass.png 위에 최종 흙길 스트립을 약한 S자 경로의 접선 방향으로 짧게 샘플링. 잔디 경계를 길 가장자리에 배치. forest_floor.png 아래 경계에 A/B를 교대로 총 6개 배치. 기존 wheat_farm_ripe-v4.png 2장을 각각 비교용 2x2셀 영역에 놓고 공유 변에 고랑 배치. 단독 데칼도 배치. 장면은 줌1.0 720x530px, 줌0.6 432x318px. 기존 실제 게임 캡처 전체 축소본 및 1:1 일부를 오른쪽에 놓는다. 캡처 촬영 배율은 미확인이라고 표기. 1700x1100 PNG 저장. 실제 실행식과 좌표는 records/processing-and-preview.html에 보존.","earth_strip-v1.png; forest_fringe_a-v1.png; forest_fringe_b-v1.png; field_furrow-v1.png; grass_edge-v1.png; grass.png; forest_floor.png; packed_earth_road.png; wheat_farm_ripe-v4.png; corrected-screenshot-04-final-observation.png","not applicable","2 layout iterations; selected iteration 2; 잔디와 고랑의 배치 오프셋 수정 후 선택.","이미지 생성 프롬프트 없음. 실제 Canvas 2D 합성: 기존 grass.png 위에 최종 흙길 스트립을 약한 S자 경로의 접선 방향으로 짧게 샘플링. 잔디 경계를 길 가장자리에 배치. forest_floor.png 아래 경계에 A/B를 교대로 총 6개 배치. 기존 wheat_farm_ripe-v4.png 2장을 각각 비교용 2x2셀 영역에 놓고 공유 변에 고랑 배치. 단독 데칼도 배치. 장면은 줌1.0 720x530px, 줌0.6 432x318px. 기존 실제 게임 캡처 전체 축소본 및 1:1 일부를 오른쪽에 놓는다. 캡처 촬영 배율은 미확인이라고 표기. 1700x1100 PNG 저장. 실제 실행식과 좌표는 records/processing-and-preview.html에 보존.","AB_2026-09-19_v1","S_England_1300_1450_v1","Astra D1 candidate task","오프라인 확인 그림; 게임 미설치","candidate","게임 런타임 검증 아님. 합성 스크립트는 수행 기록이며 이미지 생성 프롬프트가 아님."
