"assetId","version","runtimePath","runtimeSha256","sourcePath","sourceSha256","tool","model","generatedAt","prompt","referenceInputs","seed","candidates","manualEdits","artBible","historicalProfile","owner","usedIn","status","notes","semanticSignature"
"pt_pilot_P1-v1","v1","assets/portraits/pt_pilot_P1-v1.png","4fe32158e0ecdb7c4855d1d554a586e112f4bf6f5dd58c08a6cd18442870eaef","sources/pt_pilot_P1-v1.png","5c96d7d73d8aee67161141587ada2f941177811d6206099328d1d7445b2bcaf3","image_gen","not exposed","2026-09-25T04:27:00.286Z","Create ONE square painted character portrait for a southern English market-town game, circa1375–1425 within1300–1450. Attached house is PROJECT PAINTERLY STYLE / subdued earthy colour reference ONLY; do not depict a building. Hand-painted soft broad brush shapes, no photo-real skin, no line-art comic, no micrograin. Soft upper-left light. Bust, shoulders included, ALL portraits three-quarter facing SCREEN LEFT (nose points left). Flat solid muted grey-brown background RGB approximately (151,143,125), no scene, no frame, no text. Target256x256 RGBA opaque background. Precise composition: eye-line at y112/256, shoulder lateral extremities near y208/256, head top around y28, torso cut by bottom edge. Make face large and distinctly readable at96px. Preserve historical textile colours, no pure primaries, no pure black. 
Mature prosperous English male merchant aged48, broad square face, short neat brown beard with grey flecks, a broad BRIMMED brown felt hat. Tailored long deep WOAD BLUE gown, modest warm grey-brown fur lining visible at collar, leather belt and small purse at right hip. No scales, no jewellery extravagance.
Portrait asset pt_pilot_P1-v1. Bust only: any hip item need not enter portrait.","references/house_l2-v2.png","not exposed","1","{""id"":""P1"",""source"":""sources/pt_pilot_P1-v1.png"",""nativeSize"":[1254,1254],""sourceLandmarks"":{""id"":""P1"",""eyes"":[[390,402],[522,403]],""shoulderY"":856,""anchorX"":627},""landmarkMethod"":""Visual manual annotation: pupil centers and upper-arm/shoulder contour break; not anatomical tracking."",""transform"":{""type"":""uniform scale plus translation; no rotation or reflection"",""scale"":0.21168687982359427,""translate"":[-4.7276736493936085,26.79603087100331]},""registeredEyeYs"":[111.8941565600882,112.10584343991181],""registeredShoulderY"":208,""background"":""#8e8575 opaque RGBA"",""files"":[""assets/portraits/pt_pilot_P1-v1.png"",""assets/portraits/pt_pilot_P1-v1_128.png"",""assets/portraits/pt_pilot_P1-v1_96.png""],""derivatives"":""Each output sampled directly from native source; no chained resizing."",""limitations"":""""}","attached ASTRA_ART_DIRECTION_v1 + people deep research + WORK_ORDER","S_England_1300_1450_v1; depiction1375–1425","project candidate","offline proof only; not installed","candidate","Visual 96px recognition assessment, not user study.","Mature prosperous English male merchant aged48, broad square face, short neat brown beard with grey flecks, a broad BRIMMED brown felt hat. Tailored long deep WOAD BLUE gown, modest warm grey-brown fur lining visible at collar, leather belt and small purse at right hip. No scales, no jewellery extravagance."
"wk_pilot_P1-v1","v1","assets/workers/wk_pilot_P1-v1.png","88f72fb4ee3f674522e8b6a8d6957a59ad6df48dfba96bedab133c43cd9f3349","sources/wk_pilot_P1-v1.png","fba5390c0ebd2b80a48104d3c63029356c12a1b5dab2807e043708cd20b3b11e","image_gen","not exposed","2026-09-25T04:32:02.563Z","Create ONE genuine transparent RGBA sprite sheet, exactly8 separate full-body sprites in a REGULAR4 COLUMNS x2 ROWS grid, landscape2:1 aspect. No labels, grid lines, background, floor, cast shadows, extra figures. Southern England1375–1425 hand-painted game art, broad readable colour masses, soft upper-left world light, no black outlines or photographic texture. FIXED orthographic isometric camera looking down30degrees. Column1 NE = BACK three-quarter looking upper-right, face mostly hidden. Column2 SE = FRONT three-quarter looking lower-right, face visible. Column3 SW = FRONT three-quarter looking lower-left, face visible. Column4 NW = BACK three-quarter looking upper-left, face mostly hidden. Top row walk gaitA left leg forward; bottom row same exact four directions walk gaitB opposite leg forward. Every cell contains SAME PERSON SAME CLOTHING SAME HEADWEAR SAME anatomy, no mirrored sprites. Head-to-feet height approx120 of148mastercell, foot contact at(74,134) in each148cell, character fullywithin cell, generous padding. Intended master592x296 then exactly50% downsample to296x148(cell74). Reference1 existing sheet is STRICT layout/direction/scale and painterly sprite style reference; reference2 portrait defines this persons headwear and main garment colour, not portrait realism. Keep no floating props, no duplicate limbs, all eight full-body figures. 
Mature prosperous English male merchant aged48, broad square face, short neat brown beard with grey flecks, a broad BRIMMED brown felt hat. Tailored long deep WOAD BLUE gown, modest warm grey-brown fur lining visible at collar, leather belt and small purse at right hip. No scales, no jewellery extravagance.
Worker asset wk_pilot_P1-v1. Keep garment anklelength and muted primary colour and hat/veil identical across8cells. Small right-hip belt purse for P1 remains anatomicalRIGHT, not screenright; P2 emptyhands and no apron.","references/actor_merchant-v1.png;sources/pt_pilot_P1-v1.png","not exposed","1","{""id"":""wk_pilot_P1-v1"",""source"":""sources/wk_pilot_P1-v1.png"",""nativeSize"":[1774,887],""sourceSha256"":""fba5390c0ebd2b80a48104d3c63029356c12a1b5dab2807e043708cd20b3b11e"",""masterPath"":""masters/wk_pilot_P1-v1-148.png"",""masterSize"":[592,296],""target"":""assets/workers/wk_pilot_P1-v1.png"",""targetSize"":[296,148],""sha256"":""88f72fb4ee3f674522e8b6a8d6957a59ad6df48dfba96bedab133c43cd9f3349"",""directionOrder"":[""NE"",""SE"",""SW"",""NW""],""rows"":[0,1],""cell"":[74,74],""anchor"":[37,67],""masterCell"":[148,148],""masterAnchor"":[74,134],""uniformPersonScale"":0.2891566265060241,""method"":""Extract 8 regular-grid alpha bounds. Same uniform scale for all8 frames per person; translate actual bottom sole anchor. Native->148master then exactly50% final. No mirror, no anatomy/prop/clothing edits; original directional inconsistencies retained."",""frames"":[{""direction"":""NE"",""frame"":0,""col"":0,""row"":0,""crop"":[116,22,225,406],""sourceFoot"":[175.96875,428],""masterRect"":[56.65963855421687,16.60240963855422,65.06024096385542,117.39759036144578],""masterFoot"":[74,134]},{""direction"":""SE"",""frame"":0,""col"":1,""row"":0,""crop"":[541,16,241,415],""sourceFoot"":[723.1034482758621,431],""masterRect"":[169.34358122143746,14,69.6867469879518,120],""masterFoot"":[222,134]},{""direction"":""SW"",""frame"":0,""col"":2,""row"":0,""crop"":[992,17,248,414],""sourceFoot"":[1049.396551724138,431],""masterRect"":[353.40340673036974,14.289156626506028,71.71084337349397,119.71084337349397],""masterFoot"":[370,134]},{""direction"":""NW"",""frame"":0,""col"":3,""row"":0,""crop"":[1431,22,227,406],""sourceFoot"":[1596.6875,428],""masterRect"":[470.0903614457831,16.60240963855422,65.63855421686746,117.39759036144578],""masterFoot"":[518,134]},{""direction"":""NE"",""frame"":1,""col"":0,""row"":1,""crop"":[105,457,229,405],""sourceFoot"":[167.71212121212122,862],""masterRect"":[55.86637458926616,164.89156626506025,66.21686746987952,117.10843373493975],""masterFoot"":[74,282]},{""direction"":""SE"",""frame"":1,""col"":1,""row"":1,""crop"":[557,459,234,410],""sourceFoot"":[732.3898305084746,869],""masterRect"":[171.28486828670614,163.44578313253012,67.66265060240964,118.55421686746988],""masterFoot"":[222,282]},{""direction"":""SW"",""frame"":1,""col"":2,""row"":1,""crop"":[986,459,241,411],""sourceFoot"":[1041.7948717948718,870],""masterRect"":[353.8665430954587,163.1566265060241,69.6867469879518,118.8433734939759],""masterFoot"":[370,282]},{""direction"":""NW"",""frame"":1,""col"":3,""row"":1,""crop"":[1438,457,233,405],""sourceFoot"":[1606.536231884058,862],""masterRect"":[469.2666317443688,164.89156626506025,67.37349397590361,117.10843373493975],""masterFoot"":[518,282]}],""metrics"":[{""direction"":""NE"",""frame"":0,""alphaMin"":0,""alphaMax"":255,""nonzero"":1162},{""direction"":""SE"",""frame"":0,""alphaMin"":0,""alphaMax"":255,""nonzero"":1230},{""direction"":""SW"",""frame"":0,""alphaMin"":0,""alphaMax"":255,""nonzero"":1257},{""direction"":""NW"",""frame"":0,""alphaMin"":0,""alphaMax"":255,""nonzero"":1168},{""direction"":""NE"",""frame"":1,""alphaMin"":0,""alphaMax"":255,""nonzero"":1167},{""direction"":""SE"",""frame"":1,""alphaMin"":0,""alphaMax"":255,""nonzero"":1183},{""direction"":""SW"",""frame"":1,""alphaMin"":0,""alphaMax"":255,""nonzero"":1205},{""direction"":""NW"",""frame"":1,""alphaMin"":0,""alphaMax"":255,""nonzero"":1174}]}","attached ASTRA_ART_DIRECTION_v1 + people deep research + WORK_ORDER","S_England_1300_1450_v1; depiction1375–1425","project candidate","offline proof only; not installed","candidate","Direction X and gait failures preserved. See DIRECTION_CONSISTENCY.md.","Mature prosperous English male merchant aged48, broad square face, short neat brown beard with grey flecks, a broad BRIMMED brown felt hat. Tailored long deep WOAD BLUE gown, modest warm grey-brown fur lining visible at collar, leather belt and small purse at right hip. No scales, no jewellery extravagance."
"pt_pilot_P2-v1","v1","assets/portraits/pt_pilot_P2-v1.png","ed135a79818c45849c1183b52171e9b1df2dd3308e74344a8d62b4cdc6e75de8","sources/pt_pilot_P2-v1.png","3ad42b635fb0aa91d0aec87fb90c9b59e493a47be69424c39d1c36a3335159da","image_gen","not exposed","2026-09-25T04:27:00.283Z","Create ONE square painted character portrait for a southern English market-town game, circa1375–1425 within1300–1450. Attached house is PROJECT PAINTERLY STYLE / subdued earthy colour reference ONLY; do not depict a building. Hand-painted soft broad brush shapes, no photo-real skin, no line-art comic, no micrograin. Soft upper-left light. Bust, shoulders included, ALL portraits three-quarter facing SCREEN LEFT (nose points left). Flat solid muted grey-brown background RGB approximately (151,143,125), no scene, no frame, no text. Target256x256 RGBA opaque background. Precise composition: eye-line at y112/256, shoulder lateral extremities near y208/256, head top around y28, torso cut by bottom edge. Make face large and distinctly readable at96px. Preserve historical textile colours, no pure primaries, no pure black. 
Mature married prosperous female merchant aged43, oval face, confident calm expression. Hair fully covered by off-white linen COIF and cream VEIL draped to shoulders, no wimple covering neck. Fine fitted muted PLUM wool gown, high modest neckline and slender leather belt. No loose fantasy hair, no crown, no jewellery extravagance.
Portrait asset pt_pilot_P2-v1. Bust only: any hip item need not enter portrait.","references/house_l2-v2.png","not exposed","1","{""id"":""P2"",""source"":""sources/pt_pilot_P2-v1.png"",""nativeSize"":[1254,1254],""sourceLandmarks"":{""id"":""P2"",""eyes"":[[404,376],[525,367]],""shoulderY"":858,""anchorX"":627},""landmarkMethod"":""Visual manual annotation: pupil centers and upper-arm/shoulder contour break; not anatomical tracking."",""transform"":{""type"":""uniform scale plus translation; no rotation or reflection"",""scale"":0.197327852004111,""translate"":[4.275436793422415,38.692702980472774]},""registeredEyeYs"":[112.8879753340185,111.11202466598151],""registeredShoulderY"":208,""background"":""#8e8575 opaque RGBA"",""files"":[""assets/portraits/pt_pilot_P2-v1.png"",""assets/portraits/pt_pilot_P2-v1_128.png"",""assets/portraits/pt_pilot_P2-v1_96.png""],""derivatives"":""Each output sampled directly from native source; no chained resizing."",""limitations"":""""}","attached ASTRA_ART_DIRECTION_v1 + people deep research + WORK_ORDER","S_England_1300_1450_v1; depiction1375–1425","project candidate","offline proof only; not installed","candidate","Visual 96px recognition assessment, not user study.","Mature married prosperous female merchant aged43, oval face, confident calm expression. Hair fully covered by off-white linen COIF and cream VEIL draped to shoulders, no wimple covering neck. Fine fitted muted PLUM wool gown, high modest neckline and slender leather belt. No loose fantasy hair, no crown, no jewellery extravagance."
"wk_pilot_P2-v1","v1","assets/workers/wk_pilot_P2-v1.png","66205313a69456653719685a6bb0ac768e8e9c53d288e1d385ea581e128ab7e1","sources/wk_pilot_P2-v1.png","8a300f12117c3864a7d9d4fdaf9d0bf37df7aabf94799e3ab74381cc58363ed8","image_gen","not exposed","2026-09-25T04:32:02.601Z","Create ONE genuine transparent RGBA sprite sheet, exactly8 separate full-body sprites in a REGULAR4 COLUMNS x2 ROWS grid, landscape2:1 aspect. No labels, grid lines, background, floor, cast shadows, extra figures. Southern England1375–1425 hand-painted game art, broad readable colour masses, soft upper-left world light, no black outlines or photographic texture. FIXED orthographic isometric camera looking down30degrees. Column1 NE = BACK three-quarter looking upper-right, face mostly hidden. Column2 SE = FRONT three-quarter looking lower-right, face visible. Column3 SW = FRONT three-quarter looking lower-left, face visible. Column4 NW = BACK three-quarter looking upper-left, face mostly hidden. Top row walk gaitA left leg forward; bottom row same exact four directions walk gaitB opposite leg forward. Every cell contains SAME PERSON SAME CLOTHING SAME HEADWEAR SAME anatomy, no mirrored sprites. Head-to-feet height approx120 of148mastercell, foot contact at(74,134) in each148cell, character fullywithin cell, generous padding. Intended master592x296 then exactly50% downsample to296x148(cell74). Reference1 existing sheet is STRICT layout/direction/scale and painterly sprite style reference; reference2 portrait defines this persons headwear and main garment colour, not portrait realism. Keep no floating props, no duplicate limbs, all eight full-body figures. 
Mature married prosperous female merchant aged43, oval face, confident calm expression. Hair fully covered by off-white linen COIF and cream VEIL draped to shoulders, no wimple covering neck. Fine fitted muted PLUM wool gown, high modest neckline and slender leather belt. No loose fantasy hair, no crown, no jewellery extravagance.
Worker asset wk_pilot_P2-v1. Keep garment anklelength and muted primary colour and hat/veil identical across8cells. Small right-hip belt purse for P1 remains anatomicalRIGHT, not screenright; P2 emptyhands and no apron.","references/actor_merchant-v1.png;sources/pt_pilot_P2-v1.png","not exposed","1","{""id"":""wk_pilot_P2-v1"",""source"":""sources/wk_pilot_P2-v1.png"",""nativeSize"":[1774,887],""sourceSha256"":""8a300f12117c3864a7d9d4fdaf9d0bf37df7aabf94799e3ab74381cc58363ed8"",""masterPath"":""masters/wk_pilot_P2-v1-148.png"",""masterSize"":[592,296],""target"":""assets/workers/wk_pilot_P2-v1.png"",""targetSize"":[296,148],""sha256"":""66205313a69456653719685a6bb0ac768e8e9c53d288e1d385ea581e128ab7e1"",""directionOrder"":[""NE"",""SE"",""SW"",""NW""],""rows"":[0,1],""cell"":[74,74],""anchor"":[37,67],""masterCell"":[148,148],""masterAnchor"":[74,134],""uniformPersonScale"":0.2850356294536817,""method"":""Extract 8 regular-grid alpha bounds. Same uniform scale for all8 frames per person; translate actual bottom sole anchor. Native->148master then exactly50% final. No mirror, no anatomy/prop/clothing edits; original directional inconsistencies retained."",""frames"":[{""direction"":""NE"",""frame"":0,""col"":0,""row"":0,""crop"":[147,16,211,419],""sourceFoot"":[203.83783783783784,435],""masterRect"":[57.7991911151056,14.570071258907362,60.142517814726844,119.42992874109264],""masterFoot"":[74,134]},{""direction"":""SE"",""frame"":0,""col"":1,""row"":0,""crop"":[555,11,211,419],""sourceFoot"":[727.6969696969697,430],""masterRect"":[172.77521053768083,14.570071258907362,60.142517814726844,119.42992874109264],""masterFoot"":[222,134]},{""direction"":""SW"",""frame"":0,""col"":2,""row"":0,""crop"":[1005,12,216,421],""sourceFoot"":[1042.2222222222222,433],""masterRect"":[359.3903404592241,14,61.56769596199525,120],""masterFoot"":[370,134]},{""direction"":""NW"",""frame"":0,""col"":3,""row"":0,""crop"":[1415,15,208,420],""sourceFoot"":[1577.4615384615386,435],""masterRect"":[471.69267312260183,14.285035629453674,59.287410926365794,119.71496437054633],""masterFoot"":[518,134]},{""direction"":""NE"",""frame"":1,""col"":0,""row"":1,""crop"":[148,455,209,416],""sourceFoot"":[193.0222222222222,871],""masterRect"":[61.16706254948535,163.4251781472684,59.572446555819475,118.57482185273159],""masterFoot"":[74,282]},{""direction"":""SE"",""frame"":1,""col"":1,""row"":1,""crop"":[554,455,216,411],""sourceFoot"":[728.9166666666666,866],""masterRect"":[172.14251781472686,164.85035629453682,61.56769596199525,117.14964370546319],""masterFoot"":[222,282]},{""direction"":""SW"",""frame"":1,""col"":2,""row"":1,""crop"":[1003,455,216,416],""sourceFoot"":[1040.3898305084747,871],""masterRect"":[359.34256612585045,163.4251781472684,61.56769596199525,118.57482185273159],""masterFoot"":[370,282]},{""direction"":""NW"",""frame"":1,""col"":3,""row"":1,""crop"":[1416,455,212,415],""sourceFoot"":[1577.2631578947369,870],""masterRect"":[472.0342542817852,163.71021377672207,60.427553444180525,118.28978622327791],""masterFoot"":[518,282]}],""metrics"":[{""direction"":""NE"",""frame"":0,""alphaMin"":0,""alphaMax"":255,""nonzero"":1074},{""direction"":""SE"",""frame"":0,""alphaMin"":0,""alphaMax"":255,""nonzero"":1142},{""direction"":""SW"",""frame"":0,""alphaMin"":0,""alphaMax"":255,""nonzero"":1147},{""direction"":""NW"",""frame"":0,""alphaMin"":0,""alphaMax"":255,""nonzero"":1116},{""direction"":""NE"",""frame"":1,""alphaMin"":0,""alphaMax"":255,""nonzero"":1064},{""direction"":""SE"",""frame"":1,""alphaMin"":0,""alphaMax"":255,""nonzero"":1119},{""direction"":""SW"",""frame"":1,""alphaMin"":0,""alphaMax"":255,""nonzero"":1130},{""direction"":""NW"",""frame"":1,""alphaMin"":0,""alphaMax"":255,""nonzero"":1081}]}","attached ASTRA_ART_DIRECTION_v1 + people deep research + WORK_ORDER","S_England_1300_1450_v1; depiction1375–1425","project candidate","offline proof only; not installed","candidate","Direction X and gait failures preserved. See DIRECTION_CONSISTENCY.md.","Mature married prosperous female merchant aged43, oval face, confident calm expression. Hair fully covered by off-white linen COIF and cream VEIL draped to shoulders, no wimple covering neck. Fine fitted muted PLUM wool gown, high modest neckline and slender leather belt. No loose fantasy hair, no crown, no jewellery extravagance."
"pt_pilot_P3-v1","v1","assets/portraits/pt_pilot_P3-v1.png","0746eda8ed908e17c462eb47432af741bd06940bcaedff54ba96d88c02d7fd4d","sources/pt_pilot_P3-v1.png","3170fa6542cd1eda8dd39412ac51a30f29d91e16a4306ab270dec8641221c6a8","image_gen","not exposed","2026-09-25T04:29:00.442Z","Create ONE square painted character portrait for a southern English market-town game, circa1375–1425 within1300–1450. Attached house is PROJECT PAINTERLY STYLE / subdued earthy colour reference ONLY; do not depict a building. Hand-painted soft broad brush shapes, no photo-real skin, no line-art comic, no micrograin. Soft upper-left light. Bust, shoulders included, ALL portraits three-quarter facing SCREEN LEFT (nose points left). Flat solid muted grey-brown background RGB approximately (151,143,125), no scene, no frame, no text. Target256x256 RGBA opaque background. Precise composition: eye-line at y112/256, shoulder lateral extremities near y208/256, head top around y28, torso cut by bottom edge. Make face large and distinctly readable at96px. Preserve historical textile colours, no pure primaries, no pure black. 
Mature male PARISH PRIEST aged50, long lean clean-shaven face, unmistakable TONSURE bald crown with ring of short greying brown hair, absolutely NO HAT. Plain long CHARCOAL grey-brown secular clerical gown, simple neckline. NOT a monk habit, no hood/cowl, no rope belt, no vestment/stole, no cross necklace, no held object.
Portrait asset pt_pilot_P3-v1. Match attached portrait composition and rendering, but distinctly different person. Bust only; held items need not enter portrait.","references/house_l2-v2.png;sources/pt_pilot_P1-v1.png","not exposed","1","{""id"":""P3"",""source"":""sources/pt_pilot_P3-v1.png"",""nativeSize"":[1254,1254],""sourceLandmarks"":{""id"":""P3"",""eyes"":[[389,391],[525,392]],""shoulderY"":873,""anchorX"":627},""landmarkMethod"":""Visual manual annotation: pupil centers and upper-arm/shoulder contour break; not anatomical tracking."",""transform"":{""type"":""uniform scale plus translation; no rotation or reflection"",""scale"":0.19937694704049844,""translate"":[2.990654205607484,33.94392523364486]},""registeredEyeYs"":[111.90031152647975,112.09968847352025],""registeredShoulderY"":208,""background"":""#8e8575 opaque RGBA"",""files"":[""assets/portraits/pt_pilot_P3-v1.png"",""assets/portraits/pt_pilot_P3-v1_128.png"",""assets/portraits/pt_pilot_P3-v1_96.png""],""derivatives"":""Each output sampled directly from native source; no chained resizing."",""limitations"":""""}","attached ASTRA_ART_DIRECTION_v1 + people deep research + WORK_ORDER","S_England_1300_1450_v1; depiction1375–1425","project candidate","offline proof only; not installed","candidate","Visual 96px recognition assessment, not user study.","Mature male PARISH PRIEST aged50, long lean clean-shaven face, unmistakable TONSURE bald crown with ring of short greying brown hair, absolutely NO HAT. Plain long CHARCOAL grey-brown secular clerical gown, simple neckline. NOT a monk habit, no hood/cowl, no rope belt, no vestment/stole, no cross necklace, no held object."
"wk_pilot_P3-v1","v1","assets/workers/wk_pilot_P3-v1.png","dc9e697bca5cc73bd32e6d08ea6e796bd212b361bbff4394cadbe4f4a8884ca6","sources/wk_pilot_P3-v1.png","988bbf3962e71d0fbf47cf302bb48069b0c2607138a4b2f863451bb8eb4a4edb","image_gen","not exposed","2026-09-25T04:34:47.642Z","Create ONE genuine transparent RGBA sprite sheet, exactly8 separate full-body sprites in a REGULAR4 COLUMNS x2 ROWS grid, landscape2:1 aspect. No labels, grid lines, background, floor, cast shadows, extra figures. Southern England1375–1425 hand-painted game art, broad readable colour masses, soft upper-left world light, no black outlines or photographic texture. FIXED orthographic isometric camera looking down30degrees. Column1 NE = BACK three-quarter looking upper-right, face mostly hidden. Column2 SE = FRONT three-quarter looking lower-right, face visible. Column3 SW = FRONT three-quarter looking lower-left, face visible. Column4 NW = BACK three-quarter looking upper-left, face mostly hidden. Top row walk gaitA left leg forward; bottom row same exact four directions walk gaitB opposite leg forward. Every cell contains SAME PERSON SAME CLOTHING SAME HEADWEAR SAME anatomy, no mirrored sprites. Head-to-feet height approx120 of148mastercell, foot contact at(74,134) in each148cell, character fullywithin cell, generous padding. Intended master592x296 then exactly50% downsample to296x148(cell74). Reference1 existing sheet is STRICT layout/direction/scale and painterly sprite style reference; reference2 portrait defines this persons headwear and main garment colour, not portrait realism. Keep no floating props, no duplicate limbs, all eight full-body figures. 
Mature male PARISH PRIEST aged50, long lean clean-shaven face, unmistakable TONSURE bald crown with ring of short greying brown hair, absolutely NO HAT. Plain long CHARCOAL grey-brown secular clerical gown, simple neckline. NOT a monk habit, no hood/cowl, no rope belt, no vestment/stole, no cross necklace, no held object.
Worker asset wk_pilot_P3-v1. Do NOT copy merchants belt pouch unless specified. Two WALK frames must visibly alternate support leg and swing arm, not merely shift same pose. For P3 tonsure visible even fromback, nevermonkhood. For P4 sack ALWAYS in anatomicalRIGHT hand; forP5 basket ALWAYS anatomicalLEFT hand, apron alwaysFRONT only.","references/actor_farmer-v1.png;sources/pt_pilot_P3-v1.png","not exposed","1","{""id"":""wk_pilot_P3-v1"",""source"":""sources/wk_pilot_P3-v1.png"",""nativeSize"":[1774,887],""sourceSha256"":""988bbf3962e71d0fbf47cf302bb48069b0c2607138a4b2f863451bb8eb4a4edb"",""masterPath"":""masters/wk_pilot_P3-v1-148.png"",""masterSize"":[592,296],""target"":""assets/workers/wk_pilot_P3-v1.png"",""targetSize"":[296,148],""sha256"":""dc9e697bca5cc73bd32e6d08ea6e796bd212b361bbff4394cadbe4f4a8884ca6"",""directionOrder"":[""NE"",""SE"",""SW"",""NW""],""rows"":[0,1],""cell"":[74,74],""anchor"":[37,67],""masterCell"":[148,148],""masterAnchor"":[74,134],""uniformPersonScale"":0.293398533007335,""method"":""Extract 8 regular-grid alpha bounds. Same uniform scale for all8 frames per person; translate actual bottom sole anchor. Native->148master then exactly50% final. No mirror, no anatomy/prop/clothing edits; original directional inconsistencies retained."",""frames"":[{""direction"":""NE"",""frame"":0,""col"":0,""row"":0,""crop"":[130,19,233,408],""sourceFoot"":[183.2962962962963,427],""masterRect"":[58.3629448519424,14.29339853300732,68.36185819070906,119.70660146699268],""masterFoot"":[74,134]},{""direction"":""SE"",""frame"":0,""col"":1,""row"":0,""crop"":[559,21,213,407],""sourceFoot"":[721.4594594594595,428],""masterRect"":[174.33463292142997,14.586797066014668,62.493887530562354,119.41320293398533],""masterFoot"":[222,134]},{""direction"":""SW"",""frame"":0,""col"":2,""row"":0,""crop"":[1002,19,212,409],""sourceFoot"":[1052.2,428],""masterRect"":[355.2713936430318,13.999999999999986,62.20048899755501,120.00000000000001],""masterFoot"":[370,134]},{""direction"":""NW"",""frame"":0,""col"":3,""row"":0,""crop"":[1421,18,229,408],""sourceFoot"":[1592,426],""masterRect"":[467.8288508557457,14.29339853300732,67.1882640586797,119.70660146699268],""masterFoot"":[518,134]},{""direction"":""NE"",""frame"":1,""col"":0,""row"":1,""crop"":[131,460,233,401],""sourceFoot"":[178,861],""masterRect"":[60.210268948655255,164.34718826405867,68.36185819070906,117.65281173594133],""masterFoot"":[74,282]},{""direction"":""SE"",""frame"":1,""col"":1,""row"":1,""crop"":[560,462,214,398],""sourceFoot"":[730.5,860],""masterRect"":[171.9755501222494,165.22738386308066,62.78728606356969,116.77261613691932],""masterFoot"":[222,282]},{""direction"":""SW"",""frame"":1,""col"":2,""row"":1,""crop"":[1002,460,214,401],""sourceFoot"":[1050.7,861],""masterRect"":[355.71149144254275,164.34718826405867,62.78728606356969,117.65281173594133],""masterFoot"":[370,282]},{""direction"":""NW"",""frame"":1,""col"":3,""row"":1,""crop"":[1420,462,225,399],""sourceFoot"":[1598.108695652174,861],""masterRect"":[465.74316997980225,164.93398533007334,66.01466992665037,117.06601466992666],""masterFoot"":[518,282]}],""metrics"":[{""direction"":""NE"",""frame"":0,""alphaMin"":0,""alphaMax"":255,""nonzero"":1165},{""direction"":""SE"",""frame"":0,""alphaMin"":0,""alphaMax"":255,""nonzero"":1110},{""direction"":""SW"",""frame"":0,""alphaMin"":0,""alphaMax"":255,""nonzero"":1103},{""direction"":""NW"",""frame"":0,""alphaMin"":0,""alphaMax"":255,""nonzero"":1171},{""direction"":""NE"",""frame"":1,""alphaMin"":0,""alphaMax"":255,""nonzero"":1160},{""direction"":""SE"",""frame"":1,""alphaMin"":0,""alphaMax"":255,""nonzero"":1098},{""direction"":""SW"",""frame"":1,""alphaMin"":0,""alphaMax"":255,""nonzero"":1089},{""direction"":""NW"",""frame"":1,""alphaMin"":0,""alphaMax"":255,""nonzero"":1131}]}","attached ASTRA_ART_DIRECTION_v1 + people deep research + WORK_ORDER","S_England_1300_1450_v1; depiction1375–1425","project candidate","offline proof only; not installed","candidate","Direction X and gait failures preserved. See DIRECTION_CONSISTENCY.md.","Mature male PARISH PRIEST aged50, long lean clean-shaven face, unmistakable TONSURE bald crown with ring of short greying brown hair, absolutely NO HAT. Plain long CHARCOAL grey-brown secular clerical gown, simple neckline. NOT a monk habit, no hood/cowl, no rope belt, no vestment/stole, no cross necklace, no held object."
"pt_pilot_P4-v1","v1","assets/portraits/pt_pilot_P4-v1.png","d54d2f383d119f85667c5b4993b7fd607e3bc3be9c8fd7bbb9a6f81848b6b2be","sources/pt_pilot_P4-v1.png","0c864881067378741ad789717180bb07bbdaa6509224de90cf5496e35ecd434b","image_gen","not exposed","2026-09-25T04:29:00.467Z","Create ONE square painted character portrait for a southern English market-town game, circa1375–1425 within1300–1450. Attached house is PROJECT PAINTERLY STYLE / subdued earthy colour reference ONLY; do not depict a building. Hand-painted soft broad brush shapes, no photo-real skin, no line-art comic, no micrograin. Soft upper-left light. Bust, shoulders included, ALL portraits three-quarter facing SCREEN LEFT (nose points left). Flat solid muted grey-brown background RGB approximately (151,143,125), no scene, no frame, no text. Target256x256 RGBA opaque background. Precise composition: eye-line at y112/256, shoulder lateral extremities near y208/256, head top around y28, torso cut by bottom edge. Make face large and distinctly readable at96px. Preserve historical textile colours, no pure primaries, no pure black. 
Young male labourer aged23, broad freckled face, clean shaven, simple close MADDER BRICK RED wool hood over head with short shoulder cape. Same muted madder brick-red practical knee-length tunic, grey-brown hose, plain shoes, a small repair patch. NO apron, no beard. Worker carries a tied tan sack in RIGHT hand down at right hip, never on shoulder.
Portrait asset pt_pilot_P4-v1. Match attached portrait composition and rendering, but distinctly different person. Bust only; held items need not enter portrait.","references/house_l2-v2.png;sources/pt_pilot_P1-v1.png","not exposed","1","{""id"":""P4"",""source"":""sources/pt_pilot_P4-v1.png"",""nativeSize"":[1254,1254],""sourceLandmarks"":{""id"":""P4"",""eyes"":[[393,402],[524,400]],""shoulderY"":858,""anchorX"":627},""landmarkMethod"":""Visual manual annotation: pupil centers and upper-arm/shoulder contour break; not anatomical tracking."",""transform"":{""type"":""uniform scale plus translation; no rotation or reflection"",""scale"":0.2100656455142232,""translate"":[-3.711159737417944,27.763676148796506]},""registeredEyeYs"":[112.21006564551423,111.78993435448578],""registeredShoulderY"":208,""background"":""#8e8575 opaque RGBA"",""files"":[""assets/portraits/pt_pilot_P4-v1.png"",""assets/portraits/pt_pilot_P4-v1_128.png"",""assets/portraits/pt_pilot_P4-v1_96.png""],""derivatives"":""Each output sampled directly from native source; no chained resizing."",""limitations"":""""}","attached ASTRA_ART_DIRECTION_v1 + people deep research + WORK_ORDER","S_England_1300_1450_v1; depiction1375–1425","project candidate","offline proof only; not installed","candidate","Visual 96px recognition assessment, not user study.","Young male labourer aged23, broad freckled face, clean shaven, simple close MADDER BRICK RED wool hood over head with short shoulder cape. Same muted madder brick-red practical knee-length tunic, grey-brown hose, plain shoes, a small repair patch. NO apron, no beard. Worker carries a tied tan sack in RIGHT hand down at right hip, never on shoulder."
"wk_pilot_P4-v1","v1","assets/workers/wk_pilot_P4-v1.png","14fa4edfc84bf158420768f47618f55233ac67fcc453101e65ba5d24687bc559","sources/wk_pilot_P4-v1.png","3211a0fc29dc7623a16322af6ac1bda6e4a80a83cedb5788e770422154e6753c","image_gen","not exposed","2026-09-25T04:34:47.652Z","Create ONE genuine transparent RGBA sprite sheet, exactly8 separate full-body sprites in a REGULAR4 COLUMNS x2 ROWS grid, landscape2:1 aspect. No labels, grid lines, background, floor, cast shadows, extra figures. Southern England1375–1425 hand-painted game art, broad readable colour masses, soft upper-left world light, no black outlines or photographic texture. FIXED orthographic isometric camera looking down30degrees. Column1 NE = BACK three-quarter looking upper-right, face mostly hidden. Column2 SE = FRONT three-quarter looking lower-right, face visible. Column3 SW = FRONT three-quarter looking lower-left, face visible. Column4 NW = BACK three-quarter looking upper-left, face mostly hidden. Top row walk gaitA left leg forward; bottom row same exact four directions walk gaitB opposite leg forward. Every cell contains SAME PERSON SAME CLOTHING SAME HEADWEAR SAME anatomy, no mirrored sprites. Head-to-feet height approx120 of148mastercell, foot contact at(74,134) in each148cell, character fullywithin cell, generous padding. Intended master592x296 then exactly50% downsample to296x148(cell74). Reference1 existing sheet is STRICT layout/direction/scale and painterly sprite style reference; reference2 portrait defines this persons headwear and main garment colour, not portrait realism. Keep no floating props, no duplicate limbs, all eight full-body figures. 
Young male labourer aged23, broad freckled face, clean shaven, simple close MADDER BRICK RED wool hood over head with short shoulder cape. Same muted madder brick-red practical knee-length tunic, grey-brown hose, plain shoes, a small repair patch. NO apron, no beard. Worker carries a tied tan sack in RIGHT hand down at right hip, never on shoulder.
Worker asset wk_pilot_P4-v1. Do NOT copy merchants belt pouch unless specified. Two WALK frames must visibly alternate support leg and swing arm, not merely shift same pose. For P3 tonsure visible even fromback, nevermonkhood. For P4 sack ALWAYS in anatomicalRIGHT hand; forP5 basket ALWAYS anatomicalLEFT hand, apron alwaysFRONT only.","references/actor_farmer-v1.png;sources/pt_pilot_P4-v1.png","not exposed","1","{""id"":""wk_pilot_P4-v1"",""source"":""sources/wk_pilot_P4-v1.png"",""nativeSize"":[1774,887],""sourceSha256"":""3211a0fc29dc7623a16322af6ac1bda6e4a80a83cedb5788e770422154e6753c"",""masterPath"":""masters/wk_pilot_P4-v1-148.png"",""masterSize"":[592,296],""target"":""assets/workers/wk_pilot_P4-v1.png"",""targetSize"":[296,148],""sha256"":""14fa4edfc84bf158420768f47618f55233ac67fcc453101e65ba5d24687bc559"",""directionOrder"":[""NE"",""SE"",""SW"",""NW""],""rows"":[0,1],""cell"":[74,74],""anchor"":[37,67],""masterCell"":[148,148],""masterAnchor"":[74,134],""uniformPersonScale"":0.28776978417266186,""method"":""Extract 8 regular-grid alpha bounds. Same uniform scale for all8 frames per person; translate actual bottom sole anchor. Native->148master then exactly50% final. No mirror, no anatomy/prop/clothing edits; original directional inconsistencies retained."",""frames"":[{""direction"":""NE"",""frame"":0,""col"":0,""row"":0,""crop"":[156,14,224,415],""sourceFoot"":[212.7037037037037,429],""masterRect"":[57.682387423394616,14.575539568345334,64.46043165467626,119.42446043165467],""masterFoot"":[74,134]},{""direction"":""SE"",""frame"":0,""col"":1,""row"":0,""crop"":[545,14,235,415],""sourceFoot"":[723.9090909090909,429],""masterRect"":[170.5153695225638,14.575539568345334,67.62589928057554,119.42446043165467],""masterFoot"":[222,134]},{""direction"":""SW"",""frame"":0,""col"":2,""row"":0,""crop"":[986,14,241,415],""sourceFoot"":[1047.4375,429],""masterRect"":[352.3201438848921,14.575539568345334,69.35251798561151,119.42446043165467],""masterFoot"":[370,134]},{""direction"":""NW"",""frame"":0,""col"":3,""row"":0,""crop"":[1404,14,244,417],""sourceFoot"":[1556.5,431],""masterRect"":[474.1151079136691,14,70.21582733812949,120],""masterFoot"":[518,134]},{""direction"":""NE"",""frame"":1,""col"":0,""row"":1,""crop"":[137,455,243,406],""sourceFoot"":[195.3265306122449,861],""masterRect"":[57.21538687417413,165.16546762589928,69.92805755395683,116.83453237410072],""masterFoot"":[74,282]},{""direction"":""SE"",""frame"":1,""col"":1,""row"":1,""crop"":[542,455,234,404],""sourceFoot"":[723.0508474576271,859],""masterRect"":[169.8990367028411,165.74100719424462,67.33812949640287,116.25899280575538],""masterFoot"":[222,282]},{""direction"":""SW"",""frame"":1,""col"":2,""row"":1,""crop"":[996,456,239,408],""sourceFoot"":[1055.9772727272727,864],""masterRect"":[352.7403531720079,164.58992805755395,68.77697841726618,117.41007194244604],""masterFoot"":[370,282]},{""direction"":""NW"",""frame"":1,""col"":3,""row"":1,""crop"":[1408,456,254,410],""sourceFoot"":[1569.7931034482758,866],""masterRect"":[471.44083354006455,164.01438848920864,73.09352517985612,117.98561151079136],""masterFoot"":[518,282]}],""metrics"":[{""direction"":""NE"",""frame"":0,""alphaMin"":0,""alphaMax"":255,""nonzero"":1101},{""direction"":""SE"",""frame"":0,""alphaMin"":0,""alphaMax"":255,""nonzero"":1114},{""direction"":""SW"",""frame"":0,""alphaMin"":0,""alphaMax"":255,""nonzero"":1150},{""direction"":""NW"",""frame"":0,""alphaMin"":0,""alphaMax"":255,""nonzero"":1127},{""direction"":""NE"",""frame"":1,""alphaMin"":0,""alphaMax"":255,""nonzero"":1110},{""direction"":""SE"",""frame"":1,""alphaMin"":0,""alphaMax"":255,""nonzero"":1065},{""direction"":""SW"",""frame"":1,""alphaMin"":0,""alphaMax"":255,""nonzero"":1116},{""direction"":""NW"",""frame"":1,""alphaMin"":0,""alphaMax"":255,""nonzero"":1125}]}","attached ASTRA_ART_DIRECTION_v1 + people deep research + WORK_ORDER","S_England_1300_1450_v1; depiction1375–1425","project candidate","offline proof only; not installed","candidate","Direction X and gait failures preserved. See DIRECTION_CONSISTENCY.md.","Young male labourer aged23, broad freckled face, clean shaven, simple close MADDER BRICK RED wool hood over head with short shoulder cape. Same muted madder brick-red practical knee-length tunic, grey-brown hose, plain shoes, a small repair patch. NO apron, no beard. Worker carries a tied tan sack in RIGHT hand down at right hip, never on shoulder."
"pt_pilot_P5-v1","v1","assets/portraits/pt_pilot_P5-v1.png","f38fd1c9242ed411811e112d400903aac4940a7f93ee3364d6527fad9c95deac","sources/pt_pilot_P5-v1.png","01a08bfd051ef7894ae38f695f81def167175c36c618aaef2803db1d2a51fd48","image_gen","not exposed","2026-09-25T04:32:02.578Z","Create ONE square painted character portrait for a southern English market-town game, circa1375–1425 within1300–1450. Attached house is PROJECT PAINTERLY STYLE / subdued earthy colour reference ONLY; do not depict a building. Hand-painted soft broad brush shapes, no photo-real skin, no line-art comic, no micrograin. Soft upper-left light. Bust, shoulders included, ALL portraits three-quarter facing SCREEN LEFT (nose points left). Flat solid muted grey-brown background RGB approximately (151,143,125), no scene, no frame, no text. Target256x256 RGBA opaque background. Precise composition: eye-line at y112/256, shoulder lateral extremities near y208/256, head top around y28, torso cut by bottom edge. Make face large and distinctly readable at96px. Preserve historical textile colours, no pure primaries, no pure black. 
Young female labourer aged25, round freckled face, warm determined expression, white-offwhite simple LINEN COIF tied over all hair, NOT a flowing veil, neck visible. Muted medium WOAD BLUE ankle-length kirtle and cream linen FRONT APRON with small work stains. Worker holds a small woven basket in LEFT hand beside left hip.
Portrait asset pt_pilot_P5-v1. Match attached portraits consistent composition/painterly finish but visibly distinct age and person. Bust only.","references/house_l2-v2.png;sources/pt_pilot_P2-v1.png","not exposed","1","{""id"":""P5"",""source"":""sources/pt_pilot_P5-v1.png"",""nativeSize"":[1254,1254],""sourceLandmarks"":{""id"":""P5"",""eyes"":[[409,350],[526,341]],""shoulderY"":790,""anchorX"":627},""landmarkMethod"":""Visual manual annotation: pupil centers and upper-arm/shoulder contour break; not anatomical tracking."",""transform"":{""type"":""uniform scale plus translation; no rotation or reflection"",""scale"":0.21597300337457817,""translate"":[-7.415073115860508,37.38132733408324]},""registeredEyeYs"":[112.9718785151856,111.02812148481439],""registeredShoulderY"":208,""background"":""#8e8575 opaque RGBA"",""files"":[""assets/portraits/pt_pilot_P5-v1.png"",""assets/portraits/pt_pilot_P5-v1_128.png"",""assets/portraits/pt_pilot_P5-v1_96.png""],""derivatives"":""Each output sampled directly from native source; no chained resizing."",""limitations"":""""}","attached ASTRA_ART_DIRECTION_v1 + people deep research + WORK_ORDER","S_England_1300_1450_v1; depiction1375–1425","project candidate","offline proof only; not installed","candidate","Visual 96px recognition assessment, not user study.","Young female labourer aged25, round freckled face, warm determined expression, white-offwhite simple LINEN COIF tied over all hair, NOT a flowing veil, neck visible. Muted medium WOAD BLUE ankle-length kirtle and cream linen FRONT APRON with small work stains. Worker holds a small woven basket in LEFT hand beside left hip."
"wk_pilot_P5-v1","v1","assets/workers/wk_pilot_P5-v1.png","5118e09c3b61c66676424f14fba1ce09fb1e1cb1c4dd102a7d9a023e8ba26eff","sources/wk_pilot_P5-v1.png","113d97c5e7df958c1642faad3e00226c197e4856cbc0cff3f3eb5c681050bf47","image_gen","not exposed","2026-09-25T04:34:47.681Z","Create ONE genuine transparent RGBA sprite sheet, exactly8 separate full-body sprites in a REGULAR4 COLUMNS x2 ROWS grid, landscape2:1 aspect. No labels, grid lines, background, floor, cast shadows, extra figures. Southern England1375–1425 hand-painted game art, broad readable colour masses, soft upper-left world light, no black outlines or photographic texture. FIXED orthographic isometric camera looking down30degrees. Column1 NE = BACK three-quarter looking upper-right, face mostly hidden. Column2 SE = FRONT three-quarter looking lower-right, face visible. Column3 SW = FRONT three-quarter looking lower-left, face visible. Column4 NW = BACK three-quarter looking upper-left, face mostly hidden. Top row walk gaitA left leg forward; bottom row same exact four directions walk gaitB opposite leg forward. Every cell contains SAME PERSON SAME CLOTHING SAME HEADWEAR SAME anatomy, no mirrored sprites. Head-to-feet height approx120 of148mastercell, foot contact at(74,134) in each148cell, character fullywithin cell, generous padding. Intended master592x296 then exactly50% downsample to296x148(cell74). Reference1 existing sheet is STRICT layout/direction/scale and painterly sprite style reference; reference2 portrait defines this persons headwear and main garment colour, not portrait realism. Keep no floating props, no duplicate limbs, all eight full-body figures. 
Young female labourer aged25, round freckled face, warm determined expression, white-offwhite simple LINEN COIF tied over all hair, NOT a flowing veil, neck visible. Muted medium WOAD BLUE ankle-length kirtle and cream linen FRONT APRON with small work stains. Worker holds a small woven basket in LEFT hand beside left hip.
Worker asset wk_pilot_P5-v1. Do NOT copy merchants belt pouch unless specified. Two WALK frames must visibly alternate support leg and swing arm, not merely shift same pose. For P3 tonsure visible even fromback, nevermonkhood. For P4 sack ALWAYS in anatomicalRIGHT hand; forP5 basket ALWAYS anatomicalLEFT hand, apron alwaysFRONT only.","references/actor_farmer-v1.png;sources/pt_pilot_P5-v1.png","not exposed","1","{""id"":""wk_pilot_P5-v1"",""source"":""sources/wk_pilot_P5-v1.png"",""nativeSize"":[1774,887],""sourceSha256"":""113d97c5e7df958c1642faad3e00226c197e4856cbc0cff3f3eb5c681050bf47"",""masterPath"":""masters/wk_pilot_P5-v1-148.png"",""masterSize"":[592,296],""target"":""assets/workers/wk_pilot_P5-v1.png"",""targetSize"":[296,148],""sha256"":""5118e09c3b61c66676424f14fba1ce09fb1e1cb1c4dd102a7d9a023e8ba26eff"",""directionOrder"":[""NE"",""SE"",""SW"",""NW""],""rows"":[0,1],""cell"":[74,74],""anchor"":[37,67],""masterCell"":[148,148],""masterAnchor"":[74,134],""uniformPersonScale"":0.32,""method"":""Extract 8 regular-grid alpha bounds. Same uniform scale for all8 frames per person; translate actual bottom sole anchor. Native->148master then exactly50% final. No mirror, no anatomy/prop/clothing edits; original directional inconsistencies retained."",""frames"":[{""direction"":""NE"",""frame"":0,""col"":0,""row"":0,""crop"":[162,49,211,373],""sourceFoot"":[206.5897435897436,422],""masterRect"":[59.73128205128205,14.64,67.52,119.36],""masterFoot"":[74,134]},{""direction"":""SE"",""frame"":0,""col"":1,""row"":0,""crop"":[582,49,192,375],""sourceFoot"":[735.5853658536586,424],""masterRect"":[172.85268292682926,14,61.44,120],""masterFoot"":[222,134]},{""direction"":""SW"",""frame"":0,""col"":2,""row"":0,""crop"":[998,50,206,374],""sourceFoot"":[1043,424],""masterRect"":[355.6,14.319999999999993,65.92,119.68],""masterFoot"":[370,134]},{""direction"":""NW"",""frame"":0,""col"":3,""row"":0,""crop"":[1403,50,209,372],""sourceFoot"":[1569.3829787234042,422],""masterRect"":[464.7574468085106,14.959999999999994,66.88,119.04],""masterFoot"":[518,134]},{""direction"":""NE"",""frame"":1,""col"":0,""row"":1,""crop"":[164,469,211,363],""sourceFoot"":[217.31428571428572,832],""masterRect"":[56.93942857142857,165.84,67.52,116.16],""masterFoot"":[74,282]},{""direction"":""SE"",""frame"":1,""col"":1,""row"":1,""crop"":[580,463,198,372],""sourceFoot"":[737.6304347826087,835],""masterRect"":[171.5582608695652,162.95999999999998,63.36,119.04],""masterFoot"":[222,282]},{""direction"":""SW"",""frame"":1,""col"":2,""row"":1,""crop"":[996,465,222,371],""sourceFoot"":[1040.8775510204082,836],""masterRect"":[355.6391836734694,163.28,71.04,118.72],""masterFoot"":[370,282]},{""direction"":""NW"",""frame"":1,""col"":3,""row"":1,""crop"":[1403,469,217,365],""sourceFoot"":[1561,834],""masterRect"":[467.44,165.2,69.44,116.8],""masterFoot"":[518,282]}],""metrics"":[{""direction"":""NE"",""frame"":0,""alphaMin"":0,""alphaMax"":255,""nonzero"":1221},{""direction"":""SE"",""frame"":0,""alphaMin"":0,""alphaMax"":255,""nonzero"":1189},{""direction"":""SW"",""frame"":0,""alphaMin"":0,""alphaMax"":255,""nonzero"":1132},{""direction"":""NW"",""frame"":0,""alphaMin"":0,""alphaMax"":255,""nonzero"":1219},{""direction"":""NE"",""frame"":1,""alphaMin"":0,""alphaMax"":255,""nonzero"":1114},{""direction"":""SE"",""frame"":1,""alphaMin"":0,""alphaMax"":255,""nonzero"":1162},{""direction"":""SW"",""frame"":1,""alphaMin"":0,""alphaMax"":255,""nonzero"":1182},{""direction"":""NW"",""frame"":1,""alphaMin"":0,""alphaMax"":255,""nonzero"":1204}]}","attached ASTRA_ART_DIRECTION_v1 + people deep research + WORK_ORDER","S_England_1300_1450_v1; depiction1375–1425","project candidate","offline proof only; not installed","candidate","Direction X and gait failures preserved. See DIRECTION_CONSISTENCY.md.","Young female labourer aged25, round freckled face, warm determined expression, white-offwhite simple LINEN COIF tied over all hair, NOT a flowing veil, neck visible. Muted medium WOAD BLUE ankle-length kirtle and cream linen FRONT APRON with small work stains. Worker holds a small woven basket in LEFT hand beside left hip."
"pt_pilot_P6-v1","v1","assets/portraits/pt_pilot_P6-v1.png","de4de4daeb5e69207222a693498fabc2c4054b2e96e4a491415f3a0e85db00ad","sources/pt_pilot_P6-v1-alpha.png","e3fe07dc49a8c689a60aa372e1b7f71f19f3b15e5078a22ccc22bd20f899ff3a","image_gen","not exposed","2026-09-25T04:35:31.580Z","{""initialPromptExact"":""Create ONE square painted character portrait for a southern English market-town game, circa1375–1425 within1300–1450. Attached house is PROJECT PAINTERLY STYLE / subdued earthy colour reference ONLY; do not depict a building. Hand-painted soft broad brush shapes, no photo-real skin, no line-art comic, no micrograin. Soft upper-left light. Bust, shoulders included, ALL portraits three-quarter facing SCREEN LEFT (nose points left). Flat solid muted grey-brown background RGB approximately (151,143,125), no scene, no frame, no text. Target256x256 RGBA opaque background. Precise composition: eye-line at y112/256, shoulder lateral extremities near y208/256, head top around y28, torso cut by bottom edge. Make face large and distinctly readable at96px. Preserve historical textile colours, no pure primaries, no pure black. \nOld artisan widow woman aged72, narrow lined face, visible wrinkles and tiny grey-white hair at temples. Conservative cream WIMPLE covers neck and chin sides plus off-white VEIL over head and shoulders. Plain calm GREY BLUE ankle-length gown, no apron. Neither pure black nor mourning black. Mildly stooped, no walking stick, hands empty.\nPortrait asset pt_pilot_P6-v1. Match attached portraits consistent composition/painterly finish but visibly distinct age and person. Bust only."",""selectedEditPromptExact"":""Edit ONLY the BACKGROUND of this exact portrait: remove every background pixel and make it genuinely TRANSPARENT alpha0. Preserve the old widow figure exactly: face/age/wrinkles, head pose looking screenleft, cream neck-wimple+veil, grey-blue gown, silhouette, paint, placement and canvasdimensions. Do not regenerate her identity or clothing. No solid coloured background, no halo, no cast shadow, no words. Output RGBA with transparency. This transparent figure will be composited on a precise flat background for a game portrait.""}","references/house_l2-v2.png;sources/pt_pilot_P2-v1.png;sources/pt_pilot_P6-v1.png","not exposed","2","{""id"":""P6"",""source"":""sources/pt_pilot_P6-v1-alpha.png"",""nativeSize"":[1254,1254],""sourceLandmarks"":{""id"":""P6"",""eyes"":[[398,374],[522,368]],""shoulderY"":855,""anchorX"":627},""landmarkMethod"":""Visual manual annotation: pupil centers and upper-arm/shoulder contour break; not anatomical tracking."",""transform"":{""type"":""uniform scale plus translation; no rotation or reflection"",""scale"":0.19834710743801653,""translate"":[3.636363636363626,38.41322314049586]},""registeredEyeYs"":[112.59504132231405,111.40495867768594],""registeredShoulderY"":208,""background"":""#8e8575 opaque RGBA"",""files"":[""assets/portraits/pt_pilot_P6-v1.png"",""assets/portraits/pt_pilot_P6-v1_128.png"",""assets/portraits/pt_pilot_P6-v1_96.png""],""derivatives"":""Each output sampled directly from native source; no chained resizing."",""limitations"":""Selected imagegen alpha edit; prior opaque-background source retained separately.""}","attached ASTRA_ART_DIRECTION_v1 + people deep research + WORK_ORDER","S_England_1300_1450_v1; depiction1375–1425","project candidate","offline proof only; not installed","candidate","Visual 96px recognition assessment, not user study.","Old artisan widow woman aged72, narrow lined face, visible wrinkles and tiny grey-white hair at temples. Conservative cream WIMPLE covers neck and chin sides plus off-white VEIL over head and shoulders. Plain calm GREY BLUE ankle-length gown, no apron. Neither pure black nor mourning black. Mildly stooped, no walking stick, hands empty."
"wk_pilot_P6-v1","v1","assets/workers/wk_pilot_P6-v1.png","435212021d13e82e53fee6bb5c61e7703d94dacd4e508709a302a5872d606aaa","sources/wk_pilot_P6-v1.png","2983ea70c89d75e8742eb7687e715b8db0a270f51f4020eb7916564f689e5e7c","image_gen","not exposed","2026-09-25T04:35:31.547Z","Create ONE genuine transparent RGBA sprite sheet, exactly8 separate full-body sprites in a REGULAR4 COLUMNS x2 ROWS grid, landscape2:1 aspect. No labels, grid lines, background, floor, cast shadows, extra figures. Southern England1375–1425 hand-painted game art, broad readable colour masses, soft upper-left world light, no black outlines or photographic texture. FIXED orthographic isometric camera looking down30degrees. Column1 NE = BACK three-quarter looking upper-right, face mostly hidden. Column2 SE = FRONT three-quarter looking lower-right, face visible. Column3 SW = FRONT three-quarter looking lower-left, face visible. Column4 NW = BACK three-quarter looking upper-left, face mostly hidden. Top row walk gaitA left leg forward; bottom row same exact four directions walk gaitB opposite leg forward. Every cell contains SAME PERSON SAME CLOTHING SAME HEADWEAR SAME anatomy, no mirrored sprites. Head-to-feet height approx120 of148mastercell, foot contact at(74,134) in each148cell, character fullywithin cell, generous padding. Intended master592x296 then exactly50% downsample to296x148(cell74). Reference1 existing sheet is STRICT layout/direction/scale and painterly sprite style reference; reference2 portrait defines this persons headwear and main garment colour, not portrait realism. Keep no floating props, no duplicate limbs, all eight full-body figures. 
Old artisan widow woman aged72, narrow lined face, visible wrinkles and tiny grey-white hair at temples. Conservative cream WIMPLE covers neck and chin sides plus off-white VEIL over head and shoulders. Plain calm GREY BLUE ankle-length gown, no apron. Neither pure black nor mourning black. Mildly stooped, no walking stick, hands empty.
Worker asset wk_pilot_P6-v1. Do NOT copy merchants belt pouch unless specified. Two WALK frames must visibly alternate support leg and swing arm, not merely shift same pose. For P3 tonsure visible even fromback, nevermonkhood. For P4 sack ALWAYS in anatomicalRIGHT hand; forP5 basket ALWAYS anatomicalLEFT hand, apron alwaysFRONT only.","references/actor_farmer-v1.png;sources/pt_pilot_P6-v1.png","not exposed","1","{""id"":""wk_pilot_P6-v1"",""source"":""sources/wk_pilot_P6-v1.png"",""nativeSize"":[1774,887],""sourceSha256"":""2983ea70c89d75e8742eb7687e715b8db0a270f51f4020eb7916564f689e5e7c"",""masterPath"":""masters/wk_pilot_P6-v1-148.png"",""masterSize"":[592,296],""target"":""assets/workers/wk_pilot_P6-v1.png"",""targetSize"":[296,148],""sha256"":""435212021d13e82e53fee6bb5c61e7703d94dacd4e508709a302a5872d606aaa"",""directionOrder"":[""NE"",""SE"",""SW"",""NW""],""rows"":[0,1],""cell"":[74,74],""anchor"":[37,67],""masterCell"":[148,148],""masterAnchor"":[74,134],""uniformPersonScale"":0.3069053708439898,""method"":""Extract 8 regular-grid alpha bounds. Same uniform scale for all8 frames per person; translate actual bottom sole anchor. Native->148master then exactly50% final. No mirror, no anatomy/prop/clothing edits; original directional inconsistencies retained."",""frames"":[{""direction"":""NE"",""frame"":0,""col"":0,""row"":0,""crop"":[168,21,205,385],""sourceFoot"":[208,406],""masterRect"":[61.72378516624041,15.84143222506394,62.915601023017906,118.15856777493606],""masterFoot"":[74,134]},{""direction"":""SE"",""frame"":0,""col"":1,""row"":0,""crop"":[577,25,196,389],""sourceFoot"":[729,414],""masterRect"":[175.35038363171356,14.61381074168797,60.153452685421996,119.38618925831203],""masterFoot"":[222,134]},{""direction"":""SW"",""frame"":0,""col"":2,""row"":0,""crop"":[1002,23,202,391],""sourceFoot"":[1043.7254901960785,414],""masterRect"":[357.1942229577253,14,61.994884910485936,120],""masterFoot"":[370,134]},{""direction"":""NW"",""frame"":0,""col"":3,""row"":0,""crop"":[1403,20,205,386],""sourceFoot"":[1567.3947368421052,406],""masterRect"":[467.5463723246736,15.534526854219948,62.915601023017906,118.46547314578005],""masterFoot"":[518,134]},{""direction"":""NE"",""frame"":1,""col"":0,""row"":1,""crop"":[154,460,218,381],""sourceFoot"":[199.86046511627907,841],""masterRect"":[59.92517694641052,165.0690537084399,66.90537084398977,116.9309462915601],""masterFoot"":[74,282]},{""direction"":""SE"",""frame"":1,""col"":1,""row"":1,""crop"":[567,459,202,382],""sourceFoot"":[723.0833333333334,841],""masterRect"":[174.09718670076725,164.7621483375959,61.994884910485936,117.2378516624041],""masterFoot"":[222,282]},{""direction"":""SW"",""frame"":1,""col"":2,""row"":1,""crop"":[1006,461,206,381],""sourceFoot"":[1050.8214285714287,842],""masterRect"":[356.2440628425283,165.0690537084399,63.22250639386189,116.9309462915601],""masterFoot"":[370,282]},{""direction"":""NW"",""frame"":1,""col"":3,""row"":1,""crop"":[1403,460,218,382],""sourceFoot"":[1574.7931034482758,842],""masterRect"":[465.275773877767,164.7621483375959,66.90537084398977,117.2378516624041],""masterFoot"":[518,282]}],""metrics"":[{""direction"":""NE"",""frame"":0,""alphaMin"":0,""alphaMax"":255,""nonzero"":1148},{""direction"":""SE"",""frame"":0,""alphaMin"":0,""alphaMax"":255,""nonzero"":1114},{""direction"":""SW"",""frame"":0,""alphaMin"":0,""alphaMax"":255,""nonzero"":1144},{""direction"":""NW"",""frame"":0,""alphaMin"":0,""alphaMax"":255,""nonzero"":1164},{""direction"":""NE"",""frame"":1,""alphaMin"":0,""alphaMax"":255,""nonzero"":1185},{""direction"":""SE"",""frame"":1,""alphaMin"":0,""alphaMax"":255,""nonzero"":1105},{""direction"":""SW"",""frame"":1,""alphaMin"":0,""alphaMax"":255,""nonzero"":1115},{""direction"":""NW"",""frame"":1,""alphaMin"":0,""alphaMax"":255,""nonzero"":1183}]}","attached ASTRA_ART_DIRECTION_v1 + people deep research + WORK_ORDER","S_England_1300_1450_v1; depiction1375–1425","project candidate","offline proof only; not installed","candidate","Direction X and gait failures preserved. See DIRECTION_CONSISTENCY.md.","Old artisan widow woman aged72, narrow lined face, visible wrinkles and tiny grey-white hair at temples. Conservative cream WIMPLE covers neck and chin sides plus off-white VEIL over head and shoulders. Plain calm GREY BLUE ankle-length gown, no apron. Neither pure black nor mourning black. Mildly stooped, no walking stick, hands empty."
