"id","file","status","width","height","frame_layout","pivot_contract","reference_files","generation_tool","model","full_prompt","postprocessing","sha256","raw_generation_sha256","technical_validation","candidate_count","selection_reason"
"decal/puddle_a-v1","assets/decal/puddle_a-v1.png","candidate","96","48","single","canvas coordinates; see README","ridge_fallow_a-v1.png","built-in image_gen","tool-managed; model not exposed","Use case: stylized-concept. Primary request: Flat shallow irregular isometric field puddle, long low oval, gray-blue reflected overcast sky with muddy brown rim and sparse broken stalks. Variant A one contiguous pool. 96x48 with transparent outside. Asset is a candidate PNG for a restrained medieval isometric city-builder. Match the attached project sprite references: muted earth palette, tiny detailed painterly pixels, northwest light, readable at small game scale. No text, lettering, border, UI, gore, bodies, skeletons or horror. True transparent RGBA background except full-tile field strips. Output one requested asset, no extra objects.","Generated transparent sprite alpha-bbox fit without distortion into prescribed canvas, 2px minimum margin; invisible RGB cleared.","4ea532870f0beda7c12523d2d99c8b2e909eac2307dc899d03d26c05db8525d5","f26ac96d5c6a8b2c545cd47a09459ef286c6aed59c7549d3cb1158b8ada4536a","PASS","1","One generated candidate; source-registered finishing; restrained style and required role."
"decal/puddle_b-v1","assets/decal/puddle_b-v1.png","candidate","96","48","single","canvas coordinates; see README","ridge_fallow_a-v1.png","built-in image_gen","tool-managed; model not exposed","Use case: stylized-concept. Primary request: Flat shallow irregular isometric field puddle, asymmetric lobed pool with a small offset satellite puddle, gray muted water, brown mud rim, no glossy bright blue. 96x48 transparent outside. Asset is a candidate PNG for a restrained medieval isometric city-builder. Match the attached project sprite references: muted earth palette, tiny detailed painterly pixels, northwest light, readable at small game scale. No text, lettering, border, UI, gore, bodies, skeletons or horror. True transparent RGBA background except full-tile field strips. Output one requested asset, no extra objects.","Generated transparent sprite alpha-bbox fit without distortion into prescribed canvas, 2px minimum margin; invisible RGB cleared.","ef65e2870a20cb0e41b10fdfe0ec2467cdc211615f3ce539acc19d1367294312","60e5687137d21a5a0a6ed0fc1974f8575c32db85d43783f1460a0271347a88d7","PASS","1","One generated candidate; source-registered finishing; restrained style and required role."
"decal/soot_ground-v1","assets/decal/soot_ground-v1.png","candidate","128","64","single","canvas coordinates; see README","house_l0-v3.png","built-in image_gen","tool-managed; model not exposed","Use case: stylized-concept. Primary request: An irregular flat isometric patch of black-brown soot and fine ash on ground, feathered translucent perimeter, quiet scattered tiny burnt straw, no raised platform. 128x64. Asset is a candidate PNG for a restrained medieval isometric city-builder. Match the attached project sprite references: muted earth palette, tiny detailed painterly pixels, northwest light, readable at small game scale. No text, lettering, border, UI, gore, bodies, skeletons or horror. True transparent RGBA background except full-tile field strips. Output one requested asset, no extra objects.","Generated transparent sprite alpha-bbox fit without distortion into prescribed canvas, 2px minimum margin; invisible RGB cleared.","1d19df5b19908ca0274a4858af232d9685b5277a23828074d0d754283b2e4f90","cbf69e313b1de75cbfe3c06118d6eabbae6786442caf9a34620fecfeb607db1b","PASS","1","One generated candidate; source-registered finishing; restrained style and required role."
"decal/weeds_overgrown_a-v1","assets/decal/weeds_overgrown_a-v1.png","candidate","128","64","single","canvas coordinates; see README","ridge_fallow_a-v1.png","built-in image_gen","tool-managed; model not exposed","Use case: stylized-concept. Primary request: An irregular flat ground decal of neglected dull olive weeds and sparse dry stems, variant A low spreading clumps, isometric 128x64, transparent patchy gaps and edge. No flowers, raised platform, tree, pot or fence. Asset is a candidate PNG for a restrained medieval isometric city-builder. Match the attached project sprite references: muted earth palette, tiny detailed painterly pixels, northwest light, readable at small game scale. No text, lettering, border, UI, gore, bodies, skeletons or horror. True transparent RGBA background except full-tile field strips. Output one requested asset, no extra objects.","Generated transparent sprite alpha-bbox fit without distortion into prescribed canvas, 2px minimum margin; invisible RGB cleared.","f7a0fa6fce0b341d75406e85243ac5bcb4720f370be8f2ee73b3782e808ea401","94d5108cd0b1804276a1daba9fda31188b6357e328c14c070d379ddb0b7fe5c4","PASS","1","One generated candidate; source-registered finishing; restrained style and required role."
"decal/weeds_overgrown_b-v1","assets/decal/weeds_overgrown_b-v1.png","candidate","128","64","single","canvas coordinates; see README","ridge_fallow_a-v1.png","built-in image_gen","tool-managed; model not exposed","Use case: stylized-concept. Primary request: An irregular flat ground decal of abandoned plot weeds, variant B taller dry brown nettle stalk clusters mixed with dark dull green scrub, isometric 128x64, transparent gaps and edge. No flowers, tree, platform, pot or fence. Asset is a candidate PNG for a restrained medieval isometric city-builder. Match the attached project sprite references: muted earth palette, tiny detailed painterly pixels, northwest light, readable at small game scale. No text, lettering, border, UI, gore, bodies, skeletons or horror. True transparent RGBA background except full-tile field strips. Output one requested asset, no extra objects.","Generated transparent sprite alpha-bbox fit without distortion into prescribed canvas, 2px minimum margin; invisible RGB cleared.","6ef973be4ba529787d84a415ef4f99da6722f8d6238407aa1f5171a7455a37fb","f2b395b81f14f571a12723bc2ed41a1b854ba0b6962f65281c64c77e338ac709","PASS","1","One generated candidate; source-registered finishing; restrained style and required role."
"event/abandoned_l0-v1","assets/event/abandoned_l0-v1.png","candidate","153","153","single","Identity canvas placement (0,0); inherit EXACT source pivot, no numeric pivot supplied.","house_l0-v3.png","built-in image_gen","tool-managed; model not exposed","Use case: precise-object-edit. Edit the attached house L0 in place into THIS house now abandoned. EXACT same building outline, ground footprint, camera, walls, storeys, corners, windows, door and original framing. Small roof holes inside roof envelope reveal rafters, warped faded shutters, grass and weeds hugging wall base. Preserve original recognisable silhouette, especially roof ridge and eaves. NOT a new building or replacement architecture. Restrained muted hand painted isometric medieval city-builder art, original NW lighting. No people, smoke, fire, horror, skulls, writing, new platform or extra surroundings. True transparent RGBA background. One full house sprite, same canvas framing as input.","Generated detail registered to original alpha bbox; exact source alpha retained, missing generated areas filled from dimmed source; no pivot shift.","ea6c5f9b52dfa4b9247fcf5fd0b9e4a85e89ae3f66512b3cbd0b2575cc1a7f58","5322952a5abf814138a59c260cacee6cc8b1e6ec7bed63ee2267bfb08e03e948","PASS","1","One generated candidate; source-registered finishing; restrained style and required role."
"event/abandoned_l1-v1","assets/event/abandoned_l1-v1.png","candidate","139","139","single","Identity canvas placement (0,0); inherit EXACT source pivot, no numeric pivot supplied.","house_l1-v2.png","built-in image_gen","tool-managed; model not exposed","Use case: precise-object-edit. Edit the attached house L1 in place into THIS house now abandoned. EXACT same building outline, ground footprint, camera, walls, storeys, corners, windows, door and original framing. Small roof holes inside roof envelope reveal rafters, warped faded shutters, grass and weeds hugging wall base. Preserve original recognisable silhouette, especially roof ridge and eaves. NOT a new building or replacement architecture. Restrained muted hand painted isometric medieval city-builder art, original NW lighting. No people, smoke, fire, horror, skulls, writing, new platform or extra surroundings. True transparent RGBA background. One full house sprite, same canvas framing as input.","Generated detail registered to original alpha bbox; exact source alpha retained, missing generated areas filled from dimmed source; no pivot shift.","5a6747aaa8d859a6c4711c3021d9a46b7331e8cb2e05cda5998f6b07c680cc1c","42b70841ed7ecb50355d0277b7594c78e0f15a33acafda1ad934467894e99767","PASS","1","One generated candidate; source-registered finishing; restrained style and required role."
"event/abandoned_l2-v1","assets/event/abandoned_l2-v1.png","candidate","137","137","single","Identity canvas placement (0,0); inherit EXACT source pivot, no numeric pivot supplied.","house_l2-v2.png","built-in image_gen","tool-managed; model not exposed","Use case: precise-object-edit. Edit the attached house L2 in place into THIS house now abandoned. EXACT same building outline, ground footprint, camera, walls, storeys, corners, windows, door and original framing. Small roof holes inside roof envelope reveal rafters, warped faded shutters, grass and weeds hugging wall base. Preserve original recognisable silhouette, especially roof ridge and eaves. NOT a new building or replacement architecture. Restrained muted hand painted isometric medieval city-builder art, original NW lighting. No people, smoke, fire, horror, skulls, writing, new platform or extra surroundings. True transparent RGBA background. One full house sprite, same canvas framing as input.","Generated detail registered to original alpha bbox; exact source alpha retained, missing generated areas filled from dimmed source; no pivot shift.","b33e2e463336bcc52fda00baf2ecd08a583d56676889b57b034a4d2862b0ca7e","984066acf291b6a88a969af2f0c7e6c1c29cfef7bd6798c1a6233fb12708d190","PASS","1","One generated candidate; source-registered finishing; restrained style and required role."
"event/burnt_l0-v1","assets/event/burnt_l0-v1.png","candidate","153","153","single","Identity canvas placement (0,0); inherit EXACT source pivot, no numeric pivot supplied.","house_l0-v3.png","built-in image_gen","tool-managed; model not exposed","Use case: precise-object-edit. Asset: event/burnt_l0-v1, candidate game sprite. EDIT the attached 153x153 RGBA house sprite in place: same exact canvas, camera, scale, base footprint, pivot, wall and door locations, outer recognizable silhouette. Make this exact house a quietly burnt ruin: charcoal-black exposed roof rafters, partially collapsed straw roof within the existing roof envelope, blackened original walls. Preserve enough roof ridge, corners, doorway and timbers to recognize THIS house. No flames, no smoke, no new ground platform, no gore, no horror, no text. Keep original restrained small hand-painted isometric historical city-builder style and NW light. Truly transparent background. Output one PNG sprite only with exactly the original 153x153 canvas and alignment, no padding change, no enlargement, no contact sheet.","Generated detail registered to original alpha bbox; exact source alpha retained, missing generated areas filled from dimmed source; no pivot shift.","4564e0262ee00d6c4e479809cd4bf6660b755a8629ef8c19adb70db33c2dd1bb","60754f7916ebd3b8bdfca9005a8289e70665b00ebcaea08f673650bd874b4035","PASS","1","One generated candidate; source-registered finishing; restrained style and required role."
"event/burnt_l1-v1","assets/event/burnt_l1-v1.png","candidate","139","139","single","Identity canvas placement (0,0); inherit EXACT source pivot, no numeric pivot supplied.","house_l1-v2.png","built-in image_gen","tool-managed; model not exposed","Use case: precise-object-edit. Edit target: attached house L1. Make THIS EXACT house a burnt ruin game sprite. Preserve its exact original silhouette, camera, canvas proportions, relative position, wall corners, window and door geometry, base footprint and floor count. Charcoal-black structural timber and exposed roof rafters; partially collapsed roof holes INSIDE the existing roof envelope; visible original recognisable ridge and corner beams. Do not make a new house. Restrained hand painted medieval city-builder sprite, original NW light and muted warm brown palette, no flames, smoke, gore, horror or lettering. Truly transparent RGBA background. One full house sprite only, with source canvas framing. No ground base.","Generated detail registered to original alpha bbox; exact source alpha retained, missing generated areas filled from dimmed source; no pivot shift.","147e0add6a2a14f09f0461686878ef592db6c298f89b5afc2d963f42c4e22ea5","b40e9105f0631ef2ae81c11cad20861810e32746ad6e3e54748bc8667554d8e6","PASS","1","One generated candidate; source-registered finishing; restrained style and required role."
"event/burnt_l2-v1","assets/event/burnt_l2-v1.png","candidate","137","137","single","Identity canvas placement (0,0); inherit EXACT source pivot, no numeric pivot supplied.","house_l2-v2.png","built-in image_gen","tool-managed; model not exposed","Use case: precise-object-edit. Edit target: attached house L2. Make THIS EXACT house a burnt ruin game sprite. Preserve its exact original silhouette, camera, canvas proportions, relative position, wall corners, window and door geometry, base footprint and floor count. Charcoal-black structural timber and exposed roof rafters; partially collapsed roof holes INSIDE the existing roof envelope; visible original recognisable ridge and corner beams. Do not make a new house. Restrained hand painted medieval city-builder sprite, original NW light and muted warm brown palette, no flames, smoke, gore, horror or lettering. Truly transparent RGBA background. One full house sprite only, with source canvas framing. No ground base.","Generated detail registered to original alpha bbox; exact source alpha retained, missing generated areas filled from dimmed source; no pivot shift.","d588b925e5077d6f7878fe3ebb3139b8316e9e9294a655b3a5a9751d12473ccb","4165889f59b30f4c0867fc448547baf6e2ebe8f02d93e07ac78b3162dc84142d","PASS","1","One generated candidate; source-registered finishing; restrained style and required role."
"event/burnt_l3-v1","assets/event/burnt_l3-v1.png","candidate","142","142","single","Identity canvas placement (0,0); inherit EXACT source pivot, no numeric pivot supplied.","house_l3-v2.png","built-in image_gen","tool-managed; model not exposed","Use case: precise-object-edit. Edit target: attached house L3. Make THIS EXACT house a burnt ruin game sprite. Preserve its exact original silhouette, camera, canvas proportions, relative position, wall corners, window and door geometry, base footprint and floor count. Charcoal-black structural timber and exposed roof rafters; partially collapsed roof holes INSIDE the existing roof envelope; visible original recognisable ridge and corner beams. Do not make a new house. Restrained hand painted medieval city-builder sprite, original NW light and muted warm brown palette, no flames, smoke, gore, horror or lettering. Truly transparent RGBA background. One full house sprite only, with source canvas framing. No ground base.","Generated detail registered to original alpha bbox; exact source alpha retained, missing generated areas filled from dimmed source; no pivot shift.","165ed9ceb6a96cc0e171495e9d8a9aec8b520dc72a8eb6abf64e3ac92cc0aefa","2714400ded96ca636b63670fe692a04553ef25ea4c9f8478b0b408a83e291d78","PASS","1","One generated candidate; source-registered finishing; restrained style and required role."
"event/burnt_l4-v1","assets/event/burnt_l4-v1.png","candidate","161","161","single","Identity canvas placement (0,0); inherit EXACT source pivot, no numeric pivot supplied.","house_l4-v2.png","built-in image_gen","tool-managed; model not exposed","Use case: precise-object-edit. Edit target: attached house L4. Make THIS EXACT house a burnt ruin game sprite. Preserve its exact original silhouette, camera, canvas proportions, relative position, wall corners, window and door geometry, base footprint and floor count. Charcoal-black structural timber and exposed roof rafters; partially collapsed roof holes INSIDE the existing roof envelope; visible original recognisable ridge and corner beams. Do not make a new house. Restrained hand painted medieval city-builder sprite, original NW light and muted warm brown palette, no flames, smoke, gore, horror or lettering. Truly transparent RGBA background. One full house sprite only, with source canvas framing. No ground base.","Generated detail registered to original alpha bbox; exact source alpha retained, missing generated areas filled from dimmed source; no pivot shift.","8d0963d461dba08d9f99bdff88746dd25e7b7a77d850f4b6c9e65ec001dd3ea0","2bfa9b4131390432714717f045a40a6a4b94f05901af83a774f756c23d78f3b5","PASS","1","One generated candidate; source-registered finishing; restrained style and required role."
"event/crowd_manor_gate-v1","assets/event/crowd_manor_gate-v1.png","candidate","192","128","single","canvas coordinates; see README","actor_civilian_man-v1.png;actor_civilian_woman-v1.png","built-in image_gen","tool-managed; model not exposed","Use case: stylized-concept. Primary request: A small gathering of 12 ordinary medieval peasants and townspeople facing toward an unseen manor gate at upper right. Muted clothed silhouettes, petitioning quietly, caps held or hands clasped, loose orderly semicircle, no riot, weapons, flags, signs or exaggerated anger. 192x128 isometric distant crowd decal on transparency. No gate or building or ground platform. Asset is a candidate PNG for a restrained medieval isometric city-builder. Match the attached project sprite references: muted earth palette, tiny detailed painterly pixels, northwest light, readable at small game scale. No text, lettering, border, UI, gore, bodies, skeletons or horror. True transparent RGBA background except full-tile field strips. Output one requested asset, no extra objects.","Generated transparent sprite alpha-bbox fit without distortion into prescribed canvas, 2px minimum margin; invisible RGB cleared.","4702bfbc032f2c8d0b7ad94503fe4381704890122a64a699011997cf104939d1","8fe3bc02579782be7367db40c56f8d40f818b6fe090b10d9e27a1b43e6cf7480","PASS","1","One generated candidate; source-registered finishing; restrained style and required role."
"event/fire_roof_l0-v1","assets/event/fire_roof_l0-v1.png","candidate","153","153","single","Identity canvas placement (0,0); inherit EXACT source pivot, no numeric pivot supplied.","house_l0-v3.png;fire_large.png","built-in image_gen","tool-managed; model not exposed","Use case: compositing. Create ONLY a transparent roof-fire overlay for attached house L0. Input1 is alignment reference: absolutely fixed camera, roof coordinates, exact source canvas framing. Input2 is the required existing hand-painted fire style. In final overlay DELETE THE HOUSE and preserve just restrained flame clusters sitting on that exact roof, with small warm embers and no smoke. Leave all unpainted pixels genuinely transparent, no checkerboard, black or white background. No text or border. Flames should remain compact, not an explosion; preserve broad roof silhouette readability when overlay is placed at (0,0) over source. Do not include any house, roof, wall or ground pixels in output.","Generated flame-only layer registered to source roof bounds on unchanged source canvas, identity (0,0) placement.","35d06df281e1c66e87efe1dcf70443150ef50d4ee132278bb6a0282ff999c6b8","2bb86973bd62afa7878d193dfd03771090e4c95499fe04ec2761f76b584b1102","PASS","1","One generated candidate; source-registered finishing; restrained style and required role."
"event/fire_roof_l1-v1","assets/event/fire_roof_l1-v1.png","candidate","139","139","single","Identity canvas placement (0,0); inherit EXACT source pivot, no numeric pivot supplied.","house_l1-v2.png;fire_large.png","built-in image_gen","tool-managed; model not exposed","Use case: compositing. Create ONLY a transparent roof-fire overlay for attached house L1. Input1 is alignment reference: absolutely fixed camera, roof coordinates, exact source canvas framing. Input2 is the required existing hand-painted fire style. In final overlay DELETE THE HOUSE and preserve just restrained flame clusters sitting on that exact roof, with small warm embers and no smoke. Leave all unpainted pixels genuinely transparent, no checkerboard, black or white background. No text or border. Flames should remain compact, not an explosion; preserve broad roof silhouette readability when overlay is placed at (0,0) over source. Do not include any house, roof, wall or ground pixels in output.","Generated flame-only layer registered to source roof bounds on unchanged source canvas, identity (0,0) placement.","cd67afda19281fbd6df1bba535cbf779c64176541767e3e2c42145c00626873b","231cfe3234dda3df153d78ca667002a7f9f7b521dab2225114cb33333539dea0","PASS","1","One generated candidate; source-registered finishing; restrained style and required role."
"event/fire_roof_l2-v1","assets/event/fire_roof_l2-v1.png","candidate","137","137","single","Identity canvas placement (0,0); inherit EXACT source pivot, no numeric pivot supplied.","house_l2-v2.png;fire_large.png","built-in image_gen","tool-managed; model not exposed","Use case: compositing. Create ONLY a transparent roof-fire overlay for attached house L2. Input1 is alignment reference: absolutely fixed camera, roof coordinates, exact source canvas framing. Input2 is the required existing hand-painted fire style. In final overlay DELETE THE HOUSE and preserve just restrained flame clusters sitting on that exact roof, with small warm embers and no smoke. Leave all unpainted pixels genuinely transparent, no checkerboard, black or white background. No text or border. Flames should remain compact, not an explosion; preserve broad roof silhouette readability when overlay is placed at (0,0) over source. Do not include any house, roof, wall or ground pixels in output.","Generated flame-only layer registered to source roof bounds on unchanged source canvas, identity (0,0) placement.","1e70a78c1509d1fd579185a1376c054f0d1d2f7b74099575ed7bd1d669fef065","16ebcb0cbcc939d6ca2b7cb5cc70937ee5c6de8bbd5346894ac4393aebe9dcfe","PASS","1","One generated candidate; source-registered finishing; restrained style and required role."
"event/fire_roof_l3-v1","assets/event/fire_roof_l3-v1.png","candidate","142","142","single","Identity canvas placement (0,0); inherit EXACT source pivot, no numeric pivot supplied.","house_l3-v2.png;fire_large.png","built-in image_gen","tool-managed; model not exposed","Use case: compositing. Create ONLY a transparent roof-fire overlay for attached house L3. Input1 is alignment reference: absolutely fixed camera, roof coordinates, exact source canvas framing. Input2 is the required existing hand-painted fire style. In final overlay DELETE THE HOUSE and preserve just restrained flame clusters sitting on that exact roof, with small warm embers and no smoke. Leave all unpainted pixels genuinely transparent, no checkerboard, black or white background. No text or border. Flames should remain compact, not an explosion; preserve broad roof silhouette readability when overlay is placed at (0,0) over source. Do not include any house, roof, wall or ground pixels in output.","Generated flame-only layer registered to source roof bounds on unchanged source canvas, identity (0,0) placement.","fa81c864059b00e2c848e3537ad461b7cf7f80ca6ec8535340159c88d8d79d1d","4cf395052e2cfb017e7782444e9d87288a11cd974bf0e84aedf3324edeb1dbaa","PASS","1","One generated candidate; source-registered finishing; restrained style and required role."
"event/fire_roof_l4-v1","assets/event/fire_roof_l4-v1.png","candidate","161","161","single","Identity canvas placement (0,0); inherit EXACT source pivot, no numeric pivot supplied.","house_l4-v2.png;fire_large.png","built-in image_gen","tool-managed; model not exposed","Use case: compositing. Create ONLY a transparent roof-fire overlay for attached house L4. Input1 is alignment reference: absolutely fixed camera, roof coordinates, exact source canvas framing. Input2 is the required existing hand-painted fire style. In final overlay DELETE THE HOUSE and preserve just restrained flame clusters sitting on that exact roof, with small warm embers and no smoke. Leave all unpainted pixels genuinely transparent, no checkerboard, black or white background. No text or border. Flames should remain compact, not an explosion; preserve broad roof silhouette readability when overlay is placed at (0,0) over source. Do not include any house, roof, wall or ground pixels in output.","Generated flame-only layer registered to source roof bounds on unchanged source canvas, identity (0,0) placement.","c781a944952b7d07e1ca7c844da8cc831eb3faa99f824c7bc51ef5fc43c7ab17","d364fbd0a61293f255d49140eab66f048ac277e7ebef69ef4f4c1ac61e9c61b7","PASS","1","One generated candidate; source-registered finishing; restrained style and required role."
"event/plague_door_mark-v1","assets/event/plague_door_mark-v1.png","candidate","32","48","single","canvas coordinates; see README","house_l1-v2.png","built-in image_gen","tool-managed; model not exposed","Use case: stylized-concept. Primary request: Only a simple hand-painted faded ochre cross mark intended to overlay a timber door. Two uneven brush strokes, discreet weathered pigment, small narrow vertical cross at middle of 32x48 transparent canvas. No door, plaque, background, text, ornament or horror. Asset is a candidate PNG for a restrained medieval isometric city-builder. Match the attached project sprite references: muted earth palette, tiny detailed painterly pixels, northwest light, readable at small game scale. No text, lettering, border, UI, gore, bodies, skeletons or horror. True transparent RGBA background except full-tile field strips. Output one requested asset, no extra objects.","Generated transparent sprite alpha-bbox fit without distortion into prescribed canvas, 2px minimum margin; invisible RGB cleared.","8a10a7ab8da2685b10e77df43d1c7979008bb91a67f35eca10fbb2be0f6eea63","35437cf021cc0c10a41d9d2660613655faee120e4664c6eb9945e19f3b8a77db","PASS","1","One generated candidate; source-registered finishing; restrained style and required role."
"event/plague_shut_l1-v1","assets/event/plague_shut_l1-v1.png","candidate","139","139","single","Identity canvas placement (0,0); inherit EXACT source pivot, no numeric pivot supplied.","house_l1-v2.png","built-in image_gen","tool-managed; model not exposed","Use case: precise-object-edit. Produce ONLY an aligned transparent overlay for the attached house L1. Add closed dark weathered timber shutters exactly within its existing window openings, and a discreet small faded ochre cross painted on its existing door. Keep exact source framing and coordinates. Final output ONLY shutter boards and the door cross, all other areas genuinely transparent; no house or wall or door background. No new windows, no shifted openings. Restrained historical city-builder sprite, same hand painted detail and NW lighting. No gore, bodies, spooky effects, signage or text.","Generated shutter texture clipped into hand-registered original window polygons; small painted ochre door cross; source canvas unchanged.","56ff9412f3c73312f625063c1067cb5a472b119b1214dfe3ba3adc342f10875d","f6d280c2855148047c08dc2124d72a819d390b0a6ecf03bb31bea12f24e26654","PASS","1","One generated candidate; source-registered finishing; restrained style and required role."
"event/plague_shut_l2-v1","assets/event/plague_shut_l2-v1.png","candidate","137","137","single","Identity canvas placement (0,0); inherit EXACT source pivot, no numeric pivot supplied.","house_l2-v2.png","built-in image_gen","tool-managed; model not exposed","Use case: precise-object-edit. Produce ONLY an aligned transparent overlay for the attached house L2. Add closed dark weathered timber shutters exactly within its existing window openings, and a discreet small faded ochre cross painted on its existing door. Keep exact source framing and coordinates. Final output ONLY shutter boards and the door cross, all other areas genuinely transparent; no house or wall or door background. No new windows, no shifted openings. Restrained historical city-builder sprite, same hand painted detail and NW lighting. No gore, bodies, spooky effects, signage or text.","Generated shutter texture clipped into hand-registered original window polygons; small painted ochre door cross; source canvas unchanged.","4df85ecd575b1b3e444ebcd773f85fea4d03f587542130c4071513983b2531d4","7b6cc232c77cf683322342de74258a9af6a58ab409c9f1bd6f48f22e018873e8","PASS","1","One generated candidate; source-registered finishing; restrained style and required role."
"event/plague_shut_l3-v1","assets/event/plague_shut_l3-v1.png","candidate","142","142","single","Identity canvas placement (0,0); inherit EXACT source pivot, no numeric pivot supplied.","house_l3-v2.png","built-in image_gen","tool-managed; model not exposed","Use case: precise-object-edit. Produce ONLY an aligned transparent overlay for the attached house L3. Add closed dark weathered timber shutters exactly within its existing window openings, and a discreet small faded ochre cross painted on its existing door. Keep exact source framing and coordinates. Final output ONLY shutter boards and the door cross, all other areas genuinely transparent; no house or wall or door background. No new windows, no shifted openings. Restrained historical city-builder sprite, same hand painted detail and NW lighting. No gore, bodies, spooky effects, signage or text.","Generated shutter texture clipped into hand-registered original window polygons; small painted ochre door cross; source canvas unchanged.","726b5eb46378cdff51afa6d884f6980cc5fe06b6da0351637569f185e0d02598","716a3d7a5dce780955bda439dd285e81fe98a42a4a268e14c19898891d3c55e0","PASS","1","One generated candidate; source-registered finishing; restrained style and required role."
"field/ridge_blighted_a-v1","assets/field/ridge_blighted_a-v1.png","candidate","512","64","single","canvas coordinates; see README","ridge_growing_a-v1.png","built-in image_gen","tool-managed; model not exposed","Use case: precise-object-edit. Primary request: EDIT the supplied exact 512x64 field strip in place. Preserve two horizontal ridge rows and soil bands. Rain-flattened wheat leaning right, dark rotten seedheads, brown-black wet stalks. Full canvas painted tile, no transparent outer margin. Tile seamlessly in X only, left edge matches right, no decorative border. Variant A: flattened ochre stalks still readable. Asset is a candidate PNG for a restrained medieval isometric city-builder. Match the attached project sprite references: muted earth palette, tiny detailed painterly pixels, northwest light, readable at small game scale. No text, lettering, border, UI, gore, bodies, skeletons or horror. True transparent RGBA background except full-tile field strips. Output one requested asset, no extra objects.","Removed generator transparent margins, fitted strip to512x64, composited edge alpha over source fallow soil; A muted/darkened for blight; 16px symmetric edge crossfade, matching X boundary.","8284d5de9636f7614e1737d97c8e70a7d4a12f17cd420d6f4914fcbe94a60086","4bb36a093ee73cf6ea43e6b4b433f5f9c877c2dff57a2d8c373df07482a9a776","PASS","1","One generated candidate; source-registered finishing; restrained style and required role."
"field/ridge_blighted_b-v1","assets/field/ridge_blighted_b-v1.png","candidate","512","64","single","canvas coordinates; see README","ridge_growing_a-v1.png","built-in image_gen","tool-managed; model not exposed","Use case: precise-object-edit. Primary request: EDIT the supplied exact 512x64 field strip in place. Preserve two horizontal ridge rows and soil bands. Variant B: more sparsely collapsed blackened rotten wheat, damp muddy brown soil, no healthy golden crop. Full canvas tile, no transparent margin, seamless in X, exact matching left/right edge. Asset is a candidate PNG for a restrained medieval isometric city-builder. Match the attached project sprite references: muted earth palette, tiny detailed painterly pixels, northwest light, readable at small game scale. No text, lettering, border, UI, gore, bodies, skeletons or horror. True transparent RGBA background except full-tile field strips. Output one requested asset, no extra objects.","Removed generator transparent margins, fitted strip to512x64, composited edge alpha over source fallow soil; A muted/darkened for blight; 16px symmetric edge crossfade, matching X boundary.","a8330ad4df929f0c8437fc885ef44d55bd89875420e5eafb3e04ab6589a6e1d8","46844fd7a329d210c9eb8ccdca0abd1732046b66fea6365bf2023a114d93ca97","PASS","1","One generated candidate; source-registered finishing; restrained style and required role."
"field/ridge_flooded-v1","assets/field/ridge_flooded-v1.png","candidate","512","64","single","canvas coordinates; see README","ridge_fallow_a-v1.png","built-in image_gen","tool-managed; model not exposed","Use case: precise-object-edit. Primary request: EDIT supplied 512x64 field strip into flooded furrows. Same two horizontal soil ridges, shallow gray-blue rainwater pooled in lower bands, a few straw tips. Full canvas painted tile; tile seamlessly X with matching left/right edges; no white margin, waves, ocean or frame. Asset is a candidate PNG for a restrained medieval isometric city-builder. Match the attached project sprite references: muted earth palette, tiny detailed painterly pixels, northwest light, readable at small game scale. No text, lettering, border, UI, gore, bodies, skeletons or horror. True transparent RGBA background except full-tile field strips. Output one requested asset, no extra objects.","Removed generator transparent margins, fitted strip to512x64, composited edge alpha over source fallow soil; A muted/darkened for blight; 16px symmetric edge crossfade, matching X boundary.","d51c59506546e0919dc13bc0539f07839aef731ad665d167a3270aa6a42f32ba","cbcfc0e1a8a839a95ba0201ffc28691d575bc3d463fccf1abd2c110c5a38304b","PASS","1","One generated candidate; source-registered finishing; restrained style and required role."
"fx/black_smoke_column_sheet-v1","assets/fx/black_smoke_column_sheet-v1.png","candidate","384","192","4 columns x1 row","canvas coordinates; see README","fire_large.png","built-in image_gen","tool-managed; model not exposed","Use case: stylized-concept. Primary request: Four animation frames of a restrained dark charcoal smoke column rising vertically, each frame 96x192, arranged in ONE HORIZONTAL ROW. Each plume rooted at same bottom-center pixel, billowing slightly across frames, smoky semitransparent edges. Smoke only, no fire, building or ground. Black-gray smoke recognizable without cartoon mushroom explosion. Asset is a candidate PNG for a restrained medieval isometric city-builder. Match the attached project sprite references: muted earth palette, tiny detailed painterly pixels, northwest light, readable at small game scale. No text, lettering, border, UI, gore, bodies, skeletons or horror. True transparent RGBA background except full-tile field strips. Output one requested asset, no extra objects.","Four source frame cells separated; cropped alpha each, registered to common bottom, 96x192 each, horizontal 384x192 sheet.","28d40e5b07d47baf3a859c8c791c155227b7ad1f8dae219c9af0f7ac99eaed30","eabb9c5e320efcea2e5903392af96038f4abad1973aad1ee922002e9ee610c64","PASS","1","One generated candidate; source-registered finishing; restrained style and required role."
"fx/rain_streak_sheet-v1","assets/fx/rain_streak_sheet-v1.png","candidate","256","128","4 columns x1 row","canvas coordinates; see README","ridge_fallow_a-v1.png","built-in image_gen","tool-managed; model not exposed","Use case: stylized-concept. Primary request: FOUR rain animation frames in ONE HORIZONTAL ROW, each 64x128 (total 256x128). Fine sparse slanted gray blue rain streaks on fully transparent background, translucent subtle screen overlay, four different falling phases, seamless repeat in X and Y per frame. No clouds, scenery or labels. Asset is a candidate PNG for a restrained medieval isometric city-builder. Match the attached project sprite references: muted earth palette, tiny detailed painterly pixels, northwest light, readable at small game scale. No text, lettering, border, UI, gore, bodies, skeletons or horror. True transparent RGBA background except full-tile field strips. Output one requested asset, no extra objects.","Four source frame cells resized separately to64x128; alpha attenuated0.35; XY boundary crossfade per frame; horizontal256x128 sheet.","654dfe210499525bb29a546cdd669d002b757e2e803f5b2eb318cbd20dca03e5","4e0c0e1d35de4169e8791121227fc2390972c584837d45e6a36f835c46f02cfc","PASS","1","One generated candidate; source-registered finishing; restrained style and required role."
"pile/empty_granary_floor-v1","assets/pile/empty_granary_floor-v1.png","candidate","96","64","single","canvas coordinates; see README","house_l0-v3.png","built-in image_gen","tool-managed; model not exposed","Use case: stylized-concept. Primary request: Empty granary floor asset: a low isometric worn wood plank floor patch, one single flattened nearly empty burlap sack lying to one side, a few last grains. Emphasize emptiness. No building/walls, no other bags. 96x64, transparent perimeter. Asset is a candidate PNG for a restrained medieval isometric city-builder. Match the attached project sprite references: muted earth palette, tiny detailed painterly pixels, northwest light, readable at small game scale. No text, lettering, border, UI, gore, bodies, skeletons or horror. True transparent RGBA background except full-tile field strips. Output one requested asset, no extra objects.","Generated transparent sprite alpha-bbox fit without distortion into prescribed canvas, 2px minimum margin; invisible RGB cleared.","6a12e4296f37a270a30d1c95de1018e30a970546ae4b04dde76d31e1cbc62363","96beebbc2c3f56385c625a221c99d333463d2ebdae49636a7b7c66aa512c077b","PASS","1","One generated candidate; source-registered finishing; restrained style and required role."
"prop/coffin_ne-v1","assets/prop/coffin_ne-v1.png","candidate","64","32","single","canvas coordinates; see README","house_l0-v3.png","built-in image_gen","tool-managed; model not exposed","Use case: stylized-concept. Primary request: A closed plain humble medieval wooden coffin prop, isometric NE/SW long-axis diagonal rising to the right, from bottom-left to top-right. 64x32, low wood box, dark brown plain lid, no handles that look modern, no decoration, no person, no body. Restrained sprite. Asset is a candidate PNG for a restrained medieval isometric city-builder. Match the attached project sprite references: muted earth palette, tiny detailed painterly pixels, northwest light, readable at small game scale. No text, lettering, border, UI, gore, bodies, skeletons or horror. True transparent RGBA background except full-tile field strips. Output one requested asset, no extra objects.","Generated transparent sprite alpha-bbox fit without distortion into prescribed canvas, 2px minimum margin; invisible RGB cleared.","271709852d97fc24dfd32585950c20653b36873d794a4590c576778d3adc999a","7a1201b72225319266c4a63ac6b20e02240625c102537ce6863283a2710aa303","PASS","1","One generated candidate; source-registered finishing; restrained style and required role."
"prop/coffin_nw-v1","assets/prop/coffin_nw-v1.png","candidate","64","32","single","canvas coordinates; see README","house_l0-v3.png","built-in image_gen","tool-managed; model not exposed","Use case: stylized-concept. Primary request: A closed plain humble medieval wooden coffin prop, isometric NW/SE long-axis diagonal descending to right, from top-left to bottom-right. 64x32, low wood box, dark brown plain lid, no modern handles, no decoration, no person, no body. Restrained sprite. Asset is a candidate PNG for a restrained medieval isometric city-builder. Match the attached project sprite references: muted earth palette, tiny detailed painterly pixels, northwest light, readable at small game scale. No text, lettering, border, UI, gore, bodies, skeletons or horror. True transparent RGBA background except full-tile field strips. Output one requested asset, no extra objects.","Generated transparent sprite alpha-bbox fit without distortion into prescribed canvas, 2px minimum margin; invisible RGB cleared.","d470333c9e55191c6b27db71d7d6da99b04cb96428e57d19a0b73b0e23c82b03","1d7d5f52e662ab26dd8a70eaa053878450e0caba8499d10813bf8e5f2076af81","PASS","1","One generated candidate; source-registered finishing; restrained style and required role."
"prop/leaving_child_sheet-v1","assets/prop/leaving_child_sheet-v1.png","candidate","296","148","4 columns x2 rows;74x74; source column order","canvas coordinates; see README","template_child_prop_74x74.png","built-in image_gen","tool-managed; model not exposed","Use case: identity-preserve. STRICT template reskin, not free generation. Attached 296x148 sheet has 4 columns x2 rows, each74x74, containing a scaled small hooded family-member companion prop. Keep exactly the existing body silhouettes, heads, hands, feet, eight poses, cell positions and frame layout. Repaint ONLY tunic into subdued gray-olive homespun and a small faded ochre cloth pouch within existing torso silhouette so this reads as a modest child companion in a departing medieval family group. Head and feet fully protected, no limb shifts. Same small hand-painted pixel texture. No additional figures, words, backgrounds, border or gore. True transparent RGBA. Deliver same sheet.","Optional family companion prop: same template animation scaled to 60 percent inside unchanged 74px cells; generated tunic reskin inside exact derived alpha, head and feet preserved. Child prop does not replace adult walker.","64f9b3061e032bb59fda208b905697fca6d883c1c09490f9b4aaeee5cdb4d929","398302546583053fa97523b22ce46cc734cdd16a0bdebb6d19b599066f7bfaa2","PASS","1","One generated candidate; source-registered finishing; restrained style and required role."
"prop/scroll_royal_ne-v1","assets/prop/scroll_royal_ne-v1.png","candidate","32","32","single","canvas coordinates; see README","actor_merchant-v1.png","built-in image_gen","tool-managed; model not exposed","Use case: stylized-concept. Primary request: One tiny rolled parchment royal dispatch prop, 32x32, diagonal NE axis bottom-left toward top-right. Cream aged parchment, small dark red wax seal tied with a fine ochre cord. No legible text, no hand or person. Clear at native tiny scale. Asset is a candidate PNG for a restrained medieval isometric city-builder. Match the attached project sprite references: muted earth palette, tiny detailed painterly pixels, northwest light, readable at small game scale. No text, lettering, border, UI, gore, bodies, skeletons or horror. True transparent RGBA background except full-tile field strips. Output one requested asset, no extra objects.","Generated transparent sprite alpha-bbox fit without distortion into prescribed canvas, 2px minimum margin; invisible RGB cleared.","2ab40c0fd3b4374e7fb792050722ad5e7c47e02275744df1c50e9d8a86cbf241","3640c0785e0a26514c6b165475d689067b811a78987ecbc6fdba097321930162","PASS","1","One generated candidate; source-registered finishing; restrained style and required role."
"prop/scroll_royal_nw-v1","assets/prop/scroll_royal_nw-v1.png","candidate","32","32","single","canvas coordinates; see README","actor_merchant-v1.png","built-in image_gen","tool-managed; model not exposed","Use case: stylized-concept. Primary request: One tiny rolled parchment royal dispatch prop, 32x32, diagonal NW axis top-left toward bottom-right. Cream aged parchment, small dark red wax seal tied with fine ochre cord. No legible text, no hand or person. Clear at native tiny scale. Asset is a candidate PNG for a restrained medieval isometric city-builder. Match the attached project sprite references: muted earth palette, tiny detailed painterly pixels, northwest light, readable at small game scale. No text, lettering, border, UI, gore, bodies, skeletons or horror. True transparent RGBA background except full-tile field strips. Output one requested asset, no extra objects.","Generated transparent sprite alpha-bbox fit without distortion into prescribed canvas, 2px minimum margin; invisible RGB cleared.","f507f0cb9455eeb9f941b373e2402aa54ec0d965f7a1bf900c319e36739d3199","90ed8212f3c8c599d86a3782e8ed8504f00263182b92f5abf9dcde5051de4a7d","PASS","1","One generated candidate; source-registered finishing; restrained style and required role."
"signifier/hungry_queue-v1","assets/signifier/hungry_queue-v1.png","candidate","128","64","single","canvas coordinates; see README","actor_civilian_man-v1.png;actor_civilian_woman-v1.png","built-in image_gen","tool-managed; model not exposed","Use case: stylized-concept. Primary request: Six small restrained medieval civilian silhouettes standing in a patient thin queue facing an unseen granary. Readable muted umber/gray clothed shapes, slightly downcast posture without theatrical suffering. Flat distant decal, total 128x64, small natural soft ground shadows only. No building or props. Asset is a candidate PNG for a restrained medieval isometric city-builder. Match the attached project sprite references: muted earth palette, tiny detailed painterly pixels, northwest light, readable at small game scale. No text, lettering, border, UI, gore, bodies, skeletons or horror. True transparent RGBA background except full-tile field strips. Output one requested asset, no extra objects.","Generated transparent sprite alpha-bbox fit without distortion into prescribed canvas, 2px minimum margin; invisible RGB cleared.","d44de38c2b294fbd44a95713a4b55f4eed3779bfbb907a19c958edfb07b6aadf","8c96720c136d298b14784003a3195347697db618834c2b5096455ce49eae40c4","PASS","1","One generated candidate; source-registered finishing; restrained style and required role."
"wk_funeral_bearers-v1","assets/wk_funeral_bearers-v1.png","candidate","296","148","4 columns x2 rows;74x74; source column order","Normalized source-template sheet, original head and foot pixels retained","template_man_74x74.png","built-in image_gen","tool-managed; model not exposed","Use case: identity-preserve. STRICT PILOT 2 RESKIN, no free character generation. Edit attached 296x148 RGBA sprite sheet, 4 columns by 2 rows of 74x74 cells. One walking bearer in sober charcoal mourning tunic. This sheet is instantiated twice with a SEPARATE coffin prop between them to form two bearers. Do not draw another person or coffin in the sheet. Repaint ONLY clothing inside existing body alpha silhouette. Each of the eight figures must have pixel-identical head, feet, hands, pose, animation phase, width, height and cell coordinates. Retain original shading, pixel density and restrained medieval isometric hand-painted game style. No reposing, recentering, added limbs, cropping, direction swaps, layout change, outlines, text or background. Truly transparent. Original head and foot pixels are protected. Deliver same full sheet.","Strict reskin: generated clothing detail mapped inside unchanged normalized template alpha only. Original head top17px, bottom 7px of each figure feet, body silhouette and animation placement retained byte-for-byte.","8e51b570cd335df31af90ddaff625102d4db57beb31ee04784a17f10c0dcee68","c9a6070bcfbbc95f634d6a447e5c269a51126e70783cd818a2bfe809ebce1cef","PASS","1","One generated candidate; source-registered finishing; restrained style and required role."
"wk_leaving_family-v1","assets/wk_leaving_family-v1.png","candidate","296","148","4 columns x2 rows;74x74; source column order","Normalized source-template sheet, original head and foot pixels retained","template_woman_74x74.png","built-in image_gen","tool-managed; model not exposed","Use case: identity-preserve. STRICT PILOT 2 RESKIN, no free character generation. Edit attached 296x148 RGBA sprite sheet, 4 columns by 2 rows of 74x74 cells. A leaving mother, faded earth-brown and muted dull-green clothing, a compact tied bedroll against her back inside original figure envelope. Keep hand pose for a separately staged child/family member; do not add a child or change arms. Repaint ONLY clothing inside existing body alpha silhouette. Each of the eight figures must have pixel-identical head, feet, hands, pose, animation phase, width, height and cell coordinates. Retain original shading, pixel density and restrained medieval isometric hand-painted game style. No reposing, recentering, added limbs, cropping, direction swaps, layout change, outlines, text or background. Truly transparent. Original head and foot pixels are protected. Deliver same full sheet.

Additional accessory generation prompt (composited at fixed template coordinates):
Use case: stylized-concept. One compact bundled bedroll for a departing medieval peasant woman's back: faded ochre blanket tightly rolled with clearly visible spiral end and tied by two dark brown leather straps, small gray-brown cloth sack attached underneath. Object only, no person. Isometric view matching attached woman's game sprite, clear compact bundle silhouette, restrained hand-painted small-game sprite. Truly transparent RGBA background. Accessory layer to be mounted on existing fixed-pose sprite back without modifying anatomy. No text or background.","Strict reskin: generated clothing detail mapped inside unchanged normalized template alpha only. Original head top17px, bottom 7px of each figure feet, body silhouette and animation placement retained byte-for-byte. Accessory finishing: generated tied bedroll12x14 anchored to unchanged upper back. Accessory alpha additions are intentional and separately logged.","e0ae4333103ae02abe0ded93319c46185df0b38ce530e2d34c75a27cafe551ff","f009ea918776c05e6bfc76fffdb312f997b4f0cfadc770d934a453d3d15edc83","PASS","1","One generated candidate; source-registered finishing; restrained style and required role."
"wk_petitioner_f-v1","assets/wk_petitioner_f-v1.png","candidate","296","148","4 columns x2 rows;74x74; source column order","Normalized source-template sheet, original head and foot pixels retained","template_woman_74x74.png","built-in image_gen","tool-managed; model not exposed","Use case: identity-preserve. STRICT PILOT 2 RESKIN, no free character generation. Edit attached 296x148 RGBA sprite sheet, 4 columns by 2 rows of 74x74 cells. A female petitioner, muted slate-blue overdress and cream apron, a small brown cap held against her existing hand at waist. Keep original hood/head and arm geometry fixed. Repaint ONLY clothing inside existing body alpha silhouette. Each of the eight figures must have pixel-identical head, feet, hands, pose, animation phase, width, height and cell coordinates. Retain original shading, pixel density and restrained medieval isometric hand-painted game style. No reposing, recentering, added limbs, cropping, direction swaps, layout change, outlines, text or background. Truly transparent. Original head and foot pixels are protected. Deliver same full sheet.

Additional accessory generation prompt (composited at fixed template coordinates):
Use case: stylized-concept. A single small empty medieval peasant's soft felt cap, crumpled brown-ochre wool with a dark hollow opening and a pinched rim that can be grasped by a hand. Object only, no hand or person. Isometric view matching attached civilian game sprite, very clear rounded cap silhouette and dark interior, restrained hand painted small-game sprite, matte material. Transparent RGBA background. This accessory will be composited at the unchanged hand location on an existing74x74 template. No text or background.","Strict reskin: generated clothing detail mapped inside unchanged normalized template alpha only. Original head top17px, bottom 7px of each figure feet, body silhouette and animation placement retained byte-for-byte. Accessory finishing: generated soft cap9x7 anchored to original hand; original hand pixels restored. Accessory alpha additions are intentional and separately logged.","325514dadac14471fa16a2a4eebbab2041678be3a5bb9ac855ed1ef424c38477","92021e7b8a41cab64bcf07c4a22cb54deb49d36906e4459f4d6c2fb5203ebe9c","PASS","1","One generated candidate; source-registered finishing; restrained style and required role."
"wk_petitioner_m-v1","assets/wk_petitioner_m-v1.png","candidate","296","148","4 columns x2 rows;74x74; source column order","Normalized source-template sheet, original head and foot pixels retained","template_man_74x74.png","built-in image_gen","tool-managed; model not exposed","Use case: identity-preserve. STRICT PILOT 2 RESKIN, no free character generation. Edit attached 296x148 RGBA sprite sheet, 4 columns by 2 rows of 74x74 cells. A male petitioner, faded ochre tunic with a small brown cap held against his existing hand at waist. Keep arm and hand geometry fixed. Repaint ONLY clothing inside existing body alpha silhouette. Each of the eight figures must have pixel-identical head, feet, hands, pose, animation phase, width, height and cell coordinates. Retain original shading, pixel density and restrained medieval isometric hand-painted game style. No reposing, recentering, added limbs, cropping, direction swaps, layout change, outlines, text or background. Truly transparent. Original head and foot pixels are protected. Deliver same full sheet.

Additional accessory generation prompt (composited at fixed template coordinates):
Use case: stylized-concept. A single small empty medieval peasant's soft felt cap, crumpled brown-ochre wool with a dark hollow opening and a pinched rim that can be grasped by a hand. Object only, no hand or person. Isometric view matching attached civilian game sprite, very clear rounded cap silhouette and dark interior, restrained hand painted small-game sprite, matte material. Transparent RGBA background. This accessory will be composited at the unchanged hand location on an existing74x74 template. No text or background.","Strict reskin: generated clothing detail mapped inside unchanged normalized template alpha only. Original head top17px, bottom 7px of each figure feet, body silhouette and animation placement retained byte-for-byte. Accessory finishing: generated soft cap9x7 anchored to original hand; original hand pixels restored. Accessory alpha additions are intentional and separately logged.","41b4e57950acd801dc61881f7893d2d017de3bfed6e6d04b17da8b1a04e3394a","e99923dde53348aea6b6d0d0c7e1a8fcbfe1b2345f9b6ba3ff6814dca21c4d94","PASS","1","One generated candidate; source-registered finishing; restrained style and required role."
"wk_royal_messenger-v1","assets/wk_royal_messenger-v1.png","candidate","296","148","4 columns x2 rows;74x74; source column order","Normalized source-template sheet, original head and foot pixels retained","template_merchant_74x74.png","built-in image_gen","tool-managed; model not exposed","Use case: identity-preserve. STRICT PILOT 2 RESKIN, no free character generation. Edit attached 296x148 RGBA sprite sheet, 4 columns by 2 rows of 74x74 cells. A royal messenger in deep muted red tabard with discreet gold three-lion inspired royal heraldic marks on torso. Scroll remains a separate prop; original hands, hat, head and bag outline unchanged. Repaint ONLY clothing inside existing body alpha silhouette. Each of the eight figures must have pixel-identical head, feet, hands, pose, animation phase, width, height and cell coordinates. Retain original shading, pixel density and restrained medieval isometric hand-painted game style. No reposing, recentering, added limbs, cropping, direction swaps, layout change, outlines, text or background. Truly transparent. Original head and foot pixels are protected. Deliver same full sheet.","Strict reskin: generated clothing detail mapped inside unchanged normalized template alpha only. Original head top17px, bottom 7px of each figure feet, body silhouette and animation placement retained byte-for-byte.","99a6964de58e1c18f57fb2c2c4a0db6677866deb201534d3079c5863a32d7909","3246603c9b3141c8ddf48154967dc9a1b7590a11015b8179a9d50a9132d5f4d1","PASS","1","One generated candidate; source-registered finishing; restrained style and required role."
