"asset_id","status","file","width","height","role","sha256","generation_records","processing","slice_or_cells","hotspot","qa"
"ui/frame_hud_strip_top","candidate","assets/ui/frame_hud_strip_top.png","256","256","dark oak HUD top frame, thin warm parchment single edge, minute dot at corners","1237177afc414b4a3780221fc6aa13260c37cbde57b4e932f1bf81e5a2baea9f","{""tool"":""image_gen.imagegen"",""prompt"":""Edit the attached approved medieval game UI pilot into one production candidate asset. dark oak HUD top frame, thin warm parchment single edge, minute dot at corners. Direction: 80% functionality 20% historical ornament. Warm muted parchment/oak palette. Much more restrained corners than reference: single line and at most one dot, no filigree, no leaves. Central reading area uniform and clean. Keep thin hand-painted ink feeling, no photorealism. No letters, no numbers, no text, no bar fill, no focus ring. Deliver ONE isolated asset, full canvas aspect 256:256, straight-on UI texture not perspective, no presentation board. Output intended 256x256. Edge details must be confined to 24px native edge strip; center must be almost flat. Panel fills whole canvas edge to edge, no exterior background or shadow."",""references"":[""references/astra-ui-p0-reference-files/pilot_assets/frame_panel_dark.png""],""raw"":""sources/frames/frame_hud_strip_top-raw.png"",""rawOriginalPath"":""/Users/rexxa/Library/Application Support/orca/codex-accounts/54be5844-95fd-4c46-925c-75327ccd186a/home/generated_images/01a0d891-c550-7570-b4ac-306c284a3494/exec-679d4dff-8818-44ba-9e80-906327e55dd7.png"",""modelVersion"":null,""seed"":null}","""Generated original preserved. Exact canvas registration and downsample. Opaque flat reading fields normalized to pilot palette; generated edge and corner ink retained. Texture contrast compressed and opposing terminal pixels matched; dark texture palette corrected. Toast source cropped to actual bordered rectangle. Objective variants share registered geometry.""","{""left"":24,""top"":24,""right"":24,""bottom"":24,""sourceScale"":2,""renderCapScale"":0.5}","null","{""text"":""none"",""numbers"":""none"",""barInterior"":""none"",""center"":""flat opaque"",""limitations"":""""}"
"ui/frame_hud_strip_bottom","candidate","assets/ui/frame_hud_strip_bottom.png","256","256","dark oak HUD bottom frame, subtly lighter upper edge single rule, minute corner dots","b2c5f68e33674b205cfbf1e8bf598427ae4fba3c94dee7585ccc7c45645d6ddf","{""tool"":""image_gen.imagegen"",""prompt"":""Edit the attached approved medieval game UI pilot into one production candidate asset. dark oak HUD bottom frame, subtly lighter upper edge single rule, minute corner dots. Direction: 80% functionality 20% historical ornament. Warm muted parchment/oak palette. Much more restrained corners than reference: single line and at most one dot, no filigree, no leaves. Central reading area uniform and clean. Keep thin hand-painted ink feeling, no photorealism. No letters, no numbers, no text, no bar fill, no focus ring. Deliver ONE isolated asset, full canvas aspect 256:256, straight-on UI texture not perspective, no presentation board. Output intended 256x256. Edge details must be confined to 24px native edge strip; center must be almost flat. Panel fills whole canvas edge to edge, no exterior background or shadow."",""references"":[""references/astra-ui-p0-reference-files/pilot_assets/frame_panel_dark.png""],""raw"":""sources/frames/frame_hud_strip_bottom-raw.png"",""rawOriginalPath"":""/Users/rexxa/Library/Application Support/orca/codex-accounts/54be5844-95fd-4c46-925c-75327ccd186a/home/generated_images/01a0d891-c550-7570-b4ac-306c284a3494/exec-0af01968-2301-48fd-9b49-6cc62cecdc6a.png"",""modelVersion"":null,""seed"":null}","""Generated original preserved. Exact canvas registration and downsample. Opaque flat reading fields normalized to pilot palette; generated edge and corner ink retained. Texture contrast compressed and opposing terminal pixels matched; dark texture palette corrected. Toast source cropped to actual bordered rectangle. Objective variants share registered geometry.""","{""left"":24,""top"":24,""right"":24,""bottom"":24,""sourceScale"":2,""renderCapScale"":0.5}","null","{""text"":""none"",""numbers"":""none"",""barInterior"":""none"",""center"":""flat opaque"",""limitations"":""""}"
"ui/frame_panel_light","candidate","assets/ui/frame_panel_light.png","192","192","warm light parchment information panel, remove all corner curls; one tiny dot per corner","4d621ebb07318848b0514524bca567490b0c37f6cc1ce9822af15db0d3e7ba17","{""tool"":""image_gen.imagegen"",""prompt"":""Edit the attached approved medieval game UI pilot into one production candidate asset. warm light parchment information panel, remove all corner curls; one tiny dot per corner. Direction: 80% functionality 20% historical ornament. Warm muted parchment/oak palette. Much more restrained corners than reference: single line and at most one dot, no filigree, no leaves. Central reading area uniform and clean. Keep thin hand-painted ink feeling, no photorealism. No letters, no numbers, no text, no bar fill, no focus ring. Deliver ONE isolated asset, full canvas aspect 192:192, straight-on UI texture not perspective, no presentation board. Output intended 192x192. Edge details must be confined to 24px native edge strip; center must be almost flat. Panel fills whole canvas edge to edge, no exterior background or shadow."",""references"":[""references/astra-ui-p0-reference-files/pilot_assets/frame_panel_light.png""],""raw"":""sources/frames/frame_panel_light-raw.png"",""rawOriginalPath"":""/Users/rexxa/Library/Application Support/orca/codex-accounts/54be5844-95fd-4c46-925c-75327ccd186a/home/generated_images/01a0d891-c550-7570-b4ac-306c284a3494/exec-661f5ea1-9e60-4a02-9b8b-5382ec8c9ad6.png"",""modelVersion"":null,""seed"":null}","""Generated original preserved. Exact canvas registration and downsample. Opaque flat reading fields normalized to pilot palette; generated edge and corner ink retained. Texture contrast compressed and opposing terminal pixels matched; dark texture palette corrected. Toast source cropped to actual bordered rectangle. Objective variants share registered geometry.""","{""left"":32,""top"":32,""right"":32,""bottom"":32,""sourceScale"":2,""renderCapScale"":0.5}","null","{""text"":""none"",""numbers"":""none"",""barInterior"":""none"",""center"":""flat opaque"",""limitations"":""""}"
"ui/frame_panel_dark","candidate","assets/ui/frame_panel_dark.png","192","192","flat dark oak information panel, remove all corner curls; one tiny warm dot per corner","a8615f9ca59b29942f66d4008cf6ab6d8bd91137561bd60281a8dbc5b9b859aa","{""tool"":""image_gen.imagegen"",""prompt"":""Edit the attached approved medieval game UI pilot into one production candidate asset. flat dark oak information panel, remove all corner curls; one tiny warm dot per corner. Direction: 80% functionality 20% historical ornament. Warm muted parchment/oak palette. Much more restrained corners than reference: single line and at most one dot, no filigree, no leaves. Central reading area uniform and clean. Keep thin hand-painted ink feeling, no photorealism. No letters, no numbers, no text, no bar fill, no focus ring. Deliver ONE isolated asset, full canvas aspect 192:192, straight-on UI texture not perspective, no presentation board. Output intended 192x192. Edge details must be confined to 24px native edge strip; center must be almost flat. Panel fills whole canvas edge to edge, no exterior background or shadow."",""references"":[""references/astra-ui-p0-reference-files/pilot_assets/frame_panel_dark.png""],""raw"":""sources/frames/frame_panel_dark-raw.png"",""rawOriginalPath"":""/Users/rexxa/Library/Application Support/orca/codex-accounts/54be5844-95fd-4c46-925c-75327ccd186a/home/generated_images/01a0d891-c550-7570-b4ac-306c284a3494/exec-e8333fee-d7f5-4e5a-a006-754a5ef16305.png"",""modelVersion"":null,""seed"":null}","""Generated original preserved. Exact canvas registration and downsample. Opaque flat reading fields normalized to pilot palette; generated edge and corner ink retained. Texture contrast compressed and opposing terminal pixels matched; dark texture palette corrected. Toast source cropped to actual bordered rectangle. Objective variants share registered geometry.""","{""left"":24,""top"":24,""right"":24,""bottom"":24,""sourceScale"":2,""renderCapScale"":0.5}","null","{""text"":""none"",""numbers"":""none"",""barInterior"":""none"",""center"":""flat opaque"",""limitations"":""""}"
"ui/frame_objective_normal","candidate","assets/ui/frame_objective_normal.png","256","256","normal objective warm parchment card, single ink border and tiny dot; no decorative curls","c2ab636762cd5f3680970f3904c2aeff6afe0a18627837611a71cd37a6e62466","{""tool"":""image_gen.imagegen"",""prompt"":""Edit the attached approved medieval game UI pilot into one production candidate asset. normal objective warm parchment card, single ink border and tiny dot; no decorative curls. Direction: 80% functionality 20% historical ornament. Warm muted parchment/oak palette. Much more restrained corners than reference: single line and at most one dot, no filigree, no leaves. Central reading area uniform and clean. Keep thin hand-painted ink feeling, no photorealism. No letters, no numbers, no text, no bar fill, no focus ring. Deliver ONE isolated asset, full canvas aspect 256:256, straight-on UI texture not perspective, no presentation board. Output intended 256x256. Edge details must be confined to 32px native edge strip; center must be almost flat. Panel fills whole canvas edge to edge, no exterior background or shadow."",""references"":[""references/astra-ui-p0-reference-files/pilot_assets/frame_objective.png""],""raw"":""sources/frames/frame_objective_normal-raw.png"",""rawOriginalPath"":""/Users/rexxa/Library/Application Support/orca/codex-accounts/54be5844-95fd-4c46-925c-75327ccd186a/home/generated_images/01a0d891-c550-7570-b4ac-306c284a3494/exec-27e07c12-2908-48f3-8ec2-f0f24bb6bcfe.png"",""modelVersion"":null,""seed"":null}","""Generated original preserved. Exact canvas registration and downsample. Opaque flat reading fields normalized to pilot palette; generated edge and corner ink retained. Texture contrast compressed and opposing terminal pixels matched; dark texture palette corrected. Toast source cropped to actual bordered rectangle. Objective variants share registered geometry.""","{""left"":32,""top"":32,""right"":32,""bottom"":32,""sourceScale"":2,""renderCapScale"":0.5}","null","{""text"":""none"",""numbers"":""none"",""barInterior"":""none"",""center"":""flat opaque"",""limitations"":""""}"
"ui/frame_objective_complete","candidate","assets/ui/frame_objective_complete.png","256","256","complete objective warm parchment card, single ink border, small subdued red wax seal without any text at bottom right contained entirely inside 32pixel corner of final256canvas","5838cdeb462c96aa2d7cc5901d9cdb85520a4f4516dc730de5b9d7ac96e795e1","{""tool"":""image_gen.imagegen"",""prompt"":""Edit the attached approved medieval game UI pilot into one production candidate asset. complete objective warm parchment card, single ink border, small subdued red wax seal without any text at bottom right contained entirely inside 32pixel corner of final256canvas. Direction: 80% functionality 20% historical ornament. Warm muted parchment/oak palette. Much more restrained corners than reference: single line and at most one dot, no filigree, no leaves. Central reading area uniform and clean. Keep thin hand-painted ink feeling, no photorealism. No letters, no numbers, no text, no bar fill, no focus ring. Deliver ONE isolated asset, full canvas aspect 256:256, straight-on UI texture not perspective, no presentation board. Output intended 256x256. Edge details must be confined to 32px native edge strip; center must be almost flat. Panel fills whole canvas edge to edge, no exterior background or shadow."",""references"":[""references/astra-ui-p0-reference-files/pilot_assets/frame_objective.png""],""raw"":""sources/frames/frame_objective_complete-raw.png"",""rawOriginalPath"":""/Users/rexxa/Library/Application Support/orca/codex-accounts/54be5844-95fd-4c46-925c-75327ccd186a/home/generated_images/01a0d891-c550-7570-b4ac-306c284a3494/exec-be51d70a-5ec7-4a4e-92a2-2d2b4ba876c4.png"",""modelVersion"":null,""seed"":null}","""Generated original preserved. Exact canvas registration and downsample. Opaque flat reading fields normalized to pilot palette; generated edge and corner ink retained. Texture contrast compressed and opposing terminal pixels matched; dark texture palette corrected. Toast source cropped to actual bordered rectangle. Objective variants share registered geometry.""","{""left"":32,""top"":32,""right"":32,""bottom"":32,""sourceScale"":2,""renderCapScale"":0.5}","null","{""text"":""none"",""numbers"":""none"",""barInterior"":""none"",""center"":""flat opaque"",""limitations"":""""}"
"ui/frame_objective_warn","candidate","assets/ui/frame_objective_warn.png","256","256","warning objective warm parchment card, single ink border and small dull brown-red ink smudge confined to upper right 32pixel corner final256canvas","688f0dd3882dfc6f4f27e3d7aeab1fd6e1ae9d62bace59b338fab949bb28b73b","{""tool"":""image_gen.imagegen"",""prompt"":""Edit the attached approved medieval game UI pilot into one production candidate asset. warning objective warm parchment card, single ink border and small dull brown-red ink smudge confined to upper right 32pixel corner final256canvas. Direction: 80% functionality 20% historical ornament. Warm muted parchment/oak palette. Much more restrained corners than reference: single line and at most one dot, no filigree, no leaves. Central reading area uniform and clean. Keep thin hand-painted ink feeling, no photorealism. No letters, no numbers, no text, no bar fill, no focus ring. Deliver ONE isolated asset, full canvas aspect 256:256, straight-on UI texture not perspective, no presentation board. Output intended 256x256. Edge details must be confined to 32px native edge strip; center must be almost flat. Panel fills whole canvas edge to edge, no exterior background or shadow."",""references"":[""references/astra-ui-p0-reference-files/pilot_assets/frame_objective.png""],""raw"":""sources/frames/frame_objective_warn-raw.png"",""rawOriginalPath"":""/Users/rexxa/Library/Application Support/orca/codex-accounts/54be5844-95fd-4c46-925c-75327ccd186a/home/generated_images/01a0d891-c550-7570-b4ac-306c284a3494/exec-c91f9d06-b9ff-472e-9546-9f5ae07b102b.png"",""modelVersion"":null,""seed"":null}","""Generated original preserved. Exact canvas registration and downsample. Opaque flat reading fields normalized to pilot palette; generated edge and corner ink retained. Texture contrast compressed and opposing terminal pixels matched; dark texture palette corrected. Toast source cropped to actual bordered rectangle. Objective variants share registered geometry.""","{""left"":32,""top"":32,""right"":32,""bottom"":32,""sourceScale"":2,""renderCapScale"":0.5}","null","{""text"":""none"",""numbers"":""none"",""barInterior"":""none"",""center"":""flat opaque"",""limitations"":""""}"
"ui/frame_advisor_normal","candidate","assets/ui/frame_advisor_normal.png","256","192","advisor panel rectangular warm parchment plain BODY ONLY, remove entire portrait circle and seal. Single thin border tiny dots. No portrait no circle","9cc6e08b9763fc70b83d45a92734b073641ef5bd03be7b19583b5b4e3c5c1258","{""tool"":""image_gen.imagegen"",""prompt"":""Edit the attached approved medieval game UI pilot into one production candidate asset. advisor panel rectangular warm parchment plain BODY ONLY, remove entire portrait circle and seal. Single thin border tiny dots. No portrait no circle. Direction: 80% functionality 20% historical ornament. Warm muted parchment/oak palette. Much more restrained corners than reference: single line and at most one dot, no filigree, no leaves. Central reading area uniform and clean. Keep thin hand-painted ink feeling, no photorealism. No letters, no numbers, no text, no bar fill, no focus ring. Deliver ONE isolated asset, full canvas aspect 256:192, straight-on UI texture not perspective, no presentation board. Output intended 256x192. Edge details must be confined to 24px native edge strip; center must be almost flat. Panel fills whole canvas edge to edge, no exterior background or shadow."",""references"":[""references/astra-ui-p0-reference-files/pilot_assets/frame_advisor.png""],""raw"":""sources/frames/frame_advisor_normal-raw.png"",""rawOriginalPath"":""/Users/rexxa/Library/Application Support/orca/codex-accounts/54be5844-95fd-4c46-925c-75327ccd186a/home/generated_images/01a0d891-c550-7570-b4ac-306c284a3494/exec-dec4898a-a85b-4c63-86aa-520040dd6902.png"",""modelVersion"":null,""seed"":null}","""Generated original preserved. Exact canvas registration and downsample. Opaque flat reading fields normalized to pilot palette; generated edge and corner ink retained. Texture contrast compressed and opposing terminal pixels matched; dark texture palette corrected. Toast source cropped to actual bordered rectangle. Objective variants share registered geometry.""","{""left"":24,""top"":24,""right"":24,""bottom"":24,""sourceScale"":2,""renderCapScale"":0.5}","null","{""text"":""none"",""numbers"":""none"",""barInterior"":""none"",""center"":""flat opaque"",""limitations"":""""}"
"ui/frame_advisor_warn","candidate","assets/ui/frame_advisor_warn.png","256","192","advisor warning panel rectangular warm parchment BODY ONLY, remove circle and seal. Singlethin border with small dull ink stain upper right corner. No portrait no circle","49a3d577bc2f4cc0321b3c277a6f24a5235f1d745d72eb1acb9515ec6c7a18bb","{""tool"":""image_gen.imagegen"",""prompt"":""Edit the attached approved medieval game UI pilot into one production candidate asset. advisor warning panel rectangular warm parchment BODY ONLY, remove circle and seal. Singlethin border with small dull ink stain upper right corner. No portrait no circle. Direction: 80% functionality 20% historical ornament. Warm muted parchment/oak palette. Much more restrained corners than reference: single line and at most one dot, no filigree, no leaves. Central reading area uniform and clean. Keep thin hand-painted ink feeling, no photorealism. No letters, no numbers, no text, no bar fill, no focus ring. Deliver ONE isolated asset, full canvas aspect 256:192, straight-on UI texture not perspective, no presentation board. Output intended 256x192. Edge details must be confined to 24px native edge strip; center must be almost flat. Panel fills whole canvas edge to edge, no exterior background or shadow."",""references"":[""references/astra-ui-p0-reference-files/pilot_assets/frame_advisor.png""],""raw"":""sources/frames/frame_advisor_warn-raw.png"",""rawOriginalPath"":""/Users/rexxa/Library/Application Support/orca/codex-accounts/54be5844-95fd-4c46-925c-75327ccd186a/home/generated_images/01a0d891-c550-7570-b4ac-306c284a3494/exec-fa0596e1-fe60-40e7-a9cc-8daba0714a20.png"",""modelVersion"":null,""seed"":null}","""Generated original preserved. Exact canvas registration and downsample. Opaque flat reading fields normalized to pilot palette; generated edge and corner ink retained. Texture contrast compressed and opposing terminal pixels matched; dark texture palette corrected. Toast source cropped to actual bordered rectangle. Objective variants share registered geometry.""","{""left"":24,""top"":24,""right"":24,""bottom"":24,""sourceScale"":2,""renderCapScale"":0.5}","null","{""text"":""none"",""numbers"":""none"",""barInterior"":""none"",""center"":""flat opaque"",""limitations"":""""}"
"ui/advisor_portrait_frame","candidate","assets/ui/advisor_portrait_frame.png","192","192","ONLY a circular portrait frame: very thin two concentric muted brown ink circles, perfectly centered, outerdiameter180 innerdiameter172. Transparent inside AND outside ring. No panel no face no ornament no shadow","e8513c6d5c65c9b90832a4eadde4fb60e52b058689a0d84a43155836507de3a6","{""tool"":""image_gen.imagegen"",""prompt"":""Edit the attached approved medieval game UI pilot into one production candidate asset. ONLY a circular portrait frame: very thin two concentric muted brown ink circles, perfectly centered, outerdiameter180 innerdiameter172. Transparent inside AND outside ring. No panel no face no ornament no shadow. Direction: 80% functionality 20% historical ornament. Warm muted parchment/oak palette. Much more restrained corners than reference: single line and at most one dot, no filigree, no leaves. Central reading area uniform and clean. Keep thin hand-painted ink feeling, no photorealism. No letters, no numbers, no text, no bar fill, no focus ring. Deliver ONE isolated asset, full canvas aspect 192:192, straight-on UI texture not perspective, no presentation board. Output intended 192x192. Edge details must be confined to 8px native edge strip; center must be almost flat. Actual transparent RGBA background."",""references"":[""references/astra-ui-p0-reference-files/pilot_assets/frame_advisor.png""],""raw"":""sources/frames/advisor_portrait_frame-raw.png"",""rawOriginalPath"":""/Users/rexxa/Library/Application Support/orca/codex-accounts/54be5844-95fd-4c46-925c-75327ccd186a/home/generated_images/01a0d891-c550-7570-b4ac-306c284a3494/exec-38e5b7a1-bb24-49f2-902e-40553ff13f77.png"",""modelVersion"":null,""seed"":null}","""Generated original preserved. Exact canvas registration and downsample. Opaque flat reading fields normalized to pilot palette; generated edge and corner ink retained. Texture contrast compressed and opposing terminal pixels matched; dark texture palette corrected. Toast source cropped to actual bordered rectangle. Objective variants share registered geometry.""","{}","null","{""text"":""none"",""numbers"":""none"",""barInterior"":""none"",""center"":""not applicable"",""limitations"":""Fixed circle overlay; do not nine-slice.""}"
"ui/frame_tooltip","candidate","assets/ui/frame_tooltip.png","128","128","very plain light parchment tooltip square single thin brown border, zero decoration","710f3ea26532b692f06ad63a61b0859d643a222f885d45c585e488cd93069dd2","{""tool"":""image_gen.imagegen"",""prompt"":""Edit the attached approved medieval game UI pilot into one production candidate asset. very plain light parchment tooltip square single thin brown border, zero decoration. Direction: 80% functionality 20% historical ornament. Warm muted parchment/oak palette. Much more restrained corners than reference: single line and at most one dot, no filigree, no leaves. Central reading area uniform and clean. Keep thin hand-painted ink feeling, no photorealism. No letters, no numbers, no text, no bar fill, no focus ring. Deliver ONE isolated asset, full canvas aspect 128:128, straight-on UI texture not perspective, no presentation board. Output intended 128x128. Edge details must be confined to 12px native edge strip; center must be almost flat. Panel fills whole canvas edge to edge, no exterior background or shadow."",""references"":[""references/astra-ui-p0-reference-files/pilot_assets/frame_panel_light.png""],""raw"":""sources/frames/frame_tooltip-raw.png"",""rawOriginalPath"":""/Users/rexxa/Library/Application Support/orca/codex-accounts/54be5844-95fd-4c46-925c-75327ccd186a/home/generated_images/01a0d891-c550-7570-b4ac-306c284a3494/exec-3dcbcb76-127c-4467-9d0a-6d1fecf85e12.png"",""modelVersion"":null,""seed"":null}","""Generated original preserved. Exact canvas registration and downsample. Opaque flat reading fields normalized to pilot palette; generated edge and corner ink retained. Texture contrast compressed and opposing terminal pixels matched; dark texture palette corrected. Toast source cropped to actual bordered rectangle. Objective variants share registered geometry.""","{""left"":12,""top"":12,""right"":12,""bottom"":12,""sourceScale"":2,""renderCapScale"":0.5}","null","{""text"":""none"",""numbers"":""none"",""barInterior"":""none"",""center"":""flat opaque"",""limitations"":""""}"
"ui/frame_modal","candidate","assets/ui/frame_modal.png","256","256","light parchment modal square single fine brown border tiny dot corners; blank flat light center","c130f73d27b73e6974bdd3f4ec8bae31b8f7e00b20a4595b715c58d3cbec4261","{""tool"":""image_gen.imagegen"",""prompt"":""Edit the attached approved medieval game UI pilot into one production candidate asset. light parchment modal square single fine brown border tiny dot corners; blank flat light center. Direction: 80% functionality 20% historical ornament. Warm muted parchment/oak palette. Much more restrained corners than reference: single line and at most one dot, no filigree, no leaves. Central reading area uniform and clean. Keep thin hand-painted ink feeling, no photorealism. No letters, no numbers, no text, no bar fill, no focus ring. Deliver ONE isolated asset, full canvas aspect 256:256, straight-on UI texture not perspective, no presentation board. Output intended 256x256. Edge details must be confined to 32px native edge strip; center must be almost flat. Panel fills whole canvas edge to edge, no exterior background or shadow."",""references"":[""references/astra-ui-p0-reference-files/pilot_assets/frame_panel_light.png""],""raw"":""sources/frames/frame_modal-raw.png"",""rawOriginalPath"":""/Users/rexxa/Library/Application Support/orca/codex-accounts/54be5844-95fd-4c46-925c-75327ccd186a/home/generated_images/01a0d891-c550-7570-b4ac-306c284a3494/exec-b4b41013-1727-446f-92c9-64fb3f6a0290.png"",""modelVersion"":null,""seed"":null}","""Generated original preserved. Exact canvas registration and downsample. Opaque flat reading fields normalized to pilot palette; generated edge and corner ink retained. Texture contrast compressed and opposing terminal pixels matched; dark texture palette corrected. Toast source cropped to actual bordered rectangle. Objective variants share registered geometry.""","{""left"":32,""top"":32,""right"":32,""bottom"":32,""sourceScale"":2,""renderCapScale"":0.5}","null","{""text"":""none"",""numbers"":""none"",""barInterior"":""none"",""center"":""flat opaque"",""limitations"":""""}"
"ui/button_primary_base","candidate","assets/ui/button_primary_base.png","128","72","rectangular warm parchment primary button with fine darker ink edge, removecornerflourishes, one dot eachcorner; entirelyblank","2c7d8812bb3e9d42535c99cf48972f06cef788a251785e0dcd89c7e725456969","{""tool"":""image_gen.imagegen"",""prompt"":""Edit the attached approved medieval game UI pilot into one production candidate asset. rectangular warm parchment primary button with fine darker ink edge, removecornerflourishes, one dot eachcorner; entirelyblank. Direction: 80% functionality 20% historical ornament. Warm muted parchment/oak palette. Much more restrained corners than reference: single line and at most one dot, no filigree, no leaves. Central reading area uniform and clean. Keep thin hand-painted ink feeling, no photorealism. No letters, no numbers, no text, no bar fill, no focus ring. Deliver ONE isolated asset, full canvas aspect 128:72, straight-on UI texture not perspective, no presentation board. Output intended 128x72. Edge details must be confined to 12px native edge strip; center must be almost flat. Panel fills whole canvas edge to edge, no exterior background or shadow."",""references"":[""references/astra-ui-p0-reference-files/pilot_assets/button_primary_base.png""],""raw"":""sources/frames/button_primary_base-raw.png"",""rawOriginalPath"":""/Users/rexxa/Library/Application Support/orca/codex-accounts/54be5844-95fd-4c46-925c-75327ccd186a/home/generated_images/01a0d891-c550-7570-b4ac-306c284a3494/exec-fbd25c1b-c657-44ef-ba0e-13c157864b06.png"",""modelVersion"":null,""seed"":null}","""Generated original preserved. Exact canvas registration and downsample. Opaque flat reading fields normalized to pilot palette; generated edge and corner ink retained. Texture contrast compressed and opposing terminal pixels matched; dark texture palette corrected. Toast source cropped to actual bordered rectangle. Objective variants share registered geometry.""","{""left"":12,""top"":12,""right"":12,""bottom"":12,""sourceScale"":2,""renderCapScale"":0.5}","null","{""text"":""none"",""numbers"":""none"",""barInterior"":""none"",""center"":""flat opaque"",""limitations"":""""}"
"ui/button_secondary_base","candidate","assets/ui/button_secondary_base.png","128","72","rectangular quiet desaturated lighter parchment secondary button fine muted edge, no curls only tinycornerdots; entirelyblank","566f2cd218bfcc7ba218a747f1fc03f580bb4884b20cb084898d5899af5427dc","{""tool"":""image_gen.imagegen"",""prompt"":""Edit the attached approved medieval game UI pilot into one production candidate asset. rectangular quiet desaturated lighter parchment secondary button fine muted edge, no curls only tinycornerdots; entirelyblank. Direction: 80% functionality 20% historical ornament. Warm muted parchment/oak palette. Much more restrained corners than reference: single line and at most one dot, no filigree, no leaves. Central reading area uniform and clean. Keep thin hand-painted ink feeling, no photorealism. No letters, no numbers, no text, no bar fill, no focus ring. Deliver ONE isolated asset, full canvas aspect 128:72, straight-on UI texture not perspective, no presentation board. Output intended 128x72. Edge details must be confined to 12px native edge strip; center must be almost flat. Panel fills whole canvas edge to edge, no exterior background or shadow."",""references"":[""references/astra-ui-p0-reference-files/pilot_assets/button_primary_base.png""],""raw"":""sources/frames/button_secondary_base-raw.png"",""rawOriginalPath"":""/Users/rexxa/Library/Application Support/orca/codex-accounts/54be5844-95fd-4c46-925c-75327ccd186a/home/generated_images/01a0d891-c550-7570-b4ac-306c284a3494/exec-c12216ce-ca32-452d-baff-909c67b52d40.png"",""modelVersion"":null,""seed"":null}","""Generated original preserved. Exact canvas registration and downsample. Opaque flat reading fields normalized to pilot palette; generated edge and corner ink retained. Texture contrast compressed and opposing terminal pixels matched; dark texture palette corrected. Toast source cropped to actual bordered rectangle. Objective variants share registered geometry.""","{""left"":12,""top"":12,""right"":12,""bottom"":12,""sourceScale"":2,""renderCapScale"":0.5}","null","{""text"":""none"",""numbers"":""none"",""barInterior"":""none"",""center"":""flat opaque"",""limitations"":""""}"
"ui/button_icon_square_base","candidate","assets/ui/button_icon_square_base.png","72","72","square parchment button fine ink edge and tinycornerdots, entirely blank no icon","c0aec66ee81b0c9d979d964a35080339dd88a56cb86bd2a47005fa6ffb8bc1b1","{""tool"":""image_gen.imagegen"",""prompt"":""Edit the attached approved medieval game UI pilot into one production candidate asset. square parchment button fine ink edge and tinycornerdots, entirely blank no icon. Direction: 80% functionality 20% historical ornament. Warm muted parchment/oak palette. Much more restrained corners than reference: single line and at most one dot, no filigree, no leaves. Central reading area uniform and clean. Keep thin hand-painted ink feeling, no photorealism. No letters, no numbers, no text, no bar fill, no focus ring. Deliver ONE isolated asset, full canvas aspect 72:72, straight-on UI texture not perspective, no presentation board. Output intended 72x72. Edge details must be confined to 10px native edge strip; center must be almost flat. Panel fills whole canvas edge to edge, no exterior background or shadow."",""references"":[""references/astra-ui-p0-reference-files/pilot_assets/button_primary_base.png""],""raw"":""sources/frames/button_icon_square_base-raw.png"",""rawOriginalPath"":""/Users/rexxa/Library/Application Support/orca/codex-accounts/54be5844-95fd-4c46-925c-75327ccd186a/home/generated_images/01a0d891-c550-7570-b4ac-306c284a3494/exec-ae8bae2a-37b9-4f0f-a811-9c65419f750f.png"",""modelVersion"":null,""seed"":null}","""Generated original preserved. Exact canvas registration and downsample. Opaque flat reading fields normalized to pilot palette; generated edge and corner ink retained. Texture contrast compressed and opposing terminal pixels matched; dark texture palette corrected. Toast source cropped to actual bordered rectangle. Objective variants share registered geometry.""","{""left"":10,""top"":10,""right"":10,""bottom"":10,""sourceScale"":2,""renderCapScale"":0.5}","null","{""text"":""none"",""numbers"":""none"",""barInterior"":""none"",""center"":""flat opaque"",""limitations"":""""}"
"ui/tab_build_base","candidate","assets/ui/tab_build_base.png","144","72","rectangular oak build tab base, single subtle ochreedge, no selectedhighlight no text no icon","f41a9c98cc621a9e7d6680557d5c6d9d69595083faa47818670468013f1dbe7b","{""tool"":""image_gen.imagegen"",""prompt"":""Edit the attached approved medieval game UI pilot into one production candidate asset. rectangular oak build tab base, single subtle ochreedge, no selectedhighlight no text no icon. Direction: 80% functionality 20% historical ornament. Warm muted parchment/oak palette. Much more restrained corners than reference: single line and at most one dot, no filigree, no leaves. Central reading area uniform and clean. Keep thin hand-painted ink feeling, no photorealism. No letters, no numbers, no text, no bar fill, no focus ring. Deliver ONE isolated asset, full canvas aspect 144:72, straight-on UI texture not perspective, no presentation board. Output intended 144x72. Edge details must be confined to 12px native edge strip; center must be almost flat. Panel fills whole canvas edge to edge, no exterior background or shadow."",""references"":[""references/astra-ui-p0-reference-files/pilot_assets/frame_panel_dark.png""],""raw"":""sources/frames/tab_build_base-raw.png"",""rawOriginalPath"":""/Users/rexxa/Library/Application Support/orca/codex-accounts/54be5844-95fd-4c46-925c-75327ccd186a/home/generated_images/01a0d891-c550-7570-b4ac-306c284a3494/exec-2348ad0a-a31a-407e-b03d-eb4fbe73e2c4.png"",""modelVersion"":null,""seed"":null}","""Generated original preserved. Exact canvas registration and downsample. Opaque flat reading fields normalized to pilot palette; generated edge and corner ink retained. Texture contrast compressed and opposing terminal pixels matched; dark texture palette corrected. Toast source cropped to actual bordered rectangle. Objective variants share registered geometry.""","{""left"":12,""top"":12,""right"":12,""bottom"":12,""sourceScale"":2,""renderCapScale"":0.5}","null","{""text"":""none"",""numbers"":""none"",""barInterior"":""none"",""center"":""flat opaque"",""limitations"":""""}"
"ui/chip_condition_base","candidate","assets/ui/chip_condition_base.png","144","48","simple rectangular light parchment condition chip, very fine quiet edge, no symbol no words","b2acf62a3cf705e29c3f02b814823b493e5525e7c05dd2811dd4e2379a5ad41e","{""tool"":""image_gen.imagegen"",""prompt"":""Edit the attached approved medieval game UI pilot into one production candidate asset. simple rectangular light parchment condition chip, very fine quiet edge, no symbol no words. Direction: 80% functionality 20% historical ornament. Warm muted parchment/oak palette. Much more restrained corners than reference: single line and at most one dot, no filigree, no leaves. Central reading area uniform and clean. Keep thin hand-painted ink feeling, no photorealism. No letters, no numbers, no text, no bar fill, no focus ring. Deliver ONE isolated asset, full canvas aspect 144:48, straight-on UI texture not perspective, no presentation board. Output intended 144x48. Edge details must be confined to 8px native edge strip; center must be almost flat. Panel fills whole canvas edge to edge, no exterior background or shadow."",""references"":[""references/astra-ui-p0-reference-files/pilot_assets/button_primary_base.png""],""raw"":""sources/frames/chip_condition_base-raw.png"",""rawOriginalPath"":""/Users/rexxa/Library/Application Support/orca/codex-accounts/54be5844-95fd-4c46-925c-75327ccd186a/home/generated_images/01a0d891-c550-7570-b4ac-306c284a3494/exec-3e535460-0620-4d03-9eb8-5146352b4a5c.png"",""modelVersion"":null,""seed"":null}","""Generated original preserved. Exact canvas registration and downsample. Opaque flat reading fields normalized to pilot palette; generated edge and corner ink retained. Texture contrast compressed and opposing terminal pixels matched; dark texture palette corrected. Toast source cropped to actual bordered rectangle. Objective variants share registered geometry.""","{""left"":8,""top"":8,""right"":8,""bottom"":8,""sourceScale"":2,""renderCapScale"":0.5}","null","{""text"":""none"",""numbers"":""none"",""barInterior"":""none"",""center"":""flat opaque"",""limitations"":""""}"
"ui/texture_vellum_light","candidate","assets/ui/texture_vellum_light.png","256","256","seamless XY tile of extremely faint lowfrequency light parchment, NO edges NO frame NOornaments; very flat lowcontrastcenter","f4b207a8070c397f6406985c9ebece9d94e189040795acaaa5a2f08b7fd0f1b5","{""tool"":""image_gen.imagegen"",""prompt"":""Edit the attached approved medieval game UI pilot into one production candidate asset. seamless XY tile of extremely faint lowfrequency light parchment, NO edges NO frame NOornaments; very flat lowcontrastcenter. Direction: 80% functionality 20% historical ornament. Warm muted parchment/oak palette. Much more restrained corners than reference: single line and at most one dot, no filigree, no leaves. Central reading area uniform and clean. Keep thin hand-painted ink feeling, no photorealism. No letters, no numbers, no text, no bar fill, no focus ring. Deliver ONE isolated asset, full canvas aspect 256:256, straight-on UI texture not perspective, no presentation board. Output intended 256x256. Edge details must be confined to 8px native edge strip; center must be almost flat. Tile must be seamless."",""references"":[""references/astra-ui-p0-reference-files/pilot_assets/texture_vellum_light.png""],""raw"":""sources/frames/texture_vellum_light-raw.png"",""rawOriginalPath"":""/Users/rexxa/Library/Application Support/orca/codex-accounts/54be5844-95fd-4c46-925c-75327ccd186a/home/generated_images/01a0d891-c550-7570-b4ac-306c284a3494/exec-4c38952e-3add-4259-941b-de1bb43347b4.png"",""modelVersion"":null,""seed"":null}","""Generated original preserved. Exact canvas registration and downsample. Opaque flat reading fields normalized to pilot palette; generated edge and corner ink retained. Texture contrast compressed and opposing terminal pixels matched; dark texture palette corrected. Toast source cropped to actual bordered rectangle. Objective variants share registered geometry.""","{}","null","{""text"":""none"",""numbers"":""none"",""barInterior"":""none"",""center"":""not applicable"",""limitations"":""Terminal pixel equality tested; runtime tiling not tested.""}"
"ui/texture_vellum_dark","candidate","assets/ui/texture_vellum_dark.png","256","256","seamless XY tile of extremely faint lowfrequency dark oak vellum, NO edges NO frame NOornaments; very flatlowcontrast","f3543728fe82ccafd15a8113486c0757b258b4a8ddd4e2d17b1207eaba53f722","{""tool"":""image_gen.imagegen"",""prompt"":""Edit the attached approved medieval game UI pilot into one production candidate asset. seamless XY tile of extremely faint lowfrequency dark oak vellum, NO edges NO frame NOornaments; very flatlowcontrast. Direction: 80% functionality 20% historical ornament. Warm muted parchment/oak palette. Much more restrained corners than reference: single line and at most one dot, no filigree, no leaves. Central reading area uniform and clean. Keep thin hand-painted ink feeling, no photorealism. No letters, no numbers, no text, no bar fill, no focus ring. Deliver ONE isolated asset, full canvas aspect 256:256, straight-on UI texture not perspective, no presentation board. Output intended 256x256. Edge details must be confined to 8px native edge strip; center must be almost flat. Tile must be seamless."",""references"":[""references/astra-ui-p0-reference-files/pilot_assets/texture_vellum_light.png""],""raw"":""sources/frames/texture_vellum_dark-raw.png"",""rawOriginalPath"":""/Users/rexxa/Library/Application Support/orca/codex-accounts/54be5844-95fd-4c46-925c-75327ccd186a/home/generated_images/01a0d891-c550-7570-b4ac-306c284a3494/exec-7ef1e9c4-5990-4476-844d-1b00e3c77a7d.png"",""modelVersion"":null,""seed"":null}","""Generated original preserved. Exact canvas registration and downsample. Opaque flat reading fields normalized to pilot palette; generated edge and corner ink retained. Texture contrast compressed and opposing terminal pixels matched; dark texture palette corrected. Toast source cropped to actual bordered rectangle. Objective variants share registered geometry.""","{}","null","{""text"":""none"",""numbers"":""none"",""barInterior"":""none"",""center"":""not applicable"",""limitations"":""Terminal pixel equality tested; runtime tiling not tested.""}"
"ui/divider_manuscript_light","candidate","assets/ui/divider_manuscript_light.png","128","16","transparent background horizontal single thin dark brown manuscript rule centeredvertically spanningfullwidth, tiny ink dot in center, repeatable horizontally; no curls","cd94f8ae3c8ef669f645035b6130395e4e17da7d45e48b1f021c7fc5ad99c195","{""tool"":""image_gen.imagegen"",""prompt"":""Edit the attached approved medieval game UI pilot into one production candidate asset. transparent background horizontal single thin dark brown manuscript rule centeredvertically spanningfullwidth, tiny ink dot in center, repeatable horizontally; no curls. Direction: 80% functionality 20% historical ornament. Warm muted parchment/oak palette. Much more restrained corners than reference: single line and at most one dot, no filigree, no leaves. Central reading area uniform and clean. Keep thin hand-painted ink feeling, no photorealism. No letters, no numbers, no text, no bar fill, no focus ring. Deliver ONE isolated asset, full canvas aspect 128:16, straight-on UI texture not perspective, no presentation board. Output intended 128x16. Edge details must be confined to 8px native edge strip; center must be almost flat. Actual transparent RGBA background."",""references"":[""references/astra-ui-p0-reference-files/pilot_assets/frame_panel_light.png""],""raw"":""sources/frames/divider_manuscript_light-raw.png"",""rawOriginalPath"":""/Users/rexxa/Library/Application Support/orca/codex-accounts/54be5844-95fd-4c46-925c-75327ccd186a/home/generated_images/01a0d891-c550-7570-b4ac-306c284a3494/exec-f3cd2b89-f4de-4546-ac79-3d5d33249174.png"",""modelVersion"":null,""seed"":null}","""Generated original preserved. Exact canvas registration and downsample. Opaque flat reading fields normalized to pilot palette; generated edge and corner ink retained. Texture contrast compressed and opposing terminal pixels matched; dark texture palette corrected. Toast source cropped to actual bordered rectangle. Objective variants share registered geometry.""","{}","null","{""text"":""none"",""numbers"":""none"",""barInterior"":""none"",""center"":""not applicable"",""limitations"":""""}"
"ui/divider_manuscript_dark","candidate","assets/ui/divider_manuscript_dark.png","128","16","transparent background horizontal single thin muted tan manuscript rule centeredvertically spanningfullwidth, tiny dot atcenter, repeatable horizontally; no curls","e8f3c6d86eb1bef5f2fb91e292ba3156afd43053707005e8bcd9bbe2fcee51ad","{""tool"":""image_gen.imagegen"",""prompt"":""Edit the attached approved medieval game UI pilot into one production candidate asset. transparent background horizontal single thin muted tan manuscript rule centeredvertically spanningfullwidth, tiny dot atcenter, repeatable horizontally; no curls. Direction: 80% functionality 20% historical ornament. Warm muted parchment/oak palette. Much more restrained corners than reference: single line and at most one dot, no filigree, no leaves. Central reading area uniform and clean. Keep thin hand-painted ink feeling, no photorealism. No letters, no numbers, no text, no bar fill, no focus ring. Deliver ONE isolated asset, full canvas aspect 128:16, straight-on UI texture not perspective, no presentation board. Output intended 128x16. Edge details must be confined to 8px native edge strip; center must be almost flat. Actual transparent RGBA background."",""references"":[""references/astra-ui-p0-reference-files/pilot_assets/frame_panel_dark.png""],""raw"":""sources/frames/divider_manuscript_dark-raw.png"",""rawOriginalPath"":""/Users/rexxa/Library/Application Support/orca/codex-accounts/54be5844-95fd-4c46-925c-75327ccd186a/home/generated_images/01a0d891-c550-7570-b4ac-306c284a3494/exec-97a9dba5-b1fa-41c5-babc-216ab24a907f.png"",""modelVersion"":null,""seed"":null}","""Generated original preserved. Exact canvas registration and downsample. Opaque flat reading fields normalized to pilot palette; generated edge and corner ink retained. Texture contrast compressed and opposing terminal pixels matched; dark texture palette corrected. Toast source cropped to actual bordered rectangle. Objective variants share registered geometry.""","{}","null","{""text"":""none"",""numbers"":""none"",""barInterior"":""none"",""center"":""not applicable"",""limitations"":""""}"
"ui/banner_unlock","candidate","assets/ui/banner_unlock.png","800","128","wide horizontal light parchment announcement banner, simple thin ink rectangular border, small understated mutedred seal at farleft within48pixel final800canvas; nolettering nofolds","e933b1d96eff24b5820ddca6b9f9e9976cdfaaad8a87f361fdd807f271d7a975","{""tool"":""image_gen.imagegen"",""prompt"":""Edit the attached approved medieval game UI pilot into one production candidate asset. wide horizontal light parchment announcement banner, simple thin ink rectangular border, small understated mutedred seal at farleft within48pixel final800canvas; nolettering nofolds. Direction: 80% functionality 20% historical ornament. Warm muted parchment/oak palette. Much more restrained corners than reference: single line and at most one dot, no filigree, no leaves. Central reading area uniform and clean. Keep thin hand-painted ink feeling, no photorealism. No letters, no numbers, no text, no bar fill, no focus ring. Deliver ONE isolated asset, full canvas aspect 800:128, straight-on UI texture not perspective, no presentation board. Output intended 800x128. Edge details must be confined to 48px native edge strip; center must be almost flat. Panel fills whole canvas edge to edge, no exterior background or shadow."",""references"":[""references/astra-ui-p0-reference-files/pilot_assets/frame_objective.png""],""raw"":""sources/frames/banner_unlock-raw.png"",""rawOriginalPath"":""/Users/rexxa/Library/Application Support/orca/codex-accounts/54be5844-95fd-4c46-925c-75327ccd186a/home/generated_images/01a0d891-c550-7570-b4ac-306c284a3494/exec-974e7e8e-4168-4b46-8158-56eb21f1cc15.png"",""modelVersion"":null,""seed"":null}","""Generated original preserved. Exact canvas registration and downsample. Opaque flat reading fields normalized to pilot palette; generated edge and corner ink retained. Texture contrast compressed and opposing terminal pixels matched; dark texture palette corrected. Toast source cropped to actual bordered rectangle. Objective variants share registered geometry.""","{""left"":48,""top"":48,""right"":48,""bottom"":48,""sourceScale"":2,""renderCapScale"":0.5}","null","{""text"":""none"",""numbers"":""none"",""barInterior"":""none"",""center"":""flat opaque"",""limitations"":""""}"
"ui/toast_small","candidate","assets/ui/toast_small.png","640","96","wide horizontal light parchment toast notification rectangle, single quiet browninkborder, tinycornerdots; completely blank noicons","9f5b558aacbf3b311df2a0ad3edf54f34c99c31adde3be0fcc01accb5246566c","{""tool"":""image_gen.imagegen"",""prompt"":""Edit the attached approved medieval game UI pilot into one production candidate asset. wide horizontal light parchment toast notification rectangle, single quiet browninkborder, tinycornerdots; completely blank noicons. Direction: 80% functionality 20% historical ornament. Warm muted parchment/oak palette. Much more restrained corners than reference: single line and at most one dot, no filigree, no leaves. Central reading area uniform and clean. Keep thin hand-painted ink feeling, no photorealism. No letters, no numbers, no text, no bar fill, no focus ring. Deliver ONE isolated asset, full canvas aspect 640:96, straight-on UI texture not perspective, no presentation board. Output intended 640x96. Edge details must be confined to 24px native edge strip; center must be almost flat. Panel fills whole canvas edge to edge, no exterior background or shadow."",""references"":[""references/astra-ui-p0-reference-files/pilot_assets/frame_panel_light.png""],""raw"":""sources/frames/toast_small-raw.png"",""rawOriginalPath"":""/Users/rexxa/Library/Application Support/orca/codex-accounts/54be5844-95fd-4c46-925c-75327ccd186a/home/generated_images/01a0d891-c550-7570-b4ac-306c284a3494/exec-e94c1215-6e5d-4313-87f4-a9c03ad1b0c2.png"",""modelVersion"":null,""seed"":null}","""Generated original preserved. Exact canvas registration and downsample. Opaque flat reading fields normalized to pilot palette; generated edge and corner ink retained. Texture contrast compressed and opposing terminal pixels matched; dark texture palette corrected. Toast source cropped to actual bordered rectangle. Objective variants share registered geometry.""","{""left"":24,""top"":24,""right"":24,""bottom"":24,""sourceScale"":2,""renderCapScale"":0.5}","null","{""text"":""none"",""numbers"":""none"",""barInterior"":""none"",""center"":""flat opaque"",""limitations"":""""}"
"ui/icon_resource_sheet","candidate","assets/ui/icon_resource_sheet.png","864","96","icon sheet","915ff4df0d78b1a70bb458accbd1ba3cd3f9f2c6375512e3f9590907b149e716","[{""prompt"":""Create one transparent PNG UI icon sprite sheet for a medieval southern England city builder. Exactly 9 separate icons in ONE horizontal row, equal square cells, generous transparent gaps, each centered in its cell, no panels or background. Ordered left to right: three villagers; bread loaf; timber logs; stone blocks; dull ochre coins; spring budding branch; summer sun; autumn fallen oak leaf; winter snowflake. Reference 1 is the approved UI pilot style, reference 2 is the world art palette. Required adjustment relative to pilot: much thinner softer brown outlines, reduced saturation, matte hand-painted earth pigment, restrained shading, NOT glossy mobile-game vector badges. Bread is muted oak tan not orange, coins dull ochre not bright yellow or gold. Warm gray stone, faded brown wood, parchment offwhite. Status muted moss/ochre/red allowed. Strong distinct silhouette survives 24 pixels; simplify tiny details. No letters, no digits, no words, no calendar grids, no labels, no drop shadow halos. Actual transparent alpha background. Each icon occupies about 75% of its own cell; all icons fully visible."",""referencePaths"":[""/Users/rexxa/github/feudal-lord-simulator/output/astra-ui-p0-candidates-v1/references/astra-ui-p0-reference-files/pilot_assets/icon_resource_sheet.png"",""/Users/rexxa/github/feudal-lord-simulator/output/astra-ui-p0-candidates-v1/references/astra-ui-p0-reference-files/세계_화풍_건물.png""],""rawPath"":""sources/icons/icon_resource_sheet-raw.png"",""tool"":""image_gen.imagegen"",""modelVersion"":null,""seed"":null},{""prompt"":""Edit this exact 9-icon resource sheet. Preserve all nine icons and order, spacing, sizes, transparent background and thin soft outlines. Change ONLY the spring twig icon in slot6: replace olive green leaves with warm taupe-brown unopened buds and parchment-white blossom buds. No green or blue. All other icons unchanged, especially four seasons as twig/sun/leaf/snowflake. Matte lower-chroma palette, no glossy gold and no modern calendar. No letters or numbers."",""referencePaths"":[""sources/icons/icon_resource_sheet-edit-input.png""],""rawPath"":""sources/icons/icon_resource_sheet-edit-raw.png"",""tool"":""image_gen.imagegen"",""modelVersion"":null,""seed"":null}]","""Visually audited source-column boundaries then per-cell alpha bbox crop and proportional downsample to 96px or 64px; preserve generated alpha; road/field isolated from tiny adjacent-cell components (<1.5% largest area); no painting or recoloring""","{""cellSize"":96,""cellOrder"":[""three villagers"",""bread loaf"",""timber logs"",""stone blocks"",""dull ochre coins"",""spring budding branch"",""summer sun"",""autumn fallen oak leaf"",""winter snowflake""]}","null","{""status"":""candidate"",""registration"":[{""source"":[14,283,214,169],""destination"":[6,14.831775700934578,84,66.33644859813084]},{""source"":[257,279,211,176],""destination"":[102,12.96682464454976,84,70.06635071090048]},{""source"":[496,278,214,179],""destination"":[198,12.86915887850467,84,70.26168224299066]},{""source"":[738,277,211,182],""destination"":[294,11.772511848341232,84,72.45497630331754]},{""source"":[979,271,212,194],""destination"":[390,9.566037735849058,84,76.86792452830188]},{""source"":[1221,264,205,206],""destination"":[486.20388349514565,6,83.59223300970874,84]},{""source"":[1466,263,204,213],""destination"":[583.7746478873239,6,80.45070422535211,84]},{""source"":[1736,260,147,216],""destination"":[691.4166666666666,6,57.166666666666664,84]},{""source"":[1960,264,181,210],""destination"":[779.8,6,72.4,84]}]}"
"ui/icon_build_category_sheet","candidate","assets/ui/icon_build_category_sheet.png","576","96","icon sheet","b8a169bf132c9872ff495b74f36181caaddca436543b57e5ec25e3fb5a4cd958","[{""prompt"":""Create one transparent PNG UI icon sprite sheet for a medieval southern England city builder. Exactly 6 separate icons in ONE horizontal row, equal square cells, generous transparent gaps, each centered in its cell, no panels or background. Ordered left to right: small house and well; earthen road; field with sickle; sack beside warehouse; chapel; wooden palisade. Reference 1 is the approved UI pilot style, reference 2 is the world art palette. Required adjustment relative to pilot: much thinner softer brown outlines, reduced saturation, matte hand-painted earth pigment, restrained shading, NOT glossy mobile-game vector badges. Bread is muted oak tan not orange, coins dull ochre not bright yellow or gold. Warm gray stone, faded brown wood, parchment offwhite. Status muted moss/ochre/red allowed. Strong distinct silhouette survives 24 pixels; simplify tiny details. No letters, no digits, no words, no calendar grids, no labels, no drop shadow halos. Actual transparent alpha background. Each icon occupies about 75% of its own cell; all icons fully visible."",""referencePaths"":[""/Users/rexxa/github/feudal-lord-simulator/output/astra-ui-p0-candidates-v1/references/astra-ui-p0-reference-files/pilot_assets/icon_resource_sheet.png"",""/Users/rexxa/github/feudal-lord-simulator/output/astra-ui-p0-candidates-v1/references/astra-ui-p0-reference-files/세계_화풍_건물.png""],""rawPath"":""sources/icons/icon_build_category_sheet-raw.png"",""tool"":""image_gen.imagegen"",""modelVersion"":null,""seed"":null},{""prompt"":""Edit this exact icon sheet, preserving icon count, order, silhouettes, thin soft outlines, transparent background and same framing. Only replace every green grassy base and every green plant/leaf patch with warm grey-brown, ochre-taupe earth tones. No green or blue anywhere in this non-status sheet. The cultivated field still has visible crop rows, now muted brown-ochre. No saturation increase. No gold gloss. No text or digits. Remove any tiny stray fragment outside the separate icons. Keep all icons separated by generous clear transparent gaps. Do not add or remove any icon."",""referencePaths"":[""sources/icons/icon_build_category_sheet-edit-input.png""],""rawPath"":""sources/icons/icon_build_category_sheet-edit-raw.png"",""tool"":""image_gen.imagegen"",""modelVersion"":null,""seed"":null}]","""Visually audited source-column boundaries then per-cell alpha bbox crop and proportional downsample to 96px or 64px; preserve generated alpha; road/field isolated from tiny adjacent-cell components (<1.5% largest area); no painting or recoloring""","{""cellSize"":96,""cellOrder"":[""small house and well"",""earthen road"",""field with sickle"",""sack beside warehouse"",""chapel"",""wooden palisade""]}","null","{""status"":""candidate"",""registration"":[{""source"":[23,234,315,260],""destination"":[6,13.333333333333336,84,69.33333333333333]},{""source"":[386,227,313,273],""destination"":[102,11.367412140575084,84,73.26517571884983]},{""source"":[744,242,320,242],""destination"":[198,16.237499999999997,84,63.525000000000006]},{""source"":[1107,229,318,269],""destination"":[294,12.471698113207545,84,71.05660377358491]},{""source"":[1482,207,287,317],""destination"":[393.97476340694004,6,76.05047318611987,84]},{""source"":[1827,241,318,247],""destination"":[486,15.377358490566039,84,65.24528301886792]}]}"
"ui/icon_layer_mode_sheet","candidate","assets/ui/icon_layer_mode_sheet.png","288","96","icon sheet","65b6285b0616f16940564c1d52e52ea5a9a035eac51c79a0f0a1f9ca4a4d03c5","[{""prompt"":""Create one transparent PNG UI icon sprite sheet for a medieval southern England city builder. Exactly 3 separate icons in ONE horizontal row, equal square cells, generous transparent gaps, each centered in its cell, no panels or background. Ordered left to right: hand holding hammer; paintbrush over patch of earth; rolled parchment with wax seal. Reference 1 is the approved UI pilot style, reference 2 is the world art palette. Required adjustment relative to pilot: much thinner softer brown outlines, reduced saturation, matte hand-painted earth pigment, restrained shading, NOT glossy mobile-game vector badges. Bread is muted oak tan not orange, coins dull ochre not bright yellow or gold. Warm gray stone, faded brown wood, parchment offwhite. Status muted moss/ochre/red allowed. Strong distinct silhouette survives 24 pixels; simplify tiny details. No letters, no digits, no words, no calendar grids, no labels, no drop shadow halos. Actual transparent alpha background. Each icon occupies about 75% of its own cell; all icons fully visible."",""referencePaths"":[""/Users/rexxa/github/feudal-lord-simulator/output/astra-ui-p0-candidates-v1/references/astra-ui-p0-reference-files/pilot_assets/icon_resource_sheet.png"",""/Users/rexxa/github/feudal-lord-simulator/output/astra-ui-p0-candidates-v1/references/astra-ui-p0-reference-files/세계_화풍_건물.png""],""rawPath"":""sources/icons/icon_layer_mode_sheet-raw.png"",""tool"":""image_gen.imagegen"",""modelVersion"":null,""seed"":null},{""prompt"":""Edit this exact icon sheet, preserving icon count, order, silhouettes, thin soft outlines, transparent background and same framing. Only replace every green grassy base and every green plant/leaf patch with warm grey-brown, ochre-taupe earth tones. No green or blue anywhere in this non-status sheet. The cultivated field still has visible crop rows, now muted brown-ochre. No saturation increase. No gold gloss. No text or digits. Remove any tiny stray fragment outside the separate icons. Keep all icons separated by generous clear transparent gaps. Do not add or remove any icon."",""referencePaths"":[""sources/icons/icon_layer_mode_sheet-edit-input.png""],""rawPath"":""sources/icons/icon_layer_mode_sheet-edit-raw.png"",""tool"":""image_gen.imagegen"",""modelVersion"":null,""seed"":null}]","""Visually audited source-column boundaries then per-cell alpha bbox crop and proportional downsample to 96px or 64px; preserve generated alpha; road/field isolated from tiny adjacent-cell components (<1.5% largest area); no painting or recoloring""","{""cellSize"":96,""cellOrder"":[""hand holding hammer"",""paintbrush over patch of earth"",""rolled parchment with wax seal""]}","null","{""status"":""candidate"",""registration"":[{""source"":[57,42,630,647],""destination"":[7.103554868624421,6,81.79289026275116,84]},{""source"":[789,42,622,649],""destination"":[103.74730354391372,6,80.50539291217257,84]},{""source"":[1508,94,658,546],""destination"":[198,13.148936170212771,84,69.70212765957446]}]}"
"ui/icon_first_session_buildings_sheet","candidate","assets/ui/icon_first_session_buildings_sheet.png","1152","96","icon sheet","97371b6721e0587ecf980487b7acbbbaf95a0a7275df8dd5b5bf4b83d98f3134","[{""prompt"":""Create one transparent PNG UI icon sprite sheet for a medieval southern England city builder. Exactly 12 separate icons in ONE horizontal row, equal square cells, generous transparent gaps, each centered in its cell, no panels or background. Ordered left to right: thatched hut; well; road; cultivated field; barn; windmill; grain silo with grain sack; warehouse with crates; chapel; market awning; land allotment with two survey stakes; wooden palisade. Reference 1 is the approved UI pilot style, reference 2 is the world art palette. Required adjustment relative to pilot: much thinner softer brown outlines, reduced saturation, matte hand-painted earth pigment, restrained shading, NOT glossy mobile-game vector badges. Bread is muted oak tan not orange, coins dull ochre not bright yellow or gold. Warm gray stone, faded brown wood, parchment offwhite. Status muted moss/ochre/red allowed. Strong distinct silhouette survives 24 pixels; simplify tiny details. No letters, no digits, no words, no calendar grids, no labels, no drop shadow halos. Actual transparent alpha background. Each icon occupies about 75% of its own cell; all icons fully visible."",""referencePaths"":[""/Users/rexxa/github/feudal-lord-simulator/output/astra-ui-p0-candidates-v1/references/astra-ui-p0-reference-files/pilot_assets/icon_resource_sheet.png"",""/Users/rexxa/github/feudal-lord-simulator/output/astra-ui-p0-candidates-v1/references/astra-ui-p0-reference-files/세계_화풍_건물.png""],""rawPath"":""sources/icons/icon_first_session_buildings_sheet-raw.png"",""tool"":""image_gen.imagegen"",""modelVersion"":null,""seed"":null},{""prompt"":""Edit this exact icon sheet, preserving icon count, order, silhouettes, thin soft outlines, transparent background and same framing. Only replace every green grassy base and every green plant/leaf patch with warm grey-brown, ochre-taupe earth tones. No green or blue anywhere in this non-status sheet. The cultivated field still has visible crop rows, now muted brown-ochre. No saturation increase. No gold gloss. No text or digits. Remove any tiny stray fragment outside the separate icons. Keep all icons separated by generous clear transparent gaps. Do not add or remove any icon."",""referencePaths"":[""sources/icons/icon_first_session_buildings_sheet-edit-input.png""],""rawPath"":""sources/icons/icon_first_session_buildings_sheet-edit-raw.png"",""tool"":""image_gen.imagegen"",""modelVersion"":null,""seed"":null}]","""Visually audited source-column boundaries then per-cell alpha bbox crop and proportional downsample to 96px or 64px; preserve generated alpha; road/field isolated from tiny adjacent-cell components (<1.5% largest area); no painting or recoloring""","{""cellSize"":96,""cellOrder"":[""thatched hut"",""well"",""road"",""cultivated field"",""barn"",""windmill"",""grain silo with grain sack"",""warehouse with crates"",""chapel"",""market awning"",""land allotment with two survey stakes"",""wooden palisade""]}","null","{""status"":""candidate"",""registration"":[{""source"":[14,285,154,159],""destination"":[7.320754716981135,6,81.35849056603773,84]},{""source"":[215,284,117,159],""destination"":[113.09433962264151,6,61.81132075471698,84]},{""source"":[376,305,157,119],""destination"":[198,16.1656050955414,84,63.6687898089172]},{""source"":[556,305,160,121],""destination"":[294,16.237499999999997,84,63.525000000000006]},{""source"":[741,284,160,161],""destination"":[390.2608695652174,6,83.47826086956522,84]},{""source"":[945,284,117,160],""destination"":[497.2875,6,61.425000000000004,84]},{""source"":[1126,283,117,161],""destination"":[593.4782608695652,6,61.04347826086956,84]},{""source"":[1296,285,144,159],""destination"":[681.9622641509434,6,76.0754716981132,84]},{""source"":[1498,285,105,160],""destination"":[788.4375,6,55.125,84]},{""source"":[1659,285,147,159],""destination"":[873.1698113207547,6,77.66037735849056,84]},{""source"":[1835,303,156,126],""destination"":[966,14.07692307692308,84,67.84615384615384]},{""source"":[1991,285,181,158],""destination"":[1062,11.33701657458564,84,73.32596685082872]}]}"
"ui/icon_prediction_sheet","candidate","assets/ui/icon_prediction_sheet.png","384","96","icon sheet","ca42d8f2c821a5699892abdec042748084ced7fb5791bbd9788a4b0efb671a6a","[{""prompt"":""Create one transparent PNG UI icon sprite sheet for a medieval southern England city builder. Exactly 4 separate icons in ONE horizontal row, equal square cells, generous transparent gaps, each centered in its cell, no panels or background. Ordered left to right: speech bubble containing three dots; checkmark; warning diamond with central dot; cross X. Reference 1 is the approved UI pilot style, reference 2 is the world art palette. Required adjustment relative to pilot: much thinner softer brown outlines, reduced saturation, matte hand-painted earth pigment, restrained shading, NOT glossy mobile-game vector badges. Bread is muted oak tan not orange, coins dull ochre not bright yellow or gold. Warm gray stone, faded brown wood, parchment offwhite. Status muted moss/ochre/red allowed. Strong distinct silhouette survives 24 pixels; simplify tiny details. No letters, no digits, no words, no calendar grids, no labels, no drop shadow halos. Actual transparent alpha background. Each icon occupies about 75% of its own cell; all icons fully visible."",""referencePaths"":[""/Users/rexxa/github/feudal-lord-simulator/output/astra-ui-p0-candidates-v1/references/astra-ui-p0-reference-files/pilot_assets/icon_resource_sheet.png"",""/Users/rexxa/github/feudal-lord-simulator/output/astra-ui-p0-candidates-v1/references/astra-ui-p0-reference-files/세계_화풍_건물.png""],""rawPath"":""sources/icons/icon_prediction_sheet-raw.png"",""tool"":""image_gen.imagegen"",""modelVersion"":null,""seed"":null}]","""Visually audited source-column boundaries then per-cell alpha bbox crop and proportional downsample to 96px or 64px; preserve generated alpha; road/field isolated from tiny adjacent-cell components (<1.5% largest area); no painting or recoloring""","{""cellSize"":96,""cellOrder"":[""speech bubble containing three dots"",""checkmark"",""warning diamond with central dot"",""cross X""]}","null","{""status"":""candidate"",""registration"":[{""source"":[111,202,369,321],""destination"":[6,11.463414634146346,84,73.07317073170731]},{""source"":[633,204,381,318],""destination"":[102,12.944881889763778,84,70.11023622047244]},{""source"":[1160,171,369,368],""destination"":[198,6.113821138211385,84,83.77235772357723]},{""source"":[1700,196,348,338],""destination"":[294,7.206896551724135,84,81.58620689655173]}]}"
"ui/icon_cause_family_sheet","candidate","assets/ui/icon_cause_family_sheet.png","672","96","icon sheet","1ab10b5c682631ea46af77650625d7112226acbd35da30f6cc31a350df0eaec6","[{""prompt"":""Create one transparent PNG UI icon sprite sheet for a medieval southern England city builder. Exactly 7 separate icons in ONE horizontal row, equal square cells, generous transparent gaps, each centered in its cell, no panels or background. Ordered left to right: water droplet; bread loaf; road junction; hand holding tool; storage crate; protective shield; sealed parchment. Reference 1 is the approved UI pilot style, reference 2 is the world art palette. Required adjustment relative to pilot: much thinner softer brown outlines, reduced saturation, matte hand-painted earth pigment, restrained shading, NOT glossy mobile-game vector badges. Bread is muted oak tan not orange, coins dull ochre not bright yellow or gold. Warm gray stone, faded brown wood, parchment offwhite. Status muted moss/ochre/red allowed. Strong distinct silhouette survives 24 pixels; simplify tiny details. No letters, no digits, no words, no calendar grids, no labels, no drop shadow halos. Actual transparent alpha background. Each icon occupies about 75% of its own cell; all icons fully visible."",""referencePaths"":[""/Users/rexxa/github/feudal-lord-simulator/output/astra-ui-p0-candidates-v1/references/astra-ui-p0-reference-files/pilot_assets/icon_resource_sheet.png"",""/Users/rexxa/github/feudal-lord-simulator/output/astra-ui-p0-candidates-v1/references/astra-ui-p0-reference-files/세계_화풍_건물.png""],""rawPath"":""sources/icons/icon_cause_family_sheet-raw.png"",""tool"":""image_gen.imagegen"",""modelVersion"":null,""seed"":null}]","""Visually audited source-column boundaries then per-cell alpha bbox crop and proportional downsample to 96px or 64px; preserve generated alpha; road/field isolated from tiny adjacent-cell components (<1.5% largest area); no painting or recoloring""","{""cellSize"":96,""cellOrder"":[""water droplet"",""bread loaf"",""road junction"",""hand holding tool"",""storage crate"",""protective shield"",""sealed parchment""]}","null","{""status"":""candidate"",""registration"":[{""source"":[55,226,176,263],""destination"":[19.893536121673,6,56.212927756654,84]},{""source"":[318,257,264,217],""destination"":[102,13.477272727272727,84,69.04545454545455]},{""source"":[628,240,282,247],""destination"":[198,11.212765957446813,84,73.57446808510637]},{""source"":[948,207,266,290],""destination"":[297.4758620689655,6,77.04827586206898,84]},{""source"":[1281,241,250,256],""destination"":[390.984375,6,82.03125,84]},{""source"":[1612,210,240,289],""destination"":[493.12110726643596,6,69.75778546712803,84]},{""source"":[1897,237,251,246],""destination"":[582,6.836653386454188,84,82.32669322709162]}]}"
"ui/icon_alert_priority_sheet","candidate","assets/ui/icon_alert_priority_sheet.png","288","96","icon sheet","f336bbc3b0923a937dea5e4ec7be20166c61af8f2399a37fb362169b452e04dc","[{""prompt"":""Create one transparent PNG UI icon sprite sheet for a medieval southern England city builder. Exactly 3 separate icons in ONE horizontal row, equal square cells, generous transparent gaps, each centered in its cell, no panels or background. Ordered left to right: warning diamond central dot; urgent triangle central dot; speech bubble with three dots. Reference 1 is the approved UI pilot style, reference 2 is the world art palette. Required adjustment relative to pilot: much thinner softer brown outlines, reduced saturation, matte hand-painted earth pigment, restrained shading, NOT glossy mobile-game vector badges. Bread is muted oak tan not orange, coins dull ochre not bright yellow or gold. Warm gray stone, faded brown wood, parchment offwhite. Status muted moss/ochre/red allowed. Strong distinct silhouette survives 24 pixels; simplify tiny details. No letters, no digits, no words, no calendar grids, no labels, no drop shadow halos. Actual transparent alpha background. Each icon occupies about 75% of its own cell; all icons fully visible."",""referencePaths"":[""/Users/rexxa/github/feudal-lord-simulator/output/astra-ui-p0-candidates-v1/references/astra-ui-p0-reference-files/pilot_assets/icon_resource_sheet.png"",""/Users/rexxa/github/feudal-lord-simulator/output/astra-ui-p0-candidates-v1/references/astra-ui-p0-reference-files/세계_화풍_건물.png""],""rawPath"":""sources/icons/icon_alert_priority_sheet-raw.png"",""tool"":""image_gen.imagegen"",""modelVersion"":null,""seed"":null}]","""Visually audited source-column boundaries then per-cell alpha bbox crop and proportional downsample to 96px or 64px; preserve generated alpha; road/field isolated from tiny adjacent-cell components (<1.5% largest area); no painting or recoloring""","{""cellSize"":96,""cellOrder"":[""warning diamond central dot"",""urgent triangle central dot"",""speech bubble with three dots""]}","null","{""status"":""candidate"",""registration"":[{""source"":[172,148,409,411],""destination"":[6.204379562043798,6,83.5912408759124,84]},{""source"":[870,158,432,368],""destination"":[102,12.222222222222221,84,71.55555555555556]},{""source"":[1582,185,409,350],""destination"":[198,12.058679706601467,84,71.88264058679707]}]}"
"ui/icon_time_sheet","candidate","assets/ui/icon_time_sheet.png","384","96","icon sheet","a12f88284abcdc24c943ebb8a83998acb351322c895a0ba782ae438701c6e408","[{""prompt"":""Create one transparent PNG UI icon sprite sheet for a medieval southern England city builder. Exactly 4 separate icons in ONE horizontal row, equal square cells, generous transparent gaps, each centered in its cell, no panels or background. Ordered left to right: two pause bars; single right play triangle; two right chevrons; three right chevrons. Reference 1 is the approved UI pilot style, reference 2 is the world art palette. Required adjustment relative to pilot: much thinner softer brown outlines, reduced saturation, matte hand-painted earth pigment, restrained shading, NOT glossy mobile-game vector badges. Bread is muted oak tan not orange, coins dull ochre not bright yellow or gold. Warm gray stone, faded brown wood, parchment offwhite. Status muted moss/ochre/red allowed. Strong distinct silhouette survives 24 pixels; simplify tiny details. No letters, no digits, no words, no calendar grids, no labels, no drop shadow halos. Actual transparent alpha background. Each icon occupies about 75% of its own cell; all icons fully visible."",""referencePaths"":[""/Users/rexxa/github/feudal-lord-simulator/output/astra-ui-p0-candidates-v1/references/astra-ui-p0-reference-files/pilot_assets/icon_resource_sheet.png"",""/Users/rexxa/github/feudal-lord-simulator/output/astra-ui-p0-candidates-v1/references/astra-ui-p0-reference-files/세계_화풍_건물.png""],""rawPath"":""sources/icons/icon_time_sheet-raw.png"",""tool"":""image_gen.imagegen"",""modelVersion"":null,""seed"":null}]","""Visually audited source-column boundaries then per-cell alpha bbox crop and proportional downsample to 96px or 64px; preserve generated alpha; road/field isolated from tiny adjacent-cell components (<1.5% largest area); no painting or recoloring""","{""cellSize"":96,""cellOrder"":[""two pause bars"",""single right play triangle"",""two right chevrons"",""three right chevrons""]}","null","{""status"":""candidate"",""registration"":[{""source"":[148,213,294,295],""destination"":[6.142372881355932,6,83.71525423728814,84]},{""source"":[703,195,254,329],""destination"":[111.57446808510639,6,64.85106382978722,84]},{""source"":[1180,213,329,295],""destination"":[198,10.340425531914896,84,75.31914893617021]},{""source"":[1665,213,434,295],""destination"":[294,19.451612903225808,84,57.096774193548384]}]}"
"ui/icon_objective_action_sheet","candidate","assets/ui/icon_objective_action_sheet.png","384","96","icon sheet","ebca291a3f1b90aafb400605f8d93c8d337b5b713cfe7bbb50e60d0205d00d69","[{""prompt"":""Create one transparent PNG UI icon sprite sheet for a medieval southern England city builder. Exactly 4 separate icons in ONE horizontal row, equal square cells, generous transparent gaps, each centered in its cell, no panels or background. Ordered left to right: hammer tool; map with location pin; open blank book with candle; upward chevron. Reference 1 is the approved UI pilot style, reference 2 is the world art palette. Required adjustment relative to pilot: much thinner softer brown outlines, reduced saturation, matte hand-painted earth pigment, restrained shading, NOT glossy mobile-game vector badges. Bread is muted oak tan not orange, coins dull ochre not bright yellow or gold. Warm gray stone, faded brown wood, parchment offwhite. Status muted moss/ochre/red allowed. Strong distinct silhouette survives 24 pixels; simplify tiny details. No letters, no digits, no words, no calendar grids, no labels, no drop shadow halos. Actual transparent alpha background. Each icon occupies about 75% of its own cell; all icons fully visible."",""referencePaths"":[""/Users/rexxa/github/feudal-lord-simulator/output/astra-ui-p0-candidates-v1/references/astra-ui-p0-reference-files/pilot_assets/icon_resource_sheet.png"",""/Users/rexxa/github/feudal-lord-simulator/output/astra-ui-p0-candidates-v1/references/astra-ui-p0-reference-files/세계_화풍_건물.png""],""rawPath"":""sources/icons/icon_objective_action_sheet-raw.png"",""tool"":""image_gen.imagegen"",""modelVersion"":null,""seed"":null},{""prompt"":""Edit this exact four-icon transparent sheet. Preserve all four icons, ordering, coordinates and thin soft brown outlines. Change ONLY the second icon map terrain from green/olive to warm ochre and grey-brown. No green or blue. Keep map pin muted red. Other three icons unchanged. No text or numbers. Actual transparent background. No added objects."",""referencePaths"":[""sources/icons/icon_objective_action_sheet-edit-input.png""],""rawPath"":""sources/icons/icon_objective_action_sheet-edit-raw.png"",""tool"":""image_gen.imagegen"",""modelVersion"":null,""seed"":null}]","""Visually audited source-column boundaries then per-cell alpha bbox crop and proportional downsample to 96px or 64px; preserve generated alpha; road/field isolated from tiny adjacent-cell components (<1.5% largest area); no painting or recoloring""","{""cellSize"":96,""cellOrder"":[""hammer tool"",""map with location pin"",""open blank book with candle"",""upward chevron""]}","null","{""status"":""candidate"",""registration"":[{""source"":[50,124,445,476],""destination"":[8.735294117647058,6,78.52941176470588,84]},{""source"":[576,178,478,362],""destination"":[102,16.192468619246863,84,63.61506276150627]},{""source"":[1118,198,483,323],""destination"":[198,19.91304347826087,84,56.17391304347826]},{""source"":[1662,167,480,387],""destination"":[294,14.137500000000003,84,67.725]}]}"
"ui/icon_lock_new_sheet","candidate","assets/ui/icon_lock_new_sheet.png","288","96","icon sheet","df7cda4bfa527d32a992759e63d8fc6a9edb7f3b0cb47baffbc8073fe32fd883","[{""prompt"":""Create one transparent PNG UI icon sprite sheet for a medieval southern England city builder. Exactly 3 separate icons in ONE horizontal row, equal square cells, generous transparent gaps, each centered in its cell, no panels or background. Ordered left to right: padlock; four point spark; open blank book. Reference 1 is the approved UI pilot style, reference 2 is the world art palette. Required adjustment relative to pilot: much thinner softer brown outlines, reduced saturation, matte hand-painted earth pigment, restrained shading, NOT glossy mobile-game vector badges. Bread is muted oak tan not orange, coins dull ochre not bright yellow or gold. Warm gray stone, faded brown wood, parchment offwhite. Status muted moss/ochre/red allowed. Strong distinct silhouette survives 24 pixels; simplify tiny details. No letters, no digits, no words, no calendar grids, no labels, no drop shadow halos. Actual transparent alpha background. Each icon occupies about 75% of its own cell; all icons fully visible."",""referencePaths"":[""/Users/rexxa/github/feudal-lord-simulator/output/astra-ui-p0-candidates-v1/references/astra-ui-p0-reference-files/pilot_assets/icon_resource_sheet.png"",""/Users/rexxa/github/feudal-lord-simulator/output/astra-ui-p0-candidates-v1/references/astra-ui-p0-reference-files/세계_화풍_건물.png""],""rawPath"":""sources/icons/icon_lock_new_sheet-raw.png"",""tool"":""image_gen.imagegen"",""modelVersion"":null,""seed"":null}]","""Visually audited source-column boundaries then per-cell alpha bbox crop and proportional downsample to 96px or 64px; preserve generated alpha; road/field isolated from tiny adjacent-cell components (<1.5% largest area); no painting or recoloring""","{""cellSize"":96,""cellOrder"":[""padlock"",""four point spark"",""open blank book""]}","null","{""status"":""candidate"",""registration"":[{""source"":[181,110,379,492],""destination"":[15.646341463414629,6,64.70731707317074,84]},{""source"":[866,138,439,448],""destination"":[102.84375,6,82.3125,84]},{""source"":[1509,202,577,393],""destination"":[198,19.393414211438476,84,57.21317157712305]}]}"
"ui/warning_map_marker_sheet","candidate","assets/ui/warning_map_marker_sheet.png","192","96","icon sheet","8b5a7e126d7543c3be06e4171e0ecc8dc9f89cf2612376d7b1fc7467b5125e4a","[{""prompt"":""Create one transparent PNG UI icon sprite sheet for a medieval southern England city builder. Exactly 2 separate icons in ONE horizontal row, equal square cells, generous transparent gaps, each centered in its cell, no panels or background. Ordered left to right: ochre diamond with central dark dot and short downward pointer; muted red triangle with central dark dot and short downward pointer. Reference 1 is the approved UI pilot style, reference 2 is the world art palette. Required adjustment relative to pilot: much thinner softer brown outlines, reduced saturation, matte hand-painted earth pigment, restrained shading, NOT glossy mobile-game vector badges. Bread is muted oak tan not orange, coins dull ochre not bright yellow or gold. Warm gray stone, faded brown wood, parchment offwhite. Status muted moss/ochre/red allowed. Strong distinct silhouette survives 24 pixels; simplify tiny details. No letters, no digits, no words, no calendar grids, no labels, no drop shadow halos. Actual transparent alpha background. Each icon occupies about 75% of its own cell; all icons fully visible."",""referencePaths"":[""/Users/rexxa/github/feudal-lord-simulator/output/astra-ui-p0-candidates-v1/references/astra-ui-p0-reference-files/pilot_assets/icon_resource_sheet.png"",""/Users/rexxa/github/feudal-lord-simulator/output/astra-ui-p0-candidates-v1/references/astra-ui-p0-reference-files/세계_화풍_건물.png""],""rawPath"":""sources/icons/warning_map_marker_sheet-raw.png"",""tool"":""image_gen.imagegen"",""modelVersion"":null,""seed"":null}]","""Visually audited source-column boundaries then per-cell alpha bbox crop and proportional downsample to 96px or 64px; preserve generated alpha; road/field isolated from tiny adjacent-cell components (<1.5% largest area); no painting or recoloring""","{""cellSize"":96,""cellOrder"":[""ochre diamond with central dark dot and short downward pointer"",""muted red triangle with central dark dot and short downward pointer""]}","null","{""status"":""candidate"",""registration"":[{""source"":[238,171,439,516],""destination"":[12.267441860465112,6,71.46511627906978,84]},{""source"":[1074,170,475,517],""destination"":[105.41199226305609,6,77.17601547388782,84]}]}"
"ui/cursor_select","candidate","assets/ui/cursor_select.png","64","64","cursor","420f10a3c8ede7442f8dad46c08fcdf8779391340ac51214b459cc788a8c46d5","[{""prompt"":""Edit the supplied medieval UI cursor design into ONE isolated cursor: plain arrow with no badge. Transparent alpha PNG square composition. Retain the upper-left pointing arrow shape with sharp pointing tip at upper left, pale parchment fill and thin soft brown outline, reducing outline thickness and color saturation compared with reference. Matte earth pigment no shiny golden edge. No text, letters or digits. No background. Entire cursor and badge fully inside canvas with clean transparent margin, centered, to be exported at64x64. Only one cursor, not a sheet. The arrow pointing tip must be visually unambiguous for measured click hotspot."",""referencePaths"":[""/Users/rexxa/github/feudal-lord-simulator/output/astra-ui-p0-candidates-v1/references/astra-ui-p0-reference-files/pilot_assets/cursor_sheet.png""],""rawPath"":""sources/icons/cursor_select-raw.png"",""tool"":""image_gen.imagegen"",""modelVersion"":null,""seed"":null}]","""Visually audited source-column boundaries then per-cell alpha bbox crop and proportional downsample to 96px or 64px; preserve generated alpha; road/field isolated from tiny adjacent-cell components (<1.5% largest area); no painting or recoloring""","{}","[8,6]","{""status"":""candidate"",""registration"":[{""source"":[349,332,556,590],""destination"":[7.498305084745763,6,49.003389830508475,52]}],""hotspotMethod"":""Opaque alpha pixel nearest upper-left (minimum x+y), matching arrow tip; inspect at native64""}"
"ui/cursor_place_valid","candidate","assets/ui/cursor_place_valid.png","64","64","cursor","f4a59cc2ce31d49cef73048dae50f960ba41b9181f401a2cda3d172220ac124e","[{""prompt"":""Edit the supplied medieval UI cursor design into ONE isolated cursor: small muted moss green checkmark beside lower right of arrow. Transparent alpha PNG square composition. Retain the upper-left pointing arrow shape with sharp pointing tip at upper left, pale parchment fill and thin soft brown outline, reducing outline thickness and color saturation compared with reference. Matte earth pigment no shiny golden edge. No text, letters or digits. No background. Entire cursor and badge fully inside canvas with clean transparent margin, centered, to be exported at64x64. Only one cursor, not a sheet. The arrow pointing tip must be visually unambiguous for measured click hotspot."",""referencePaths"":[""/Users/rexxa/github/feudal-lord-simulator/output/astra-ui-p0-candidates-v1/references/astra-ui-p0-reference-files/pilot_assets/cursor_sheet.png""],""rawPath"":""sources/icons/cursor_place_valid-raw.png"",""tool"":""image_gen.imagegen"",""modelVersion"":null,""seed"":null}]","""Visually audited source-column boundaries then per-cell alpha bbox crop and proportional downsample to 96px or 64px; preserve generated alpha; road/field isolated from tiny adjacent-cell components (<1.5% largest area); no painting or recoloring""","{}","[6,7]","{""status"":""candidate"",""registration"":[{""source"":[327,329,605,594],""destination"":[6,6.472727272727273,52,51.054545454545455]}],""hotspotMethod"":""Opaque alpha pixel nearest upper-left (minimum x+y), matching arrow tip; inspect at native64""}"
"ui/cursor_place_invalid","candidate","assets/ui/cursor_place_invalid.png","64","64","cursor","e883c0394a3f88ae203ab86d3ddc8387b22d43fa38bd2a8bfe00fd1e386ffee0","[{""prompt"":""Edit the supplied medieval UI cursor design into ONE isolated cursor: small muted dusty red X beside lower right of arrow. Transparent alpha PNG square composition. Retain the upper-left pointing arrow shape with sharp pointing tip at upper left, pale parchment fill and thin soft brown outline, reducing outline thickness and color saturation compared with reference. Matte earth pigment no shiny golden edge. No text, letters or digits. No background. Entire cursor and badge fully inside canvas with clean transparent margin, centered, to be exported at64x64. Only one cursor, not a sheet. The arrow pointing tip must be visually unambiguous for measured click hotspot."",""referencePaths"":[""/Users/rexxa/github/feudal-lord-simulator/output/astra-ui-p0-candidates-v1/references/astra-ui-p0-reference-files/pilot_assets/cursor_sheet.png""],""rawPath"":""sources/icons/cursor_place_invalid-raw.png"",""tool"":""image_gen.imagegen"",""modelVersion"":null,""seed"":null}]","""Visually audited source-column boundaries then per-cell alpha bbox crop and proportional downsample to 96px or 64px; preserve generated alpha; road/field isolated from tiny adjacent-cell components (<1.5% largest area); no painting or recoloring""","{}","[6,6]","{""status"":""candidate"",""registration"":[{""source"":[260,256,733,737],""destination"":[6.141112618724559,6,51.71777476255088,52]}],""hotspotMethod"":""Opaque alpha pixel nearest upper-left (minimum x+y), matching arrow tip; inspect at native64""}"
"ui/cursor_road_draw","candidate","assets/ui/cursor_road_draw.png","64","64","cursor","95aed8a8b5c681ea4a9cfff7b6f5c3e8e0ba02eb49ae48d4092ccd3fb0f3c80f","[{""prompt"":""Edit the supplied medieval UI cursor design into ONE isolated cursor: small earthen road swatch beside lower right of arrow. Transparent alpha PNG square composition. Retain the upper-left pointing arrow shape with sharp pointing tip at upper left, pale parchment fill and thin soft brown outline, reducing outline thickness and color saturation compared with reference. Matte earth pigment no shiny golden edge. No text, letters or digits. No background. Entire cursor and badge fully inside canvas with clean transparent margin, centered, to be exported at64x64. Only one cursor, not a sheet. The arrow pointing tip must be visually unambiguous for measured click hotspot."",""referencePaths"":[""/Users/rexxa/github/feudal-lord-simulator/output/astra-ui-p0-candidates-v1/references/astra-ui-p0-reference-files/pilot_assets/cursor_sheet.png""],""rawPath"":""sources/icons/cursor_road_draw-raw.png"",""tool"":""image_gen.imagegen"",""modelVersion"":null,""seed"":null}]","""Visually audited source-column boundaries then per-cell alpha bbox crop and proportional downsample to 96px or 64px; preserve generated alpha; road/field isolated from tiny adjacent-cell components (<1.5% largest area); no painting or recoloring""","{}","[6,7]","{""status"":""candidate"",""registration"":[{""source"":[324,322,621,604],""destination"":[6,6.711755233494365,52,50.57648953301127]}],""hotspotMethod"":""Opaque alpha pixel nearest upper-left (minimum x+y), matching arrow tip; inspect at native64""}"
"ui/cursor_zone_brush","candidate","assets/ui/cursor_zone_brush.png","64","64","cursor","5e4e93bfdb3b2b671479ad8936f5c7ab29c1884b0562de8152ce52548ad92f15","[{""prompt"":""Edit the supplied medieval UI cursor design into ONE isolated cursor: small wooden paintbrush beside lower right of arrow. Transparent alpha PNG square composition. Retain the upper-left pointing arrow shape with sharp pointing tip at upper left, pale parchment fill and thin soft brown outline, reducing outline thickness and color saturation compared with reference. Matte earth pigment no shiny golden edge. No text, letters or digits. No background. Entire cursor and badge fully inside canvas with clean transparent margin, centered, to be exported at64x64. Only one cursor, not a sheet. The arrow pointing tip must be visually unambiguous for measured click hotspot."",""referencePaths"":[""/Users/rexxa/github/feudal-lord-simulator/output/astra-ui-p0-candidates-v1/references/astra-ui-p0-reference-files/pilot_assets/cursor_sheet.png""],""rawPath"":""sources/icons/cursor_zone_brush-raw.png"",""tool"":""image_gen.imagegen"",""modelVersion"":null,""seed"":null}]","""Visually audited source-column boundaries then per-cell alpha bbox crop and proportional downsample to 96px or 64px; preserve generated alpha; road/field isolated from tiny adjacent-cell components (<1.5% largest area); no painting or recoloring""","{}","[7,6]","{""status"":""candidate"",""registration"":[{""source"":[370,362,493,516],""destination"":[7.15891472868217,6,49.68217054263566,52]}],""hotspotMethod"":""Opaque alpha pixel nearest upper-left (minimum x+y), matching arrow tip; inspect at native64""}"
"ui/cursor_inspect","candidate","assets/ui/cursor_inspect.png","64","64","cursor","cf9dee7faa7bb03b54a60fb78eee8ac55320df8015de73e4188d358dcdf5c9ed","[{""prompt"":""Edit the supplied medieval UI cursor design into ONE isolated cursor: small simple magnifying glass beside lower right of arrow. Transparent alpha PNG square composition. Retain the upper-left pointing arrow shape with sharp pointing tip at upper left, pale parchment fill and thin soft brown outline, reducing outline thickness and color saturation compared with reference. Matte earth pigment no shiny golden edge. No text, letters or digits. No background. Entire cursor and badge fully inside canvas with clean transparent margin, centered, to be exported at64x64. Only one cursor, not a sheet. The arrow pointing tip must be visually unambiguous for measured click hotspot."",""referencePaths"":[""/Users/rexxa/github/feudal-lord-simulator/output/astra-ui-p0-candidates-v1/references/astra-ui-p0-reference-files/pilot_assets/cursor_sheet.png""],""rawPath"":""sources/icons/cursor_inspect-raw.png"",""tool"":""image_gen.imagegen"",""modelVersion"":null,""seed"":null}]","""Visually audited source-column boundaries then per-cell alpha bbox crop and proportional downsample to 96px or 64px; preserve generated alpha; road/field isolated from tiny adjacent-cell components (<1.5% largest area); no painting or recoloring""","{}","[7,6]","{""status"":""candidate"",""registration"":[{""source"":[342,336,577,571],""destination"":[6,6.270363951473136,52,51.45927209705373]}],""hotspotMethod"":""Opaque alpha pixel nearest upper-left (minimum x+y), matching arrow tip; inspect at native64""}"
"ui/advisor_steward_portrait_neutral","candidate","assets/ui/advisor_steward_portrait_neutral.png","192","192","청지기 초상 neutral","07f3c0b5566d8246947ed7be39874e98166471cc46aafcd33769e554deb06d73","[{""tool"":""image_gen.imagegen"",""model"":null,""seed"":null,""prompt"":""Use case: historical-scene / game UI portrait. Create ONE square portrait, not a sheet. Input image is project-owned STYLE REFERENCE only: reproduce its finely painted muted traditional tempera-like small-character portrait technique, quiet earthy shadows and soft precise face modelling; do not reproduce the merchant's hat, rich blue coat or beard. Subject: ONE male English town steward aged 43, southern England c.1350. Consistent identity design for later expression variants: broad but lean face, slightly crooked long nose, hazel grey eyes, short wavy ash-brown hair with grey at temples, short closely trimmed brown beard. NO HAT. Plain undyed linen collar beneath muted warm grey-brown wool tunic, modest leather strap, simple small leather purse and two small iron keys visibly pinned at lower chest. No ornate costume, jewelry, crown, fur, modern clothes. Bust portrait facing almost front, turned only 10 degrees toward viewer's left, gaze toward viewer, both shoulders fully across lower image. Head top at y=0.10, eye line at y=0.37, shoulders outer tips around y=0.73, chest/purse/keys visible to bottom. Calm neutral mouth, approachable but reserved. Uniform muted warm grey background matching reference, full square, no medallion/frame. Low saturation ochre/oak/parchment palette, subtle thin edges, no cartoon contour or shine. No text, letters, numbers, marks, logo or watermark. Return square raster, high-quality face readable when reduced to192x192."",""raw"":""sources/portraits/steward-neutral-raw.png"",""refs"":[""references/portrait-style-P1.png""],""originalWidth"":1254,""originalHeight"":1254}]","""Full-square uniform downsample to192×192. No crop, warp, color replacement, or expression compositing.""","{}","null","{""identity"":""same steward across three expression edits"",""accessories"":""no hat; purse and two keys present"",""text"":""none"",""alignment"":""Manual landmarks in records/portraits-alignment.md; uncertainty ±1 px at192px, not automated face-tracking."",""runtime"":""not installed""}"
"ui/advisor_steward_portrait_concern","candidate","assets/ui/advisor_steward_portrait_concern.png","192","192","청지기 초상 concern","bea33fada7ca6260a7300e5521bc6c59b5751b40e48d74600baf3f68a78db35d","[{""tool"":""image_gen.imagegen"",""model"":null,""seed"":null,""prompt"":""Use case: identity-preserve expression edit. Edit this exact steward portrait. Keep same man, head silhouette, eyes POSITION, nose, hair, beard, age, shoulder position, clothing, purse, keys, background, lighting, camera and full square crop. Change ONLY facial expression through brows, eyelids, mouth corners and tiny cheek creases. Do not move the head, rescale body or shift portrait at all. No text, icon, border or new accessories. Preserve muted hand-painted appearance and restrained palette. Expression: gentle worried concern, inner eyebrows slightly raised and knitted, upper eyelids subtly tenser, mouth closed with corners slightly lowered. He is calmly explaining a difficulty, not angry, frightened or caricatured. Clearly distinguish from neutral at192px."",""raw"":""sources/portraits/steward-concern-raw.png"",""refs"":[""sources/portraits/steward-neutral-raw.png""],""originalWidth"":1254,""originalHeight"":1254}]","""Full-square uniform downsample to192×192. No crop, warp, color replacement, or expression compositing.""","{}","null","{""identity"":""same steward across three expression edits"",""accessories"":""no hat; purse and two keys present"",""text"":""none"",""alignment"":""Manual landmarks in records/portraits-alignment.md; uncertainty ±1 px at192px, not automated face-tracking."",""runtime"":""not installed""}"
"ui/advisor_steward_portrait_success","candidate","assets/ui/advisor_steward_portrait_success.png","192","192","청지기 초상 success","cf9c9a25d72b71c7b37c9396fd3740081bb4d55a6be8c2835682cb6737786bf1","[{""tool"":""image_gen.imagegen"",""model"":null,""seed"":null,""prompt"":""Use case: identity-preserve expression edit. Edit this exact steward portrait. Keep same man, head silhouette, eyes POSITION, nose, hair, beard, age, shoulder position, clothing, purse, keys, background, lighting, camera and full square crop. Change ONLY facial expression through brows, eyelids, mouth corners and tiny cheek creases. Do not move the head, rescale body or shift portrait at all. No text, icon, border or new accessories. Preserve muted hand-painted appearance and restrained palette. Expression: quiet approving satisfaction, relaxed brows and modest warm CLOSED-mouth smile, cheeks gently lifted and slightly narrowed eyes. No teeth. Same serious competent steward, not laughing or exaggerated. Clearly distinguish from neutral at192px."",""raw"":""sources/portraits/steward-success-raw.png"",""refs"":[""sources/portraits/steward-neutral-raw.png""],""originalWidth"":1254,""originalHeight"":1254}]","""Full-square uniform downsample to192×192. No crop, warp, color replacement, or expression compositing.""","{}","null","{""identity"":""same steward across three expression edits"",""accessories"":""no hat; purse and two keys present"",""text"":""none"",""alignment"":""Manual landmarks in records/portraits-alignment.md; uncertainty ±1 px at192px, not automated face-tracking."",""runtime"":""not installed""}"
