"asset_id","status","file","width","height","role","sha256","generation_records","processing","slice_or_cells","unchanged_from_prior","qa"
"ui/frame_objective_normal","candidate","assets/ui/frame_objective_normal.png","256","256","Manuscript objective card: TWO CLEAR DISTINCT parallel dark brown ink border rules separated by pale parchment gap on all sides. One small hand-painted ink flower in upper left corner only. Both rules visibly readable at 50% scale, unlike faint prior edge.","eb25fbc719768ac7ea4f90610174c839bf72e090563963be5a0b120e626e2063","{""tool"":""image_gen.imagegen"",""prompt"":""Use case precise-object-edit. Edit reference UI texture into ONE candidate asset frame_objective_normal, intended 256x256. Manuscript objective card: TWO CLEAR DISTINCT parallel dark brown ink border rules separated by pale parchment gap on all sides. One small hand-painted ink flower in upper left corner only. Both rules visibly readable at 50% scale, unlike faint prior edge. Keep warm muted medieval hand-painted ink and parchment, C direction 80% functional 20% period ornament. Straight-on 2D UI not perspective. IMPORTANT CENTER UNIFORMLY FLAT solid warm parchment #E1D1AE, no stains no noise no gradient no lighting no texture across reading field. Edge details only outer 32 native pixels. Nine-slice suitable: decorative motifs in four fixed corners; continuous straight edge lines; side scroll shaft constant width for stretching. Entire canvas is asset rectangle edge-to-edge with no outside margin, shadow, background or presentation board. No letters, digits, labels, text, icons in center, progress bar fill, or active state glow. Output only one image."",""references"":[""astra-ui-p0-rework-reference-files/frame_objective_normal.png""],""raw"":""sources/frames/frame_objective_normal-raw.png"",""modelVersion"":null,""seed"":null,""revisions"":[{""prompt"":""Edit this image. Retain ONE flower only TOP LEFT. Remove flowers and square flower boxes from other THREE corners, use plain continuous mitered double-line corners. CRITICAL center reading area perfectly flat solid #E1D1AE, NO mottling, stains, gradient, lighting. Preserve straight sides and overall dimensions. NO text or numbers. No presentation background. Nine-slice UI asset, ornament confined to outer12% and top-left corner only when requested."",""raw"":""sources/frames/frame_objective_normal-revised.png""}]}","""Native size registration and flat reading-field normalization; generated edge artwork preserved. No product integration. Center normalized to #DECDA8 matching generated edge parchment; source originals retain their generated low-contrast texture. Recommended renderCapScale=1 gives readable roles; .5 is optional reduced density, not proof standard.""","{""left"":32,""top"":32,""right"":32,""bottom"":32,""sourceScale"":2,""renderCapScale"":1,""minimumTargetWidth"":65,""minimumTargetHeight"":65}","false","{""text"":""none"",""numbers"":""none"",""barInterior"":""none"",""center"":""flat opaque"",""technical"":{""id"":""ui/frame_objective_normal"",""sizes"":[[200,80],[600,400]],""allFourCornersEqual"":true,""cornerHashes"":[[""ef47fd89cad95cfc16ae4f40395daf6682f2b7bc8e1c71f955ff47dabb24a5b4"",""d18339e043d4f8163b7c4ae709349f0212580a706ebf799fafa097c7046d63df"",""6e3e2cd3a3ceff46ca9e53fa848be1271dc8273739178d02c66bf20e8a050da7"",""a91de3afb4eaf25886e99bb58bc9d87facededa68bb48b2cd2f2fbb300641222""],[""ef47fd89cad95cfc16ae4f40395daf6682f2b7bc8e1c71f955ff47dabb24a5b4"",""d18339e043d4f8163b7c4ae709349f0212580a706ebf799fafa097c7046d63df"",""6e3e2cd3a3ceff46ca9e53fa848be1271dc8273739178d02c66bf20e8a050da7"",""a91de3afb4eaf25886e99bb58bc9d87facededa68bb48b2cd2f2fbb300641222""]]}}"
"ui/frame_objective_complete","candidate","assets/ui/frame_objective_complete.png","256","256","Completed manuscript objective card: TWO CLEAR DISTINCT parallel dark brown border rules. Thin muted warm GOLD HIGHLIGHT along TOP EDGE only. Small circular red wax seal at LOWER RIGHT CORNER, contained entirely in last 32 native pixels.","21d198a0cdb3a621f2abb731d4c1d3c3b99149cc83a63184decc524501fcf702","{""tool"":""image_gen.imagegen"",""prompt"":""Use case precise-object-edit. Edit reference UI texture into ONE candidate asset frame_objective_complete, intended 256x256. Completed manuscript objective card: TWO CLEAR DISTINCT parallel dark brown border rules. Thin muted warm GOLD HIGHLIGHT along TOP EDGE only. Small circular red wax seal at LOWER RIGHT CORNER, contained entirely in last 32 native pixels. Keep warm muted medieval hand-painted ink and parchment, C direction 80% functional 20% period ornament. Straight-on 2D UI not perspective. IMPORTANT CENTER UNIFORMLY FLAT solid warm parchment #E1D1AE, no stains no noise no gradient no lighting no texture across reading field. Edge details only outer 32 native pixels. Nine-slice suitable: decorative motifs in four fixed corners; continuous straight edge lines; side scroll shaft constant width for stretching. Entire canvas is asset rectangle edge-to-edge with no outside margin, shadow, background or presentation board. No letters, digits, labels, text, icons in center, progress bar fill, or active state glow. Output only one image."",""references"":[""astra-ui-p0-rework-reference-files/frame_objective_normal.png""],""raw"":""sources/frames/frame_objective_complete-raw.png"",""modelVersion"":null,""seed"":null,""revisions"":[{""prompt"":""Edit this image. REMOVE ALL flowers, leaf scrolls, square cornerboxes. Keep red waxseal lower right. Other3corners mustplain mitered double lines. Keep goldTOPline. CRITICAL center reading area perfectly flat solid #E1D1AE, NO mottling, stains, gradient, lighting. Preserve straight sides and overall dimensions. NO text or numbers. No presentation background. Nine-slice UI asset, ornament confined to outer12% and top-left corner only when requested."",""raw"":""sources/frames/frame_objective_complete-revised.png""}]}","""Native size registration and flat reading-field normalization; generated edge artwork preserved. No product integration. Center normalized to #DECDA8 matching generated edge parchment; source originals retain their generated low-contrast texture. Recommended renderCapScale=1 gives readable roles; .5 is optional reduced density, not proof standard.""","{""left"":32,""top"":32,""right"":32,""bottom"":32,""sourceScale"":2,""renderCapScale"":1,""minimumTargetWidth"":65,""minimumTargetHeight"":65}","false","{""text"":""none"",""numbers"":""none"",""barInterior"":""none"",""center"":""flat opaque"",""technical"":{""id"":""ui/frame_objective_complete"",""sizes"":[[200,80],[600,400]],""allFourCornersEqual"":true,""cornerHashes"":[[""0064e9151b8628b6dc7e1ee0d5747a75f9d757a3f9ee9c2041f7eba450bd582d"",""0f6ce5ad07dbfdc384ab7a3e8656ffe095099ef26f5a984a7ac9cb39fbf2d32c"",""0533abde7297732738761b961564616167d35601fbcba7d87dbb29bacf16fc81"",""dc7b99487651d6dac0f67c1b7d9757a68ff4f20abb1976731f0992b58e5a84d5""],[""0064e9151b8628b6dc7e1ee0d5747a75f9d757a3f9ee9c2041f7eba450bd582d"",""0f6ce5ad07dbfdc384ab7a3e8656ffe095099ef26f5a984a7ac9cb39fbf2d32c"",""0533abde7297732738761b961564616167d35601fbcba7d87dbb29bacf16fc81"",""dc7b99487651d6dac0f67c1b7d9757a68ff4f20abb1976731f0992b58e5a84d5""]]}}"
"ui/frame_objective_warn","candidate","assets/ui/frame_objective_warn.png","256","256","Warning manuscript objective card: TWO CLEAR DISTINCT parallel border rules, outer dark brown and INNER visibly OCHRE RED. Tiny ink blot at TOP LEFT corner.","84a5d9e9fc2c247b1c996f4ca684d40364a851f1b5a0c050499c8c451a51ab58","{""tool"":""image_gen.imagegen"",""prompt"":""Use case precise-object-edit. Edit reference UI texture into ONE candidate asset frame_objective_warn, intended 256x256. Warning manuscript objective card: TWO CLEAR DISTINCT parallel border rules, outer dark brown and INNER visibly OCHRE RED. Tiny ink blot at TOP LEFT corner. Keep warm muted medieval hand-painted ink and parchment, C direction 80% functional 20% period ornament. Straight-on 2D UI not perspective. IMPORTANT CENTER UNIFORMLY FLAT solid warm parchment #E1D1AE, no stains no noise no gradient no lighting no texture across reading field. Edge details only outer 32 native pixels. Nine-slice suitable: decorative motifs in four fixed corners; continuous straight edge lines; side scroll shaft constant width for stretching. Entire canvas is asset rectangle edge-to-edge with no outside margin, shadow, background or presentation board. No letters, digits, labels, text, icons in center, progress bar fill, or active state glow. Output only one image."",""references"":[""astra-ui-p0-rework-reference-files/frame_objective_normal.png""],""raw"":""sources/frames/frame_objective_warn-raw.png"",""modelVersion"":null,""seed"":null,""revisions"":[{""prompt"":""Edit this image. REMOVE ALL flowers and cornerboxes. Plain continuous mitered double border all4corners. Keep TOPLEFT inkblot, innerredline. CRITICAL center reading area perfectly flat solid #E1D1AE, NO mottling, stains, gradient, lighting. Preserve straight sides and overall dimensions. NO text or numbers. No presentation background. Nine-slice UI asset, ornament confined to outer12% and top-left corner only when requested."",""raw"":""sources/frames/frame_objective_warn-revised.png""}]}","""Native size registration and flat reading-field normalization; generated edge artwork preserved. No product integration. Center normalized to #DECDA8 matching generated edge parchment; source originals retain their generated low-contrast texture. Recommended renderCapScale=1 gives readable roles; .5 is optional reduced density, not proof standard.""","{""left"":32,""top"":32,""right"":32,""bottom"":32,""sourceScale"":2,""renderCapScale"":1,""minimumTargetWidth"":65,""minimumTargetHeight"":65}","false","{""text"":""none"",""numbers"":""none"",""barInterior"":""none"",""center"":""flat opaque"",""technical"":{""id"":""ui/frame_objective_warn"",""sizes"":[[200,80],[600,400]],""allFourCornersEqual"":true,""cornerHashes"":[[""0e03470ce963de0eea26a0ac88bce08f084e6144d25c2ba028f75fc8f8c60651"",""5d464972875837062126e7fb3c34ee231df119a104be932d1a6dfb10b7abe5c2"",""73f3bc3de08ff3a948a77b661fb9db4194eb7c792fe579cd6b783a007c4d89c9"",""53f8dd4c04c2584669ed2394f874b30257b7b1e8b1a208903c64a604c210a3e2""],[""0e03470ce963de0eea26a0ac88bce08f084e6144d25c2ba028f75fc8f8c60651"",""5d464972875837062126e7fb3c34ee231df119a104be932d1a6dfb10b7abe5c2"",""73f3bc3de08ff3a948a77b661fb9db4194eb7c792fe579cd6b783a007c4d89c9"",""53f8dd4c04c2584669ed2394f874b30257b7b1e8b1a208903c64a604c210a3e2""]]}}"
"ui/frame_advisor_normal","candidate","assets/ui/frame_advisor_normal.png","256","192","Advisor message SCROLL: straight horizontal TOP AND BOTTOM; LEFT AND RIGHT ends rolled vertically into narrow parchment cylinders with small spiral cross sections at top and bottom corners. NOT curled top/bottom. Strongly recognizable scroll silhouette. Empty left portrait reserve, no circle and no portrait.","692ad074f96971a6e4d6729f05daafb04f7c0aed13f8b0656407a2aade2d21e8","{""tool"":""image_gen.imagegen"",""prompt"":""Use case precise-object-edit. Edit reference UI texture into ONE candidate asset frame_advisor_normal, intended 256x192. Advisor message SCROLL: straight horizontal TOP AND BOTTOM; LEFT AND RIGHT ends rolled vertically into narrow parchment cylinders with small spiral cross sections at top and bottom corners. NOT curled top/bottom. Strongly recognizable scroll silhouette. Empty left portrait reserve, no circle and no portrait. Keep warm muted medieval hand-painted ink and parchment, C direction 80% functional 20% period ornament. Straight-on 2D UI not perspective. IMPORTANT CENTER UNIFORMLY FLAT solid warm parchment #E1D1AE, no stains no noise no gradient no lighting no texture across reading field. Edge details only outer 24 native pixels. Nine-slice suitable: decorative motifs in four fixed corners; continuous straight edge lines; side scroll shaft constant width for stretching. Entire canvas is asset rectangle edge-to-edge with no outside margin, shadow, background or presentation board. No letters, digits, labels, text, icons in center, progress bar fill, or active state glow. Output only one image."",""references"":[""astra-ui-p0-rework-reference-files/frame_advisor_normal.png""],""raw"":""sources/frames/frame_advisor_normal-raw.png"",""modelVersion"":null,""seed"":null,""revisions"":[]}","""Native size registration and flat reading-field normalization; generated edge artwork preserved. No product integration. Center normalized to #DECDA8 matching generated edge parchment; source originals retain their generated low-contrast texture. Recommended renderCapScale=1 gives readable roles; .5 is optional reduced density, not proof standard.""","{""left"":24,""top"":24,""right"":24,""bottom"":24,""sourceScale"":2,""renderCapScale"":1,""minimumTargetWidth"":49,""minimumTargetHeight"":49}","false","{""text"":""none"",""numbers"":""none"",""barInterior"":""none"",""center"":""flat opaque"",""technical"":{""id"":""ui/frame_advisor_normal"",""sizes"":[[200,80],[600,400]],""allFourCornersEqual"":true,""cornerHashes"":[[""51376722abb84674d98e500ed5f5bb3edaf18cdc7334b47c4f7f17c4d6687f9d"",""665c6ca07795816f136d4b269501f3ee09a3713c6eba1c9bba6d0c8d28d9d5fe"",""9aab828093f9806e69eda501b10e1e52811e0a4e4eabc4efaed86c0126a3448e"",""f38bb3f93a4887730b0da9942a0a995397b48a3d4c6ad569a5e4b479179da7cd""],[""51376722abb84674d98e500ed5f5bb3edaf18cdc7334b47c4f7f17c4d6687f9d"",""665c6ca07795816f136d4b269501f3ee09a3713c6eba1c9bba6d0c8d28d9d5fe"",""9aab828093f9806e69eda501b10e1e52811e0a4e4eabc4efaed86c0126a3448e"",""f38bb3f93a4887730b0da9942a0a995397b48a3d4c6ad569a5e4b479179da7cd""]]},""portraitReservedArea"":{""x"":32,""y"":32,""width"":80,""height"":128,""note"":""Blank left reading area; portrait and separate accepted circular frame composited at runtime; not baked into scroll.""}}"
"ui/frame_advisor_warn","candidate","assets/ui/frame_advisor_warn.png","256","192","Warning advisor message SCROLL: straight horizontal TOP AND BOTTOM; LEFT AND RIGHT ends rolled vertically into narrow parchment cylinders with small spiral cross sections at top and bottom corners. NOT curled top/bottom. Visible thin OCHRE RED INNER BORDER on all sides. Empty left portrait reserve, no circle no portrait.","5fb332bf845f474f9604d05b90e1ed8b85bba0986ffdabde171ad879973358d6","{""tool"":""image_gen.imagegen"",""prompt"":""Use case precise-object-edit. Edit reference UI texture into ONE candidate asset frame_advisor_warn, intended 256x192. Warning advisor message SCROLL: straight horizontal TOP AND BOTTOM; LEFT AND RIGHT ends rolled vertically into narrow parchment cylinders with small spiral cross sections at top and bottom corners. NOT curled top/bottom. Visible thin OCHRE RED INNER BORDER on all sides. Empty left portrait reserve, no circle no portrait. Keep warm muted medieval hand-painted ink and parchment, C direction 80% functional 20% period ornament. Straight-on 2D UI not perspective. IMPORTANT CENTER UNIFORMLY FLAT solid warm parchment #E1D1AE, no stains no noise no gradient no lighting no texture across reading field. Edge details only outer 24 native pixels. Nine-slice suitable: decorative motifs in four fixed corners; continuous straight edge lines; side scroll shaft constant width for stretching. Entire canvas is asset rectangle edge-to-edge with no outside margin, shadow, background or presentation board. No letters, digits, labels, text, icons in center, progress bar fill, or active state glow. Output only one image."",""references"":[""astra-ui-p0-rework-reference-files/frame_advisor_normal.png""],""raw"":""sources/frames/frame_advisor_warn-raw.png"",""modelVersion"":null,""seed"":null,""revisions"":[]}","""Native size registration and flat reading-field normalization; generated edge artwork preserved. No product integration. Center normalized to #DECDA8 matching generated edge parchment; source originals retain their generated low-contrast texture. Recommended renderCapScale=1 gives readable roles; .5 is optional reduced density, not proof standard.""","{""left"":24,""top"":24,""right"":24,""bottom"":24,""sourceScale"":2,""renderCapScale"":1,""minimumTargetWidth"":49,""minimumTargetHeight"":49}","false","{""text"":""none"",""numbers"":""none"",""barInterior"":""none"",""center"":""flat opaque"",""technical"":{""id"":""ui/frame_advisor_warn"",""sizes"":[[200,80],[600,400]],""allFourCornersEqual"":true,""cornerHashes"":[[""df929505f2a2ae68113d7b6461dc7847b9a1bc0aa1e4986f684ee013f309ea21"",""0b9d4264b27fb154288933323e546f27dd0ff338688beed2887cfd66ab6819f7"",""a32546b4821039d4dcacb09c935d2601baa247378b2866c5b28760dc14d15dc7"",""ac9bd8c7b739fdfac2f7562e177eaa728086325392076ba0fbc29d609945b070""],[""df929505f2a2ae68113d7b6461dc7847b9a1bc0aa1e4986f684ee013f309ea21"",""0b9d4264b27fb154288933323e546f27dd0ff338688beed2887cfd66ab6819f7"",""a32546b4821039d4dcacb09c935d2601baa247378b2866c5b28760dc14d15dc7"",""ac9bd8c7b739fdfac2f7562e177eaa728086325392076ba0fbc29d609945b070""]]},""portraitReservedArea"":{""x"":32,""y"":32,""width"":80,""height"":128,""note"":""Blank left reading area; portrait and separate accepted circular frame composited at runtime; not baked into scroll.""}}"
"ui/frame_modal","candidate","assets/ui/frame_modal.png","256","256","Heavy modal window: clearly THICK DARK OAK WOOD frame all four sides, about 18 of 256 pixels wide. Narrow decorative carved oak band along TOP EDGE, simple repeated diagonal notches. Strongest heaviest frame of family. Pale clean flat central reading area. No corners flowers or metal.","d302a296cef4d87e91d61d5e401d2f7d8ba233bfb528152f8cb00e2a548c012c","{""tool"":""image_gen.imagegen"",""prompt"":""Use case precise-object-edit. Edit reference UI texture into ONE candidate asset frame_modal, intended 256x256. Heavy modal window: clearly THICK DARK OAK WOOD frame all four sides, about 18 of 256 pixels wide. Narrow decorative carved oak band along TOP EDGE, simple repeated diagonal notches. Strongest heaviest frame of family. Pale clean flat central reading area. No corners flowers or metal. Keep warm muted medieval hand-painted ink and parchment, C direction 80% functional 20% period ornament. Straight-on 2D UI not perspective. IMPORTANT CENTER UNIFORMLY FLAT solid warm parchment #E1D1AE, no stains no noise no gradient no lighting no texture across reading field. Edge details only outer 32 native pixels. Nine-slice suitable: decorative motifs in four fixed corners; continuous straight edge lines; side scroll shaft constant width for stretching. Entire canvas is asset rectangle edge-to-edge with no outside margin, shadow, background or presentation board. No letters, digits, labels, text, icons in center, progress bar fill, or active state glow. Output only one image."",""references"":[""astra-ui-p0-rework-reference-files/frame_modal.png""],""raw"":""sources/frames/frame_modal-raw.png"",""modelVersion"":null,""seed"":null,""revisions"":[]}","""Native size registration and flat reading-field normalization; generated edge artwork preserved. No product integration. Center normalized to #DECDA8 matching generated edge parchment; source originals retain their generated low-contrast texture. Recommended renderCapScale=1 gives readable roles; .5 is optional reduced density, not proof standard.""","{""left"":32,""top"":32,""right"":32,""bottom"":32,""sourceScale"":2,""renderCapScale"":1,""minimumTargetWidth"":65,""minimumTargetHeight"":65}","false","{""text"":""none"",""numbers"":""none"",""barInterior"":""none"",""center"":""flat opaque"",""technical"":{""id"":""ui/frame_modal"",""sizes"":[[200,80],[600,400]],""allFourCornersEqual"":true,""cornerHashes"":[[""14de1cb1926e8a55e5688f46ba12facf7bbd7d5672cf6732c5da777920b3fe25"",""6a2d766e60c4622db16bcb465be642e412972b01f9226d3cdbb27c68d5e09d28"",""5cfb95a9df7958310883c1de248e1d6f3fa377772b1ff966a31cc60dbc1b90f8"",""cf5b5b6ef298f5fa5e66a22354a85670239a0280eb85603d070d82ca55f08594""],[""14de1cb1926e8a55e5688f46ba12facf7bbd7d5672cf6732c5da777920b3fe25"",""6a2d766e60c4622db16bcb465be642e412972b01f9226d3cdbb27c68d5e09d28"",""5cfb95a9df7958310883c1de248e1d6f3fa377772b1ff966a31cc60dbc1b90f8"",""cf5b5b6ef298f5fa5e66a22354a85670239a0280eb85603d070d82ca55f08594""]]}}"
"ui/frame_panel_light","candidate","assets/ui/frame_panel_light.png","192","192","General light panel: one DISTINCT MEDIUM WEIGHT DARK BROWN outer border rule, thicker than tooltip, quiet simple beveled parchment edge. NO double border, NO flowers, NO wax seal, NO scroll.","a00d52b784b0953cc8c137f5dae9afb20a1eea0e121889953738901cb16e888d","{""tool"":""image_gen.imagegen"",""prompt"":""Use case precise-object-edit. Edit reference UI texture into ONE candidate asset frame_panel_light, intended 192x192. General light panel: one DISTINCT MEDIUM WEIGHT DARK BROWN outer border rule, thicker than tooltip, quiet simple beveled parchment edge. NO double border, NO flowers, NO wax seal, NO scroll. Keep warm muted medieval hand-painted ink and parchment, C direction 80% functional 20% period ornament. Straight-on 2D UI not perspective. IMPORTANT CENTER UNIFORMLY FLAT solid warm parchment #E1D1AE, no stains no noise no gradient no lighting no texture across reading field. Edge details only outer 32 native pixels. Nine-slice suitable: decorative motifs in four fixed corners; continuous straight edge lines; side scroll shaft constant width for stretching. Entire canvas is asset rectangle edge-to-edge with no outside margin, shadow, background or presentation board. No letters, digits, labels, text, icons in center, progress bar fill, or active state glow. Output only one image."",""references"":[""astra-ui-p0-rework-reference-files/frame_objective_normal.png""],""raw"":""sources/frames/frame_panel_light-raw.png"",""modelVersion"":null,""seed"":null,""revisions"":[{""prompt"":""Edit this image. Reduce border to one FLAT darkbrown ink rule about2%width. Remove ALL bevels,metalstuds,raised corners,3Dlighting. Not wood. Plain parchment panel with single visible ink rectangle. CRITICAL center reading area perfectly flat solid #E1D1AE, NO mottling, stains, gradient, lighting. Preserve straight sides and overall dimensions. NO text or numbers. No presentation background. Nine-slice UI asset, ornament confined to outer12% and top-left corner only when requested."",""raw"":""sources/frames/frame_panel_light-revised.png""}]}","""Native size registration and flat reading-field normalization; generated edge artwork preserved. No product integration. Center normalized to #DECDA8 matching generated edge parchment; source originals retain their generated low-contrast texture. Recommended renderCapScale=1 gives readable roles; .5 is optional reduced density, not proof standard.""","{""left"":32,""top"":32,""right"":32,""bottom"":32,""sourceScale"":2,""renderCapScale"":1,""minimumTargetWidth"":65,""minimumTargetHeight"":65}","false","{""text"":""none"",""numbers"":""none"",""barInterior"":""none"",""center"":""flat opaque"",""technical"":{""id"":""ui/frame_panel_light"",""sizes"":[[200,80],[600,400]],""allFourCornersEqual"":true,""cornerHashes"":[[""82ac516a673b4d01c95c46be5c7d2e1262d89ddc2f32d4471646d977ae1a52c3"",""b0a38284726c32dd84b04fecce3e274c37f623d34a7a7d35f4c0bd2238ea9722"",""422cc6213e1f605391e53cf089551c966499513e397529d407a56c0fcb47a9c0"",""af4824e83a2d3652a74c3c4041f380926396bc0010a5a475242c4af4e1d6feff""],[""82ac516a673b4d01c95c46be5c7d2e1262d89ddc2f32d4471646d977ae1a52c3"",""b0a38284726c32dd84b04fecce3e274c37f623d34a7a7d35f4c0bd2238ea9722"",""422cc6213e1f605391e53cf089551c966499513e397529d407a56c0fcb47a9c0"",""af4824e83a2d3652a74c3c4041f380926396bc0010a5a475242c4af4e1d6feff""]]}}"
"ui/frame_tooltip","candidate","assets/ui/frame_tooltip.png","128","128","very plain light parchment tooltip square single thin brown border, zero decoration","710f3ea26532b692f06ad63a61b0859d643a222f885d45c585e488cd93069dd2","{""tool"":""image_gen.imagegen"",""prompt"":""Edit the attached approved medieval game UI pilot into one production candidate asset. very plain light parchment tooltip square single thin brown border, zero decoration. Direction: 80% functionality 20% historical ornament. Warm muted parchment/oak palette. Much more restrained corners than reference: single line and at most one dot, no filigree, no leaves. Central reading area uniform and clean. Keep thin hand-painted ink feeling, no photorealism. No letters, no numbers, no text, no bar fill, no focus ring. Deliver ONE isolated asset, full canvas aspect 128:128, straight-on UI texture not perspective, no presentation board. Output intended 128x128. Edge details must be confined to 12px native edge strip; center must be almost flat. Panel fills whole canvas edge to edge, no exterior background or shadow."",""references"":[""references/astra-ui-p0-reference-files/pilot_assets/frame_panel_light.png""],""raw"":""sources/frames/frame_tooltip-prior-raw.png"",""rawOriginalPath"":""/Users/rexxa/Library/Application Support/orca/codex-accounts/54be5844-95fd-4c46-925c-75327ccd186a/home/generated_images/01a0d891-c550-7570-b4ac-306c284a3494/exec-3dcbcb76-127c-4467-9d0a-6d1fecf85e12.png"",""modelVersion"":null,""seed"":null}","""Byte-identical reuse of accepted P0 tooltip; original generation provenance retained.""","{""left"":12,""top"":12,""right"":12,""bottom"":12,""sourceScale"":2,""renderCapScale"":1,""minimumTargetWidth"":25,""minimumTargetHeight"":25}","true","{""text"":""none"",""numbers"":""none"",""barInterior"":""none"",""center"":""flat opaque"",""limitations"":"""",""technical"":{""id"":""ui/frame_tooltip"",""sizes"":[[200,80],[600,400]],""allFourCornersEqual"":true,""cornerHashes"":[[""cf918c643b6ac4293322ca87f4b9127a74ef69853b8de8f33db52081bb63a67e"",""1043f3fefe533fb40501074bad834dec15eef722d820bd4b96237e8b7f524e2c"",""f439754eb038d4f44cb9e036a8312ec36ea10f90ca5fbd1c10ba924f6c575d46"",""d79bb3b60a9e55d6d13689604baded7c721d22cf6a38bfa5bb3fb529f20e2714""],[""cf918c643b6ac4293322ca87f4b9127a74ef69853b8de8f33db52081bb63a67e"",""1043f3fefe533fb40501074bad834dec15eef722d820bd4b96237e8b7f524e2c"",""f439754eb038d4f44cb9e036a8312ec36ea10f90ca5fbd1c10ba924f6c575d46"",""d79bb3b60a9e55d6d13689604baded7c721d22cf6a38bfa5bb3fb529f20e2714""]]}}"
"ui/icon_cause_family_sheet","candidate","assets/ui/icon_cause_family_sheet.png","672","96","icon sheet","7118e25dc5e49abf5ab9898d7629022c208186d93273e992b4416b30ef5de34b","[{""prompt"":""Use case: precise-object-edit. One isolated transparent raster UI icon for medieval city-building game. Input image is style reference and replacement target. Replace this unclear tunic-shaped access icon entirely with a short winding earth ROAD visibly BLOCKED across its width by ONE horizontal fallen LOG. The dirt path visible both above and below log, 2 broad wheel ruts. Simple blocked road unmistakable at 24px. No shirt, no person, no hammer, no arrow needed. Preserve approved art language: matte hand-painted earth pigments, restrained desaturated warm beige/taupe/oak brown, very thin soft brown outer contour, simplified large readable shapes. C direction 80% functional clarity 20% period decoration. Genuine transparent alpha background, centered object fully visible, generous empty margins. No panel, no ground shadow, no glossy gold, no bright colors, no decorative flourishes. No letters or digits; only help badge may contain requested question mark. Output one square icon only."",""referencePaths"":[""sources/icons/access-input.png""],""rawPath"":""sources/icons/access-raw.png"",""tool"":""image_gen.imagegen"",""modelVersion"":null,""seed"":null},{""prompt"":""Use case: precise-object-edit. One isolated transparent raster UI icon for medieval city-building game. Input image is style reference and replacement target. Replace this hand-and-hammer icon with TWO medieval WORKERS heads and shoulders as simple distinct silhouettes side by side, accompanied by ONE large upright SPADE with visible broad iron blade. No hammer. Two worker heads clearly separate at 24px. Preserve approved art language: matte hand-painted earth pigments, restrained desaturated warm beige/taupe/oak brown, very thin soft brown outer contour, simplified large readable shapes. C direction 80% functional clarity 20% period decoration. Genuine transparent alpha background, centered object fully visible, generous empty margins. No panel, no ground shadow, no glossy gold, no bright colors, no decorative flourishes. No letters or digits; only help badge may contain requested question mark. Output one square icon only."",""referencePaths"":[""sources/icons/labor-input.png""],""rawPath"":""sources/icons/labor-raw.png"",""tool"":""image_gen.imagegen"",""modelVersion"":null,""seed"":null},{""prompt"":""Use case: precise-object-edit. One isolated transparent raster UI icon for medieval city-building game. Input image is style reference and replacement target. Replace this rolled scroll icon with a FOLDED FLAT parchment DOCUMENT with one dog-eared corner and ONE subdued reddish-brown wax SEAL near bottom right. Document is rectangular and planar with visibly folded flap, NOT a roll or scroll. No writing marks, no text, no letters. Preserve approved art language: matte hand-painted earth pigments, restrained desaturated warm beige/taupe/oak brown, very thin soft brown outer contour, simplified large readable shapes. C direction 80% functional clarity 20% period decoration. Genuine transparent alpha background, centered object fully visible, generous empty margins. No panel, no ground shadow, no glossy gold, no bright colors, no decorative flourishes. No letters or digits; only help badge may contain requested question mark. Output one square icon only."",""referencePaths"":[""sources/icons/rights-input.png""],""rawPath"":""sources/icons/rights-raw.png"",""tool"":""image_gen.imagegen"",""modelVersion"":null,""seed"":null}]","""Replace specified 96x96 cells only from alpha-bbox-cropped generated single icons, proportional Lanczos3 scaling to maximum84px, centered. Every non-target decoded RGBA cell byte-identical to P0. No recoloring or painting.""","{""cellSize"":96,""cellOrder"":[""water droplet"",""bread loaf"",""road junction"",""hand holding tool"",""storage crate"",""protective shield"",""sealed parchment""]}","false","{""status"":""candidate"",""registration"":[{""id"":""access"",""index"":2,""sourceCrop"":[263,227,759,816],""destination"":[9,6,78,84]},{""id"":""labor"",""index"":3,""sourceCrop"":[132,180,990,925],""destination"":[6,9,84,78]},{""id"":""rights"",""index"":6,""sourceCrop"":[217,153,838,959],""destination"":[11,6,73,84]}],""cellChecks"":[{""cell"":0,""changed"":false,""decodedRGBAIdentical"":true,""oldSHA256"":""3b8f0b46fa56c46d73c0191ad7c2074b91e756746032890736aada9423ede0b9"",""newSHA256"":""3b8f0b46fa56c46d73c0191ad7c2074b91e756746032890736aada9423ede0b9""},{""cell"":1,""changed"":false,""decodedRGBAIdentical"":true,""oldSHA256"":""f3917ba21fa1c6bd7f229385e5bc80ef4c67c1c6b287bb3fcf67385e2e4f3ba8"",""newSHA256"":""f3917ba21fa1c6bd7f229385e5bc80ef4c67c1c6b287bb3fcf67385e2e4f3ba8""},{""cell"":2,""changed"":true,""decodedRGBAIdentical"":false,""oldSHA256"":""b899917f8f1258c7ccd91076f3acf7b22bea9a4790067396d6a5b6486730a009"",""newSHA256"":""c174146073368cdf056db741924f8fc34c91b782c166f87b6431180b34c021df""},{""cell"":3,""changed"":true,""decodedRGBAIdentical"":false,""oldSHA256"":""79252aecb46018f13e7a978f8d344c582b1cfc4b553aa8110b51dfdfe255d12d"",""newSHA256"":""e90d9680d3fab6ec3539c2c1dd6640f482fdc2e664f83264090e0019cbb4209b""},{""cell"":4,""changed"":false,""decodedRGBAIdentical"":true,""oldSHA256"":""e7916a6e6d770ac3d2f99e6cd66e559581548039814c1f457fa6170e35708ca5"",""newSHA256"":""e7916a6e6d770ac3d2f99e6cd66e559581548039814c1f457fa6170e35708ca5""},{""cell"":5,""changed"":false,""decodedRGBAIdentical"":true,""oldSHA256"":""4c083f5993fe05474fbdd3a58b4cf86d90d1487c679871d2440691c4591623c8"",""newSHA256"":""4c083f5993fe05474fbdd3a58b4cf86d90d1487c679871d2440691c4591623c8""},{""cell"":6,""changed"":true,""decodedRGBAIdentical"":false,""oldSHA256"":""3de490b3844ca14ea48f02a72d1870c67c305b9d20df8e6463b37d1903ba772a"",""newSHA256"":""7472fe29ae152812b21c1f42cda93f1538f08a7d471224d113c224944d26b588""}]}"
"ui/icon_objective_action_sheet","candidate","assets/ui/icon_objective_action_sheet.png","384","96","icon sheet","cab616da7a951a2d8070b381b98c4cc35490f11f0f658bd28fff27ddf26d50e7","[{""prompt"":""Use case: precise-object-edit. One isolated transparent raster UI icon for medieval city-building game. Input image is style reference and replacement target. Replace this hammer icon with an OPEN wooden DOOR seen frontally, door leaf clearly opened outward to one side exposing dark open doorway, and one simple broad parchment ARROW pointing through the opening toward the right. No hammer, hand, tool, house roof. Preserve approved art language: matte hand-painted earth pigments, restrained desaturated warm beige/taupe/oak brown, very thin soft brown outer contour, simplified large readable shapes. C direction 80% functional clarity 20% period decoration. Genuine transparent alpha background, centered object fully visible, generous empty margins. No panel, no ground shadow, no glossy gold, no bright colors, no decorative flourishes. No letters or digits; only help badge may contain requested question mark. Output one square icon only."",""referencePaths"":[""sources/icons/open-input.png""],""rawPath"":""sources/icons/open-raw.png"",""tool"":""image_gen.imagegen"",""modelVersion"":null,""seed"":null}]","""Replace specified 96x96 cells only from alpha-bbox-cropped generated single icons, proportional Lanczos3 scaling to maximum84px, centered. Every non-target decoded RGBA cell byte-identical to P0. No recoloring or painting.""","{""cellSize"":96,""cellOrder"":[""hammer tool"",""map with location pin"",""open blank book with candle"",""upward chevron""]}","false","{""status"":""candidate"",""registration"":[{""id"":""open"",""index"":0,""sourceCrop"":[211,159,857,941],""destination"":[9,6,77,84]}],""cellChecks"":[{""cell"":0,""changed"":true,""decodedRGBAIdentical"":false,""oldSHA256"":""e6e492472081c5e1a8a25ee777a4eb12286c6e57eecd09c8f24926bb39580c93"",""newSHA256"":""14c6fea94e3a379ac163659340cc8a2f68054226f8943c84940a9d998ce398b4""},{""cell"":1,""changed"":false,""decodedRGBAIdentical"":true,""oldSHA256"":""c8791eb56b378d5d571941e1dc5dba60f179ce538f18055d9f3c0aec686fe103"",""newSHA256"":""c8791eb56b378d5d571941e1dc5dba60f179ce538f18055d9f3c0aec686fe103""},{""cell"":2,""changed"":false,""decodedRGBAIdentical"":true,""oldSHA256"":""a76d3587a188ccb37ff70ab25837e4b60586a75abb07ecef4cc0fc67cafeb043"",""newSHA256"":""a76d3587a188ccb37ff70ab25837e4b60586a75abb07ecef4cc0fc67cafeb043""},{""cell"":3,""changed"":false,""decodedRGBAIdentical"":true,""oldSHA256"":""6ec223f999757ab0c8c1df82bd4fb13dd5b812aae70793609d6a3d7ca178b36f"",""newSHA256"":""6ec223f999757ab0c8c1df82bd4fb13dd5b812aae70793609d6a3d7ca178b36f""}]}"
"ui/icon_lock_new_sheet","candidate","assets/ui/icon_lock_new_sheet.png","288","96","icon sheet","5aba3e70085e414e87e56a58b2aa466d9fbc049558df25b6970889b065997892","[{""prompt"":""Use case: precise-object-edit. One isolated transparent raster UI icon for medieval city-building game. Input image is style reference and replacement target. Replace this open book icon with a ROUND parchment BADGE containing a large DARK BROWN QUESTION MARK ?. This exact punctuation ? is explicitly required. No book, no candle, no other text. Question mark clearly centered and readable at 24px. Preserve approved art language: matte hand-painted earth pigments, restrained desaturated warm beige/taupe/oak brown, very thin soft brown outer contour, simplified large readable shapes. C direction 80% functional clarity 20% period decoration. Genuine transparent alpha background, centered object fully visible, generous empty margins. No panel, no ground shadow, no glossy gold, no bright colors, no decorative flourishes. No letters or digits; only help badge may contain requested question mark. Output one square icon only."",""referencePaths"":[""sources/icons/help-input.png""],""rawPath"":""sources/icons/help-raw.png"",""tool"":""image_gen.imagegen"",""modelVersion"":null,""seed"":null}]","""Replace specified 96x96 cells only from alpha-bbox-cropped generated single icons, proportional Lanczos3 scaling to maximum84px, centered. Every non-target decoded RGBA cell byte-identical to P0. No recoloring or painting.""","{""cellSize"":96,""cellOrder"":[""padlock"",""four point spark"",""open blank book""]}","false","{""status"":""candidate"",""registration"":[{""id"":""help"",""index"":2,""sourceCrop"":[210,211,834,823],""destination"":[6,6,84,83]}],""cellChecks"":[{""cell"":0,""changed"":false,""decodedRGBAIdentical"":true,""oldSHA256"":""d19fbdfce86e553c5191c79abaea62e68220a91111c475bbfec035d4e9ecc8d9"",""newSHA256"":""d19fbdfce86e553c5191c79abaea62e68220a91111c475bbfec035d4e9ecc8d9""},{""cell"":1,""changed"":false,""decodedRGBAIdentical"":true,""oldSHA256"":""2a2e6b99652d4e800ebeb5cde5080cad9cfb57be614af3993fd91bf247b5a69d"",""newSHA256"":""2a2e6b99652d4e800ebeb5cde5080cad9cfb57be614af3993fd91bf247b5a69d""},{""cell"":2,""changed"":true,""decodedRGBAIdentical"":false,""oldSHA256"":""7d20dd82a7c49b4745a34c5a3deaebc70ea4a11230fe239537270b012f0657d4"",""newSHA256"":""0aba209ab8dd3e25bac7ec7b6e6861bb6cdddc6cd234939550dfeaedd1cc7f6c""}]}"
"ui/advisor_steward_portrait_neutral","candidate","assets/ui/advisor_steward_portrait_neutral.png","192","192","청지기 neutral","07f3c0b5566d8246947ed7be39874e98166471cc46aafcd33769e554deb06d73","[{""mode"":""reuse"",""prompt"":null,""reference"":""references/astra-ui-p0-rework-reference-files/advisor_steward_portrait_neutral.png"",""reason"":""Explicit keep instruction""}]","""Byte-identical copy of supplied accepted neutral""","{}","true","{""pixelSize"":""192×192"",""blind96px"":""pending independent observer"",""identity"":""Same man, clothing type, pose and light retained; facial expression is deliberately stronger""}"
"ui/advisor_steward_portrait_concern","candidate","assets/ui/advisor_steward_portrait_concern.png","192","192","청지기 concern","efcada518559d2dc09e0f3cb8ce6b24c968622e2625aa003a5a16ac2f79484e9","[{""id"":""concern"",""prompt"":""Use case: identity-preserve. Edit the supplied neutral steward portrait, same middle-aged bearded man, identical face identity, hair, brown medieval wool tunic, diagonal strap, belt buckle, pouch and keys, same shoulder and torso crop, same muted warm gray background, same left lighting and realistic painterly pixel-resolved portrait art. Output one square portrait, no lettering, no frame, no props added. It will be reduced to 192 and 96 pixels so facial expression must be unmistakable, substantially different from the reference, never just a tiny lip change. Keep costume and silhouette outside head unchanged. Change ONLY face expression and slight head angle to visibly WORRIED / CONCERNED: inner ends of both eyebrows distinctly raised toward forehead and pinched together, clear vertical forehead furrow, eyes downcast and worried, head tipped modestly downward, mouth FIRMLY CLOSED with strongly downturned corners. He looks genuinely troubled by bad news, not angry, not neutral, no smile. Make the raised inner eyebrows and downturned lips read at literal 96px."",""reference"":""/Users/rexxa/github/feudal-lord-simulator/output/astra-ui-p0-rework-v1/references/astra-ui-p0-rework-reference-files/advisor_steward_portrait_neutral.png"",""outputHint"":""Generated images are saved to /Users/rexxa/Library/Application Support/orca/codex-accounts/54be5844-95fd-4c46-925c-75327ccd186a/home/generated_images/01a0d8b0-a4d2-7d02-9549-a5605be6a2b9 as /Users/rexxa/Library/Application Support/orca/codex-accounts/54be5844-95fd-4c46-925c-75327ccd186a/home/generated_images/01a0d8b0-a4d2-7d02-9549-a5605be6a2b9/exec-dcf00f23-2f64-4961-b938-f60ae73c0cb0.png by default.\nIf you need to use a generated image at another path, copy it and leave the original in place unless the user explicitly asks you to delete it.\nThe generated image is already displayed to the user. There is no need to render it in the final response as a Markdown image or file link."",""mode"":""builtin image_gen edit"",""model"":""not provided"",""seed"":""not provided"",""raw"":""sources/portraits/concern-raw.png""}]","""Builtin identity-preserving edit, full square downsample to 192×192, no crop or retouch""","{}","false","{""pixelSize"":""192×192"",""blind96px"":""pending independent observer"",""identity"":""Same man, clothing type, pose and light retained; facial expression is deliberately stronger""}"
"ui/advisor_steward_portrait_success","candidate","assets/ui/advisor_steward_portrait_success.png","192","192","청지기 success","688f1811c251f1c5a894ac6912b83345c37aa19d2190bc05c5d577e963cfd409","[{""id"":""success"",""prompt"":""Use case: identity-preserve. Edit the supplied neutral steward portrait, same middle-aged bearded man, identical face identity, hair, brown medieval wool tunic, diagonal strap, belt buckle, pouch and keys, same shoulder and torso crop, same muted warm gray background, same left lighting and realistic painterly pixel-resolved portrait art. Output one square portrait, no lettering, no frame, no props added. It will be reduced to 192 and 96 pixels so facial expression must be unmistakable, substantially different from the reference, never just a tiny lip change. Keep costume and silhouette outside head unchanged. Change ONLY face expression and slight head angle to visibly HAPPY SUCCESS: head lifted slightly upward, both eyes smiling and narrowed, cheeks raised, broad clearly OPEN-MOUTH SMILE with a modest visible row of upper teeth and dark open mouth. A warmly delighted relieved expression unmistakable at literal 96px. Do not settle for a closed-mouth slight grin; the mouth must be visibly open. No laughing caricature, same realistic painted man."",""reference"":""/Users/rexxa/github/feudal-lord-simulator/output/astra-ui-p0-rework-v1/references/astra-ui-p0-rework-reference-files/advisor_steward_portrait_neutral.png"",""outputHint"":""Generated images are saved to /Users/rexxa/Library/Application Support/orca/codex-accounts/54be5844-95fd-4c46-925c-75327ccd186a/home/generated_images/01a0d8b0-a4d2-7d02-9549-a5605be6a2b9 as /Users/rexxa/Library/Application Support/orca/codex-accounts/54be5844-95fd-4c46-925c-75327ccd186a/home/generated_images/01a0d8b0-a4d2-7d02-9549-a5605be6a2b9/exec-d07c0fc5-5b16-479c-ac1f-e2a5b3f3cef2.png by default.\nIf you need to use a generated image at another path, copy it and leave the original in place unless the user explicitly asks you to delete it.\nThe generated image is already displayed to the user. There is no need to render it in the final response as a Markdown image or file link."",""mode"":""builtin image_gen edit"",""model"":""not provided"",""seed"":""not provided"",""raw"":""sources/portraits/success-raw.png""}]","""Builtin identity-preserving edit, full square downsample to 192×192, no crop or retouch""","{}","false","{""pixelSize"":""192×192"",""blind96px"":""pending independent observer"",""identity"":""Same man, clothing type, pose and light retained; facial expression is deliberately stronger""}"
